<window id="1">
	<defaultcontrol always="true">50</defaultcontrol>
	<allowoverlay>no</allowoverlay>
	<views>50,509,501,504</views>
	<controls>
		<include>CommonProgramsBackground</include>

    <control type="button" id="7000">
      <texturefocus>-</texturefocus>
      <texturenofocus>-</texturenofocus>
      <onfocus>SetFocus(2)</onfocus>
    </control>
    <control type="group">
      <include>Animation_OpenCloseZoom</include>
      <visible>Control.IsVisible(501)|Control.IsVisible(509)</visible>
      <include>Furniture_Showcase</include>
    </control>
    <control type="group">
			<include>Animation_OpenCloseZoom</include>		
			<include>CommonRootView</include> <!-- view id = 50 -->
			<include>ShowcaseQuadrate</include> <!-- view id = 51 -->
			<include>Showcase</include>       <!-- view id = 500 -->

			<include>ShowcaseDVD</include>
        <!-- view id = 550 -->
		</control>
		<include>ScrollOffsetLabel</include>
    <include>Media_Menu</include>
    <include condition="Skin.HasSetting(breadcrumb)">Breadcrumbs</include>
    <include condition="Skin.HasSetting(globaltime)">Furniture_Clock</include>
    <include>Furniture_NowPlayingWidget</include>
	</controls>
</window>
