<window>
	<allowoverlay>no</allowoverlay>
	<coordinates>
		<system>1</system>
    <posx>240</posx>
    <posy>115</posy>
  </coordinates>
	<animation type="WindowOpen" reversible="false">
		<effect type="zoom" start="80" end="100" center="640,360" easing="out" tween="back" time="300" />
		<effect type="fade" start="0" end="100" time="300" />
	</animation>
	<animation type="WindowClose" reversible="false">
		<effect type="zoom" start="100" end="80" center="640,360" easing="in" tween="back" time="300" />
		<effect type="fade" start="100" end="0" time="300" />
	</animation>
	<controls>
		<control type="group" id="250">
		<animation type="Conditional" condition="Control.HasFocus(150)" reversible="true">
			<effect type="slide" end="-60,0" time="400" />
		</animation>
      <control type="image">
        <description>background image</description>
        <posx>0</posx>
        <posy>0</posy>
        <width>800</width>
        <height>491</height>
        <texture>osd/osd_settings_back.png</texture>
      </control>

        <control type="image">
            <posx>798</posx>
            <posy>215</posy>
            <width>32</width>
            <height>24</height>
            <texture>subtitles/nav-right.png</texture>
        </control> 
	<!-- ** Required ** Do not change <id>or<type>-->
		<control type="group">
			<posx>0</posx>
			<posy>0</posy>
			<control type="image" id="110">
				<description>Service Logo</description>
				<posx>20</posx>
				<posy>18</posy>
				<width>230</width>
				<height>40</height>
				<aspectratio>keep</aspectratio>
			</control>		
			<control type="label">
				<description>XBMC Subtitles label</description>
				<posx>0</posx>
				<posy>28</posy>
				<width>800</width>
				<height>20</height>
				<label>[B]XBMC SUBTITLES[/B]</label>
				<font>Font_Reg20</font>
				<align>center</align>
				<textcolor>grey2</textcolor>
				<shadowcolor>AA000000</shadowcolor>
			</control>
			<control type="group" id="111">
				<control type="grouplist">
					<posx>460</posx>
					<posy>16</posy>
					<width>305</width>
					<height>40</height>
					<align>right</align>
					<orientation>horizontal</orientation>
					<itemgap>5</itemgap>
					<control type="image">
						<width>40</width>
						<height>40</height>
						<texture>subtitles/default_icon_info.png</texture>
					</control>
					<control type="label">
						<description>notification</description>
						<width min="10" max="260">auto</width>
						<height>40</height>
						<font>Font_Reg20</font>
						<textcolor>FFFFFFFF</textcolor>
						<label>$LOCALIZE[SCRIPT655]</label>
						<aligny>center</aligny>
						<wrapmultiline>true</wrapmultiline>
					</control>
				</control>
			</control>
			<control type="image">
				<description>separator</description>
				<posx>20</posx>
				<posy>60</posy>
				<width>760</width>
				<height>1</height>
				<texture>home/nowplaying/nowplayline.png</texture>
				<colordiffuse>AAFFFFFF</colordiffuse>
			</control>
			<control type="label" id="100">
				<description>textarea</description>
				<posx>0</posx>
				<posy>60</posy>
				<width>800</width>
				<height>40</height>
				<font>Font_Reg20</font>
				<textcolor>FFFFFFFF</textcolor>
				<align>center</align>
				<aligny>center</aligny>
				<wrapmultiline>true</wrapmultiline>
			</control>
			<control type="image">
				<description>separator</description>
				<posx>20</posx>
				<posy>100</posy>
				<width>760</width>
				<height>1</height>
        <texture>home/nowplaying/nowplayline.png</texture>
        <colordiffuse>AAFFFFFF</colordiffuse>
			</control>
		</control>
	<!-- ** Required ** Do not change <id>or<type>-->
		<control type="list" id="120">
			<posx>14</posx>
			<posy>110</posy>
			<width>772</width>
			<height>370</height>
			<onleft>150</onleft>
			<onright>150</onright>
			<onup>120</onup>
			<ondown>120</ondown>
			<viewtype label="535">list</viewtype>
			<pagecontrol>121</pagecontrol>
			<scrolltime>200</scrolltime>
			<itemlayout width="780" height="36">
				<control type="image">
					<posx>0</posx>
					<posy>35</posy>
					<width>780</width>
					<height>1</height>
          <texture>views/listpanel_line.png</texture>
        </control>
				<control type="image">
					<posx>5</posx>
					<posy>11</posy>
					<width>26</width>
					<height>17</height>
					<texture>subtitles/$INFO[Listitem.Thumb]</texture>
				</control>
				<control type="label">
					<posx>40</posx>
					<posy>0</posy>
					<width>90</width>
					<height>38</height>
					<font>Font_Reg17</font>
					<aligny>center</aligny>
					<textcolor>white</textcolor>
					<selectedcolor>green</selectedcolor>
					<align>left</align>
					<info>ListItem.Label</info>
				</control>
				<control type="image">
					<posx>135</posx>
					<posy>13</posy>
					<width>40</width>
					<height>12</height>
					<texture>subtitles/icon_sync.png</texture>
					<visible>ListItem.property(sync)</visible>
				</control>
				<control type="label">
					<posx>180</posx>
					<posy>0</posy>
					<width>500</width>
					<height>38</height>
					<font>Font_Reg17</font>
					<aligny>center</aligny>
					<textcolor>white</textcolor>
					<selectedcolor>green</selectedcolor>
					<align>left</align>
					<info>ListItem.Label2</info>
				</control>
				<control type="image">
					<posx>680</posx>
					<posy>11</posy>
					<width>90</width>
					<height>17</height>
					<texture>stars/$INFO[ListItem.ActualIcon].png</texture>
				</control>
			</itemlayout>
			<focusedlayout width="780" height="36">
        <control type="image">
          <posx>0</posx>
          <posy>35</posy>
          <width>780</width>
          <height>1</height>
          <texture>views/listpanel_line.png</texture>
        </control>
				<control type="image">
					<posx>0</posx>
					<posy>0</posy>
					<width>780</width>
					<height>38</height>
          <texture>views/listpanel_selectbar.png</texture>
          <visible>Control.HasFocus(120)</visible>
				</control>
				<control type="image">
					<posx>5</posx>
					<posy>11</posy>
					<width>26</width>
					<height>17</height>
          <texture>subtitles/$INFO[Listitem.Thumb]</texture>
        </control>
				<control type="label">
					<posx>40</posx>
					<posy>0</posy>
					<width>90</width>
					<height>38</height>
					<font>Font_Reg17</font>
					<aligny>center</aligny>
          <include>listcolorfocus</include>
					<align>left</align>
					<info>ListItem.Label</info>
				</control>
				<control type="image">
					<posx>135</posx>
					<posy>13</posy>
					<width>40</width>
					<height>12</height>
					<texture>subtitles/icon_sync.png</texture>
					<visible>ListItem.property(sync)</visible>
					<colordiffuse>white</colordiffuse>
				</control>
				<control type="label">
					<posx>180</posx>
					<posy>0</posy>
					<width>500</width>
					<height>38</height>
					<font>Font_Reg17</font>
					<aligny>center</aligny>
          <include>listcolorfocus</include>
          <align>left</align>
					<info>ListItem.Label2</info>
				</control>
				<control type="image">
					<posx>680</posx>
					<posy>11</posy>
					<width>90</width>
					<height>17</height>
					<texture>stars/$INFO[ListItem.ActualIcon].png</texture>
          <colordiffuse>ff2e2e2e</colordiffuse>
        </control>
			</focusedlayout>
		  </control>
		</control>
		<control type="group" id="250">
			<animation effect="slide" start="0,0" end="-260,0" time="400" reversible="true" condition="Control.HasFocus(150) | Control.HasFocus(122)">Conditional</animation>
			<control type="image">
				<description>background image</description>
				<posx>1025</posx>
				<posy>115</posy>
				<width>294</width>
				<height>308</height>
				<texture flipy="true">keyboard/numeric_back.png</texture>
			</control>
			<control type="label">
				<description>XBMC Subtitles label</description>
				<posx>1025</posx>
				<posy>150</posy>
				<width>294</width>
				<height>20</height>
				<label>[B]$LOCALIZE[SCRIPT760][/B]</label>
				<font>Font_Info</font>
				<align>center</align>
				<textcolor>grey2</textcolor>
				<shadowcolor>AA000000</shadowcolor>
			</control>
			<control type="image">
				<description>separator</description>
				<posx>1300</posx>
				<posy>185</posy>
				<width>240</width>
				<height>1</height>
        <texture>home/nowplaying/nowplayline.png</texture>
        <colordiffuse>AAFFFFFF</colordiffuse>
      </control>
			<control type="list" id="150">
				<posx>1055</posx>
				<posy>190</posy>
				<width>250</width>
				<height>364</height>
				<onleft>120</onleft>
				<onright>120</onright>
				<onup>150</onup>
				<ondown>150</ondown>
				<viewtype label="535">list</viewtype>
				<scrolltime>200</scrolltime>
				<itemlayout width="400" height="36">
					<control type="image">
						<posx>0</posx>
						<posy>35</posy>
						<width>230</width>
						<height>1</height>
            <texture>views/listpanel_line.png</texture>
          </control>
					<control type="label">
						<posx>20</posx>
						<posy>0</posy>
						<width>230</width>
						<height>38</height>
						<font>Font_Reg17</font>
						<aligny>center</aligny>
						<textcolor>white</textcolor>
						<selectedcolor>green</selectedcolor>
						<align>left</align>
						<info>ListItem.Label</info>
						<visible>!ListItem.property(man)</visible>
					</control>
					<control type="label">
						<posx>20</posx>
						<posy>0</posy>
						<width>230</width>
						<height>38</height>
						<font>font10</font>
						<aligny>center</aligny>
						<textcolor>FF009CFF</textcolor>
						<selectedcolor>green</selectedcolor>
						<align>left</align>
						<info>ListItem.Label</info>
						<visible>ListItem.property(man)</visible>
					</control>
				</itemlayout>
				<focusedlayout width="400" height="36">
					<control type="image">
						<posx>0</posx>
						<posy>35</posy>
						<width>230</width>
						<height>1</height>
            <texture>views/listpanel_line.png</texture>
          </control>
					<control type="image">
						<posx>0</posx>
						<posy>0</posy>
						<width>230</width>
						<height>38</height>
            <texture>views/listpanel_selectbar.png</texture>
            <visible>Control.HasFocus(150)</visible>
					</control>
					<control type="label">
						<posx>20</posx>
						<posy>0</posy>
						<width>230</width>
						<height>38</height>
						<font>Font_Reg17</font>
						<aligny>center</aligny>
            <include>listcolorfocus</include>						
            <align>left</align>
						<info>ListItem.Label</info>
						<visible>!ListItem.property(man)</visible>
					</control>
					<control type="label">
						<posx>20</posx>
						<posy>0</posy>
						<width>230</width>
						<height>38</height>
						<font>font10</font>
						<aligny>center</aligny>
            <include>listcolorfocus</include>
            <align>left</align>
						<info>ListItem.Label</info>
						<visible>ListItem.property(man)</visible>
					</control>
				</focusedlayout>
			</control>
		</control>
  		<control type="spincontrol" id="121">
			<description>Next page button</description>
			<posx>990</posx>
			<posy>575</posy>
			<width>20</width>
			<height>20</height>
			<font>Font_Reg20</font>
			<align>right</align>
			<subtype>page</subtype>
			<textcolor>FFFFFFFF</textcolor>
			<onleft>120</onleft>
			<onright>120</onright>
			<ondown>120</ondown>
			<onup>120</onup>
			<textoffsetx>10</textoffsetx>
			<textureup>default-scroll-up.png</textureup>
			<texturedown>default-scroll-down.png</texturedown>
			<textureupfocus>default-scroll-up-focus.png</textureupfocus>
			<texturedownfocus>default-scroll-down-focus.png</texturedownfocus>
			<showonepage>false</showonepage>
			<visible>Control.IsVisible(120)</visible>
		</control>
	</controls>
</window>
