<window id="2006">
  <allowoverlay>no</allowoverlay>
  <controls>
    <control type="image">
      <posx>0</posx>
      <posy>0</posy>
      <width>1280</width>
      <height>720</height>
      <texture>$INFO[MusicPlayer.Property(Fanart_Image)]</texture>
      <include>Animation_VisibleChange400</include>
      <include>Animation_OpenCloseZoom</include>
      <visible>!Skin.HasSetting(albumlevelfanart)</visible>
      <animation effect="zoom" start="110" end="130" center="auto" time="15000" tween="cubic" easing="inout" pulse="true" condition="Skin.HasSetting(animation_bg)">Conditional</animation>
      <animation effect="slide" start="-10,-10" end="10,10" time="7000" tween="cubic" easing="inout" pulse="true" condition="Skin.HasSetting(animation_bg)">Conditional</animation>
    </control>
    <control type="image">
      <posx>0</posx>
      <posy>0</posy>
      <width>1280</width>
      <height>720</height>
      <texture>$INFO[Player.FolderPath]fanart.jpg</texture>
      <include>Animation_VisibleChange400</include>
      <include>Animation_OpenCloseZoom</include>
      <visible>Skin.HasSetting(albumlevelfanart)</visible>
      <animation effect="zoom" start="110" end="130" center="auto" time="15000" tween="cubic" easing="inout" pulse="true" condition="Skin.HasSetting(animation_bg)">Conditional</animation>
      <animation effect="slide" start="-10,-10" end="10,10" time="7000" tween="cubic" easing="inout" pulse="true" condition="Skin.HasSetting(animation_bg)">Conditional</animation>
    </control>
    <control type="visualisation" id="2">
      <description>visualisation</description>
      <posx>0</posx>
      <posy>0</posy>
      <width>1280</width>
      <height>720</height>
    </control>
   
    <control type="group">
      <posx>0</posx>
      <posy>0</posy>
      <width>1280</width>
      <height>48</height>
      <visible>Player.ShowInfo + !Skin.HasSetting(osdbigtop) + !Window.IsActive(120)</visible>
      <animation type="Visible">
        <effect type="fade" time="400" start="0" end="100" />
        <effect type="slide" time="400" start="0,-48" end="0,0" easing="out" tween="cubic" />
      </animation>
      <animation type="Hidden">
        <effect type="fade" time="400" start="100" end="0" />
        <effect type="slide" time="400" start="0,0" end="0,-48" easing="in" tween="cubic" />
      </animation>
      <animation type="WindowOpen">
        <effect type="fade" time="400" start="0" end="100" />
        <effect type="slide" time="400" start="0,-48" end="0,0" easing="out" tween="cubic" />
      </animation>
      <animation type="WindowClose">
        <effect type="fade" time="400" start="100" end="0" />
        <effect type="slide" time="400" start="0,0" end="0,-48" easing="in" tween="cubic" />
      </animation>
      <control type="image">
        <posx>0</posx>
        <posy>0</posy>
        <width>1280</width>
        <height>48</height>
        <texture flipy="true">osd/osd_back.png</texture>
        <visible>Player.HasAudio</visible>
      </control>

      <control type="label">
        <posx>20</posx>
        <posy>0</posy>
        <width>640</width>
        <height>48</height>
        <aligny>center</aligny>
        <font>Font_Info</font>
        <label>[COLOR AAa7a4a4]$LOCALIZE[31700][/COLOR][COLOR AAFFFFFF] $INFO[MusicPlayer.Codec] [/COLOR][COLOR AAa7a4a4]$LOCALIZE[31701][/COLOR][COLOR AAFFFFFF] $INFO[MusicPlayer.BitRate,,KPS][/COLOR] [COLOR AAa7a4a4]$LOCALIZE[31702][/COLOR][COLOR AAFFFFFF] $INFO[MusicPlayer.SampleRate,,KHZ] [COLOR AAa7a4a4]$LOCALIZE[31703][/COLOR][COLOR AAFFFFFF] $INFO[MusicPlayer.Channels][/COLOR]</label>
      </control>

      <control type="label">
        <posx>1260</posx>
        <posy>0</posy>
        <width>600</width>
        <height>48</height>
        <align>right</align>
        <aligny>center</aligny>
        <font>Font_Info</font>
        <label>[UPPERCASE][COLOR AAa7a4a4]$LOCALIZE[209] :[/COLOR][COLOR AAFFFFFF] $INFO[MusicPlayer.Offset(1).Title] [/COLOR][/UPPERCASE]</label>
      </control>
    </control>

    <control type="group">
      <posx>0</posx>
      <posy>0</posy>
      <width>1280</width>
      <height>134</height>
      <visible>Player.ShowInfo + Skin.HasSetting(osdbigtop) + !Window.IsActive(120)</visible>
      <animation type="Visible">
        <effect type="fade" time="400" start="0" end="100" />
        <effect type="slide" time="400" start="0,-134" end="0,0" easing="out" tween="cubic" />
      </animation>
      <animation type="Hidden">
        <effect type="fade" time="400" start="100" end="0" />
        <effect type="slide" time="400" start="0,0" end="0,-134" easing="in" tween="cubic" />
      </animation>
      <animation type="WindowOpen">
        <effect type="fade" time="400" start="0" end="100" />
        <effect type="slide" time="400" start="0,-134" end="0,0" easing="out" tween="cubic" />
      </animation>
      <animation type="WindowClose">
        <effect type="fade" time="400" start="100" end="0" />
        <effect type="slide" time="400" start="0,0" end="0,-134" easing="in" tween="cubic" />
      </animation>
      <control type="image">
        <posx>0</posx>
        <posy>0</posy>
        <width>1280</width>
        <height>134</height>
        <texture flipy="true">osd/osd_back.png</texture>
        <visible>Player.HasAudio</visible>
      </control>

      <control type="label">
        <posx>20</posx>
        <posy>0</posy>
        <width>600</width>
        <height>134</height>
        <aligny>center</aligny>
        <font>Font_Info</font>
        <label>[COLOR AAa7a4a4]$LOCALIZE[31713][/COLOR][COLOR AAFFFFFF] $INFO[MusicPlayer.PlayListLength][/COLOR][CR][COLOR AAa7a4a4]$LOCALIZE[31714][/COLOR][COLOR AAFFFFFF] $INFO[MusicPlayer.PlayListPosition][/COLOR][CR][COLOR AAa7a4a4]$LOCALIZE[31700][/COLOR][COLOR AAFFFFFF] $INFO[MusicPlayer.Codec][CR][COLOR AAa7a4a4]$LOCALIZE[31701][/COLOR][COLOR AAFFFFFF] $INFO[MusicPlayer.BitRate,, KPS][/COLOR]</label>
      </control>

      <control type="label">
        <posx>1260</posx>
        <posy>0</posy>
        <width>600</width>
        <height>134</height>
        <align>right</align>
        <aligny>center</aligny>
        <font>Font_Info</font>
        <label>[UPPERCASE][COLOR AAa7a4a4]$LOCALIZE[210]: [/COLOR][CR][COLOR AAFFFFFF] $INFO[MusicPlayer.Offset(-1).Title][/COLOR] [CR] [COLOR AAa7a4a4]$LOCALIZE[209]: [/COLOR][CR][COLOR AAFFFFFF] $INFO[MusicPlayer.Offset(1).Title][/COLOR][/UPPERCASE]</label>
      </control>

      <control type="image">
        <posx>587</posx>
        <posy>12</posy>
        <width>108</width>
        <height>108</height>
        <aspectratio scaledifuuse="false">stretch</aspectratio>
        <texture diffuse="thumbs/cdcover_mask.png">$INFO[MusicPlayer.Cover]</texture>
        <bordertexture border="-5">thumbs/cd_shadow.png</bordertexture>
      </control>
    </control>

    <control type="group">
      <posx>0</posx>
      <posy>569</posy>
      <width>1280</width>
      <height>151</height>
      <visible>Player.ShowInfo + !Window.IsActive(120)</visible>
      <animation type="Visible">
        <effect type="fade" time="400" start="0" end="100" />
        <effect type="slide" time="400" start="0,151" end="0,0" easing="out" tween="cubic" />
      </animation>
      <animation type="Hidden">
        <effect type="fade" time="400" start="100" end="0" />
        <effect type="slide" time="400" start="0,0" end="0,151" easing="in" tween="cubic" />
      </animation>
      <animation type="WindowOpen">
        <effect type="fade" time="400" start="0" end="100" />
        <effect type="slide" time="400" start="0,151" end="0,0" easing="out" tween="cubic" />
      </animation>
      <animation type="WindowClose">
        <effect type="fade" time="400" start="100" end="0" />
        <effect type="slide" time="400" start="0,0" end="0,151" easing="in" tween="cubic" />
      </animation>

      <control type="progress">
        <description>Progressbar</description>
        <posx>0</posx>
        <posy>8</posy>
        <width>1280</width>
        <height>145</height>
        <info>Player.Progress</info>
        <texturebg>osd/osd_progress_clear.png</texturebg>
        <lefttexture>-</lefttexture>
        <midtexture>osd/osd_progressmid.png</midtexture>
        <righttexture>-</righttexture>
        <overlaytexture>-</overlaytexture>
        <include>Animation_CommonFade</include>
      </control>

      <control type="image">
        <posx>0</posx>
        <posy>0</posy>
        <width>1280</width>
        <height>151</height>
        <texture>osd/osd_back.png</texture>
        <visible>Player.HasAudio</visible>
      </control>

      <control type="label">
        <posx>0</posx>
        <posy>45</posy>
        <width>1280</width>
        <height>30</height>
        <align>center</align>
        <aligny>center</aligny>
        <font>Font_Reg24</font>
        <label>[UPPERCASE][COLOR 91FFFFFF]$INFO[MusicPlayer.Artist][/COLOR] [COLOR AA777777]$INFO[MusicPlayer.Album][/COLOR][/UPPERCASE]</label>
        <animation effect="slide" start="0,0" end="0,-12" time="200" condition="Control.IsVisible(212)">Conditional</animation>
      </control>

      <control type="label">
        <posx>0</posx>
        <posy>75</posy>
        <width>1280</width>
        <height>30</height>
        <align>center</align>
        <aligny>center</aligny>
        <font>Font_ShowcaseMainLabel2</font>
        <label>[COLOR FFFFFFFF][UPPERCASE]$INFO[MusicPlayer.Title][/UPPERCASE][/COLOR]</label>
        <animation effect="slide" start="0,0" end="0,-12" time="200" condition="Control.IsVisible(212)">Conditional</animation>
      </control>

      <control type="label" id="212">
        <posx>0</posx>
        <posy>95</posy>
        <width>1280</width>
        <height>30</height>
        <align>center</align>
        <aligny>center</aligny>
        <visible>Player.HasAudio</visible>
        <font>Font_Reg24</font>
        <label>[COLOR 91FFFFFF]$INFO[MusicPlayer.Time] / $INFO[MusicPlayer.Duration][/COLOR]</label>
      </control>

    </control>

  </controls>
</window>
