<window id="501">
	<defaultcontrol always="true">50</defaultcontrol>
	<allowoverlay>no</allowoverlay>
	<views>50,509,550,500,506</views>
	<controls>
    <include>CommonMusicBackground</include>
    <control type="group">
			<include>Animation_OpenCloseZoom</include>		
			<include>CommonRootView</include> <!-- view id = 50 -->
			<include>AlbumWrapView2_Fanart</include><!-- view id = 51 --><!--
			<include>ThumbnailView</include> --><!-- view id = 500 --><!--
			<include>MusicInfoListView</include> --><!-- view id = 506 --><!--
			<include>AddonInfoListView1</include> --><!-- view id = 550 -->
		</control>
		<include>ScrollOffsetLabel</include>
    <include>Media_Menu</include>
    <include>Furniture_NowPlayingWidget</include>
  </controls>
</window>
