<window id="1">
	<defaultcontrol always="true">50</defaultcontrol>
	<allowoverlay>no</allowoverlay>
	<views>50,509,501,504</views>
	<controls>
		<include>CommonProgramsBackground</include>

    <control type="button" id="7000">
      <texturefocus>-</texturefocus>
      <texturenofocus>-</texturenofocus>
      <onfocus>SetFocus(2)</onfocus>
    </control>
		<control type="group">
			<include>Animation_OpenCloseZoom</include>		
			<include>CommonRootView</include> <!-- view id = 50 -->
			<include>AlbumWrapView2_Fanart</include> <!-- view id = 51 -->
			<include>PosterWrapView</include>       <!-- view id = 500 -->

			<include>MediaListView2</include>
        <!-- view id = 550 -->
		</control>
		<include>ScrollOffsetLabel</include>
    <include>Media_Menu</include>
    <include>Furniture_NowPlayingWidget</include>
	</controls>
</window>
