<window id="7">
	<defaultcontrol always="true">95</defaultcontrol>
	<allowoverlay>no</allowoverlay>
	<controls>

    <include>CommonSettingsBackground</include>


    <control type="group">
      <include>Animation_OpenCloseZoom</include>

			<control type="image">
				<description>background image</description>
				<posx>23</posx>
				<posy>23</posy>
				<width>1233</width>
				<height>673</height>
				<texture>settings/settings_panelback.png</texture>
			</control>
			<control type="grouplist" id="9000">
				<posx>42</posx>
				<posy>65</posy>
				<width>217</width>
				<height>720</height>
				<onup>9000</onup>
				<ondown>9000</ondown>
				<control type="button" id="95">
					<description>Button Summary Values</description>
					<posx>0</posx>
					<posy>0</posy>
					<width>216</width>
					<height>58</height>
					<texturefocus>settings/settings_leftmenufocus.png</texturefocus>
					<texturenofocus>-</texturenofocus>
					<font>Font_Bold22</font>
					<textcolor>FFf5f5f5</textcolor>
					<focusedcolor>FF262728</focusedcolor>
					<selectedcolor>FF262728</selectedcolor>
					<textoffsety>12</textoffsety>
					<textoffsetx>30</textoffsetx>
					<aligny>center</aligny>
					<pulseonselect>no</pulseonselect>
					<label>20037</label>
				</control>
				<control type="button" id="94">
					<description>Button Storage</description>
					<posx>0</posx>
					<posy>0</posy>
					<width>216</width>
					<height>58</height>
					<texturefocus>settings/settings_leftmenufocus.png</texturefocus>
					<texturenofocus>-</texturenofocus>
					<font>Font_Bold22</font>
					<textcolor>FFf5f5f5</textcolor>
					<focusedcolor>FF262728</focusedcolor>
					<selectedcolor>FF262728</selectedcolor>
					<textoffsety>12</textoffsety>
					<textoffsetx>30</textoffsetx>
          <aligny>center</aligny>
          <pulseonselect>no</pulseonselect>
					<label>13277</label>
				</control>
				<control type="button" id="96">
					<description>Button Network</description>
					<posx>0</posx>
					<posy>0</posy>
					<width>216</width>
					<height>58</height>
					<texturefocus>settings/settings_leftmenufocus.png</texturefocus>
					<texturenofocus>-</texturenofocus>
					<font>Font_Bold22</font>
					<textcolor>FFf5f5f5</textcolor>
					<focusedcolor>FF262728</focusedcolor>
					<selectedcolor>FF262728</selectedcolor>
					<textoffsety>12</textoffsety>
					<textoffsetx>30</textoffsetx>
          <aligny>center</aligny>
          <pulseonselect>no</pulseonselect>
					<label>13279</label>
				</control>
				<control type="button" id="97">
					<description>Button Video</description>
					<posx>0</posx>
					<posy>0</posy>
					<width>216</width>
					<height>58</height>
					<texturefocus>settings/settings_leftmenufocus.png</texturefocus>
					<texturenofocus>-</texturenofocus>
					<font>Font_Bold22</font>
					<textcolor>FFf5f5f5</textcolor>
					<focusedcolor>FF262728</focusedcolor>
					<selectedcolor>FF262728</selectedcolor>
					<textoffsety>12</textoffsety>
					<textoffsetx>30</textoffsetx>
          <aligny>center</aligny>
          <pulseonselect>no</pulseonselect>
					<label>13280</label>
				</control>
				<control type="button" id="98">
					<description>Button Hardware</description>
					<posx>0</posx>
					<posy>0</posy>
					<width>216</width>
					<height>58</height>
					<texturefocus>settings/settings_leftmenufocus.png</texturefocus>
					<texturenofocus>-</texturenofocus>
					<font>Font_Bold22</font>
					<textcolor>FFf5f5f5</textcolor>
					<focusedcolor>FF262728</focusedcolor>
					<selectedcolor>FF262728</selectedcolor>
					<textoffsety>12</textoffsety>
					<textoffsetx>30</textoffsetx>
          <aligny>center</aligny>
          <pulseonselect>no</pulseonselect>
					<label>13281</label>
				</control>
			</control>
			
			
			
			<control type="group">
				<posx>290</posx>
				<posy>130</posy>
				<control type="label" id="2">
					<description>Label 2</description>
					<posx>0</posx>
					<posy>0</posy>
					<width>750</width>
					<label>-</label>
					<font>Font_Reg18</font>
					<textcolor>FF939597</textcolor>
				</control>
				<control type="label" id="3">
					<description>Label 3</description>
					<posx>0</posx>
					<posy>35</posy>
					<width>750</width>
					<label>-</label>
					<font>Font_Reg18</font>
					<textcolor>FF939597</textcolor>
				</control>
				<control type="label" id="4">
					<description>Label 4</description>
					<posx>0</posx>
					<posy>70</posy>
					<width>750</width>
					<label>-</label>
					<font>Font_Reg18</font>
					<textcolor>FF939597</textcolor>
				</control>
				<control type="label" id="5">
					<description>Label 5</description>
					<posx>0</posx>
					<posy>105</posy>
					<width>750</width>
					<label>-</label>
					<font>Font_Reg18</font>
					<textcolor>FF939597</textcolor>
				</control>
				<control type="label" id="6">
					<description>Label 6</description>
					<posx>0</posx>
					<posy>140</posy>
					<width>750</width>
					<label>-</label>
					<font>Font_Reg18</font>
					<textcolor>FF939597</textcolor>
				</control>
				<control type="label" id="7">
					<description>Label 7</description>
					<posx>0</posx>
					<posy>175</posy>
					<width>750</width>
					<label>-</label>
					<font>Font_Reg18</font>
					<textcolor>FF939597</textcolor>
				</control>
				<control type="label" id="8">
					<description>Label 8</description>
					<posx>0</posx>
					<posy>210</posy>
					<width>750</width>
					<label>-</label>
					<font>Font_Reg18</font>
					<textcolor>FF939597</textcolor>
				</control>
				<control type="label" id="9">
					<description>Label 9</description>
					<posx>0</posx>
					<posy>245</posy>
					<width>750</width>
					<label>-</label>
					<font>Font_Reg18</font>
					<textcolor>FF939597</textcolor>
				</control>
				<control type="label" id="10">
					<description>Label 10</description>
					<posx>0</posx>
					<posy>280</posy>
					<width>750</width>
					<label>-</label>
					<font>Font_Reg18</font>
					<textcolor>FF939597</textcolor>
				</control>
				<control type="label" id="11">
					<description>Label 11</description>
					<posx>0</posx>
					<posy>315</posy>
					<width>750</width>
					<label>-</label>
					<font>Font_Reg18</font>
					<textcolor>FF939597</textcolor>
				</control>
				<control type="label" id="52">
					<description>XBMC XBE BUILD Version</description>
					<posx>0</posx>
					<posy>400</posy>
					<width>700</width>
					<label>144</label>
					<textcolor>9b3cd2fd</textcolor>
					<font>Font_Reg18</font>
				</control>
				<control type="label" id="52">
					<description>CPU Text</description>
					<posx>0</posx>
					<posy>430</posy>
					<width>350</width>
					<height>25</height>
					<label>$LOCALIZE[13271] $INFO[System.CPUUsage]</label>
					<aligny>center</aligny>
					<font>Font_Reg18</font>
					<textcolor>FF939597</textcolor>
				</control>
				<control type="progress">
					<description>CPU BAR</description>
					<posx>0</posx>
					<posy>455</posy>
					<width>320</width>
					<height>18</height>
          <texturebg>osd/seek/progress_back.png</texturebg>
          <lefttexture>osd/seek/progress_left.png</lefttexture>
          <midtexture>osd/seek/progress_mid.png</midtexture>
          <righttexture>osd/seek/progress_right.png</righttexture>
          <info>System.CPUUsage</info>
				</control>
				<control type="label" id="52">
					<description>Memory Text</description>
					<posx>0</posx>
					<posy>480</posy>
					<width>350</width>
					<height>25</height>
					<label>Memory Used: $INFO[system.memory(used.percent)]</label>
					<aligny>center</aligny>
					<font>Font_Reg18</font>
					<textcolor>FF939597</textcolor>
				</control>
				<control type="progress">
					<description>Memory BAR</description>
					<posx>0</posx>
					<posy>505</posy>
					<width>320</width>
					<height>18</height>
          <texturebg>osd/seek/progress_back.png</texturebg>
          <lefttexture>osd/seek/progress_left.png</lefttexture>
          <midtexture>osd/seek/progress_mid.png</midtexture>
          <righttexture>osd/seek/progress_right.png</righttexture>
          <info>system.memory(used)</info>
				</control>
			</control>
      <control type="image">

        <description>background image</description>
        <posx>42</posx>
        <posy>28</posy>
        <width>1196</width>
        <height>651</height>
        <texture>settings/settings_panelfront.png</texture>
      </control>
		</control>
		<control type="group">
			
						
			<control type="label">
        <posx>239</posx>
        <posy>80</posy>
        <width>994</width>
        <font>Font_ShowcaseMainLabel2</font>
        <align>center</align>
        <aligny>center</aligny>
				<label>[UPPERCASE]$LOCALIZE[130][/UPPERCASE]</label>
			</control>
		</control>
		
		
	</controls>
</window>
