<window id="123">
	<defaultcontrol>5</defaultcontrol>
	<coordinates>
		<system>1</system>
		<posx>240</posx>
		<posy>115</posy>
	</coordinates>
	<include>dialogeffect</include>
	<controls>
		<control type="group">
			<animation effect="fade" start="100" end="0" time="400" condition="Window.IsVisible(SliderDialog) | Window.IsVisible(FileBrowser)">Conditional</animation>
			<control type="image">
				<description>background image</description>
				<posx>0</posx>
				<posy>0</posy>
				<width>800</width>
				<height>491</height>
				<texture>views/listpanel_back_noreflect.png</texture>
			</control>
		
			<control type="label">
				<description>header label</description>
				<posx>20</posx>
				<posy>18</posy>
				<width>760</width>
				<height>30</height>
				<font>Font_Reg19</font>
				<label>[UPPERCASE]$LOCALIZE[3] - $LOCALIZE[5][/UPPERCASE]</label>
				<align>center</align>
				<aligny>center</aligny>
				<textcolor>white</textcolor>
				<shadowcolor>black</shadowcolor>
				<visible>Window.IsVisible(123)</visible>
			</control>
			<control type="label">
				<description>header label</description>
				<posx>20</posx>
				<posy>18</posy>
				<width>760</width>
				<height>30</height>
				<font>Font_Reg19</font>
				<label>[UPPERCASE]$LOCALIZE[292] - $LOCALIZE[5][/UPPERCASE]</label>
				<align>center</align>
				<aligny>center</aligny>
				<textcolor>white</textcolor>
				<shadowcolor>black</shadowcolor>
				<visible>Window.IsVisible(124)</visible>
			</control>
			<control type="label" id="3">
				<description>No Settings Label</description>
				<posx>20</posx>
				<posy>180</posy>
				<width>760</width>
				<align>center</align>
				<label>[UPPERCASE]$LOCALIZE[13390][/UPPERCASE]</label>
				<font>Font_Reg19</font>
			</control>
			<control type="grouplist" id="5">
				<description>control area</description>
				<posx>8</posx>
				<posy>65</posy>
				<width>770</width>
				<height>395</height>
				<itemgap>-1</itemgap>
				<pagecontrol>60</pagecontrol>
				<onleft>60</onleft>
				<onright>60</onright>
				<onup>5</onup>
				<ondown>5</ondown>
			</control>
			<control type="scrollbar" id="60">
				<posx>760</posx>
				<posy>65</posy>
				<width>25</width>
				<height>390</height>
				<texturesliderbackground border="0,14,0,14">ScrollBarV.png</texturesliderbackground>
				<texturesliderbar border="0,14,0,14">ScrollBarV_bar.png</texturesliderbar>
				<texturesliderbarfocus border="0,14,0,14">ScrollBarV_bar_focus.png</texturesliderbarfocus>
				<textureslidernib>ScrollBarNib.png</textureslidernib>
				<textureslidernibfocus>ScrollBarNib.png</textureslidernibfocus>
				<onleft>5</onleft>
				<onright>5</onright>
				<ondown>61</ondown>
				<onup>61</onup>
				<showonepage>false</showonepage>
				<orientation>vertical</orientation>
			</control>
		</control>
		<control type="sliderex" id="10">
			<description>Default Slider</description>
			<height>40</height>
			<texturefocus>settings/listselect.png</texturefocus>
			<texturenofocus>settings/settings_radiobuttonoff.png</texturenofocus>
      <texturesliderbar>osd/osd_slider_bg_settings.png</texturesliderbar>
      <textureslidernib>osd/osd_slider_nib_nf.png</textureslidernib>
      <textureslidernibfocus>osd/osd_slider_nib.png</textureslidernibfocus>
      <font>Font_Reg20</font>
			<textcolor>grey2</textcolor>
      <textoffsetx>20</textoffsetx>
      <focusedcolor>white</focusedcolor>
		</control>
		<control type="button" id="7">
			<description>Default Button</description>
			<posx>0</posx>
			<posy>0</posy>
			<height>40</height>
			<font>Font_Reg20</font>
			<textcolor>grey2</textcolor>
			<focusedcolor>white</focusedcolor>
      <texturefocus>settings/listselect.png</texturefocus>
      <textoffsetx>20</textoffsetx>
      <texturenofocus>settings/settings_radiobuttonoff.png</texturenofocus>
    </control>
		<control type="radiobutton" id="8">
			<description>Default RadioButton</description>
			<posx>0</posx>
			<posy>0</posy>
			<height>40</height>
			<font>Font_Reg20</font>
			<textcolor>grey2</textcolor>
			<focusedcolor>white</focusedcolor>
      <textoffsetx>20</textoffsetx>
      <radioposx>670</radioposx>
      <texturefocus>settings/listselect.png</texturefocus>
      <texturenofocus>settings/settings_radiobuttonoff.png</texturenofocus>
      <textureradiofocus>settings/settings_radiobuttononfocus.png</textureradiofocus>
      <textureradionofocus>settings/settings_radiobuttonon.png</textureradionofocus>
		</control>
		<control type="spincontrolex" id="9">
			<description>Default SpinControlex</description>
			<posx>0</posx>
			<posy>0</posy>
			<height>40</height>
			<font>Font_Reg20</font>
      <textoffsetx>20</textoffsetx>
      <textcolor>grey2</textcolor>
			<focusedcolor>white</focusedcolor>
			<texturefocus>settings/listselect.png</texturefocus>
			<texturenofocus>settings/settings_radiobuttonoff.png</texturenofocus>
			<aligny>center</aligny>
			<reverse>yes</reverse>
		</control>
	</controls>
</window>
