<window id="0">
  <defaultcontrol always="true">8999</defaultcontrol>
  <allowoverlay>yes</allowoverlay>
  <controls>
    <!-- Fanart -->
    <control type="multiimage">
      <posx>0</posx>
      <posy>0</posy>
      <width>1280</width>
      <height>720</height>
      <imagepath background="true">$INFO[Container(9000).ListItem.Icon]</imagepath>
      <timeperimage>8000</timeperimage>
      <randomize>true</randomize>
      <fadetime>1000</fadetime>
      <visible>!Control.HasFocus(8000)</visible>
      <include condition="Skin.HasSetting(animatedbg)">Animation_Background</include>
    </control>
    <control type="image">
      <description>Fanart</description>
      <posx>0</posx>
      <posy>0</posy>
      <width>1280</width>
      <height>720</height>
      <texture background="true">$INFO[Container(8000).ListItem.Property(Fanart)]</texture>
      <visible>Control.HasFocus(8000)</visible>
      <fadetime>1000</fadetime>
      <include condition="Skin.HasSetting(animatedbg)">Animation_Background</include>
      <include>Animation_CommonFade</include>
    </control>
    <control type="image">
      <description>Fanart</description>
      <posx>0</posx>
      <posy>0</posy>
      <width>1280</width>
      <height>720</height>
      <texture background="true">$INFO[Container(8001).ListItem.Property(Fanart)]</texture>
      <visible>Control.HasFocus(8001)</visible>
      <fadetime>1000</fadetime>
      <include condition="Skin.HasSetting(animatedbg)">Animation_Background</include>
      <include>Animation_CommonFade</include>
    </control>
    <control type="image">
      <description>Fanart</description>
      <posx>0</posx>
      <posy>0</posy>
      <width>1280</width>
      <height>720</height>
      <texture background="true">$INFO[Container(8002).ListItem.Property(Fanart)]</texture>
      <visible>Control.HasFocus(8002)</visible>
      <fadetime>1000</fadetime>
      <include condition="Skin.HasSetting(animatedbg)">Animation_Background</include>
      <include>Animation_CommonFade</include>
    </control>
    <control type="image">
      <description>Fanart</description>
      <posx>0</posx>
      <posy>0</posy>
      <width>1280</width>
      <height>720</height>
      <texture background="true">$INFO[Container(8003).ListItem.Property(Fanart)]</texture>
      <fadetime>1000</fadetime>
      <visible>Control.HasFocus(8003)</visible>
      <include condition="Skin.HasSetting(animatedbg)">Animation_Background</include>
      <include>Animation_CommonFade</include>
    </control>
    <control type="image">
      <posx>0</posx>
      <posy>0</posy>
      <width>1280</width>
      <height>720</height>
      <texture background="true">$INFO[MusicPlayer.Property(Fanart_Image)]</texture>
      <include>Animation_VisibleChange400</include>
      <include>Animation_OpenCloseZoom</include>
      <include condition="Skin.HasSetting(animatedbg)">Animation_Background</include>
      <visible>Player.HasAudio+Skin.HasSetting(musicfanarthome)</visible>
    </control>
    <include condition="Skin.HasSetting(effect_bg_home)">BG_Effect_Home</include>
    <!-- Home Fullscreen Video -->
    <include>CommonMediaPlayingBackground</include>
    <control type="image">
      <description>media info background image</description>
      <posx>0</posx>
      <posy>240</posy>
      <width>1280</width>
      <height>630</height>
      <texture>home/nowplaying_shadow.png</texture>
      <visible>Control.HasFocus(8001)|Control.HasFocus(8000)|Control.HasFocus(8002)|[Player.HasAudio+!Skin.HasSetting(homepageMusicinfo)]|[Player.HasVideo+!Skin.HasSetting(homepageVideoinfo)+![Skin.HasSetting(lowermainmenu)|Skin.HasSetting(Lockhomemenulow)]]</visible>
      <animation effect="slide" time="400" tween="cubic" easing="inout" end="0,-150" condition="Skin.HasSetting(lowermainmenu)|Skin.HasSetting(Lockhomemenulow)">Conditional</animation>
    </control>
    <!-- Latest/Random Items -->
    <control type="group">
      <include>Animation_OpenCloseZoom</include>
      <include condition="!Skin.HasSetting(customstartupfocus)">StartUpNoCustomfocus</include>
      <include condition="Skin.HasSetting(customstartupfocus)">StartupCustomFocus</include>
      <include condition="Skin.HasSetting(HomeLatestMovies)">LatestMovies</include>
      <include condition="Skin.HasSetting(HomeRandomMovies)">RandomMovies</include>
      <include condition="Skin.HasSetting(HomeLatestTV)">LatestTV</include>
      <include condition="Skin.HasSetting(HomeRandomTV)">RandomTV</include>
      <include condition="Skin.HasSetting(HomeLatestMusic)">LatestMusic</include>
      <include condition="Skin.HasSetting(HomeRandomMusic)">RandomMusic</include>
    </control>

    <control type="group">
      <posx>0</posx>
      <posy>0</posy>
      <width>1280</width>
      <height>720</height>
      <animation effect="slide" start="0,0" end="0,225" time="400" tween="cubic" easing="inout" condition="Skin.HasSetting(lowermainmenu)|Skin.HasSetting(Lockhomemenulow)">Conditional</animation>
      <include>Animation_OpenCloseZoom</include>
      <include>Animation_CommonFade</include>

      <!-- Library Totals -->
      <include condition="!Skin.HasSetting(totalshomehigh)">librarystatsnormal</include>
      
      <!-- Time Panel-->
      <include condition="!Skin.HasSetting(timehomehigh)">timepanelnormal</include>
      
      <!-- Invisible Buttons -->
      <control type="button" id="330">
        <description>INVISIBLE button: Submenu</description>
        <posx>0</posx>
        <posy>0</posy>
        <width>0</width>
        <height>0</height>
        <texturefocus>-</texturefocus>
        <texturenofocus>-</texturenofocus>
        <onfocus>SetFocus(9010)</onfocus>
        <visible>Container(9000).HasFocus(2) | Container(9000).HasFocus(3) | Container(9000).HasFocus(5) | Container(9000).HasFocus(7) | Container(9000).HasFocus(9) | [Container(9000).HasFocus(1) + [[Skin.HasSetting(HomeScriptButton1) + !IsEmpty(Skin.String(HomeScriptButton1_label))] | [Skin.HasSetting(HomeScriptButton2) + !IsEmpty(Skin.String(HomeScriptButton2_label))] | [Skin.HasSetting(HomeScriptButton3) + !IsEmpty(Skin.String(HomeScriptButton3_label))] | [Skin.HasSetting(HomeScriptButton4) + !IsEmpty(Skin.String(HomeScriptButton4_label))] | [Skin.HasSetting(HomeScriptButton5) + !IsEmpty(Skin.String(HomeScriptButton5_label))] | [Skin.HasSetting(HomeScriptButton6) + !IsEmpty(Skin.String(HomeScriptButton6_label))]]] | Container(9000).HasFocus(10) | Container(9000).HasFocus(11) | Container(9000).HasFocus(12)</visible>
      </control>
      <control type="button" id="330">
        <description>INVISIBLE button: No Submenu</description>
        <posx>0</posx>
        <posy>0</posy>
        <width>0</width>
        <height>0</height>
        <texturefocus>-</texturefocus>
        <texturenofocus>-</texturenofocus>
        <onfocus>SetFocus(9000)</onfocus>
        <visible>![Container(9000).HasFocus(2) | Container(9000).HasFocus(3) | Container(9000).HasFocus(5) | Container(9000).HasFocus(7) | Container(9000).HasFocus(9) | [Container(9000).HasFocus(1) + [[Skin.HasSetting(HomeScriptButton1) + !IsEmpty(Skin.String(HomeScriptButton1_label))] | [Skin.HasSetting(HomeScriptButton2) + !IsEmpty(Skin.String(HomeScriptButton2_label))] | [Skin.HasSetting(HomeScriptButton3) + !IsEmpty(Skin.String(HomeScriptButton3_label))] | [Skin.HasSetting(HomeScriptButton4) + !IsEmpty(Skin.String(HomeScriptButton4_label))] | [Skin.HasSetting(HomeScriptButton5) + !IsEmpty(Skin.String(HomeScriptButton5_label))] | [Skin.HasSetting(HomeScriptButton6) + !IsEmpty(Skin.String(HomeScriptButton6_label))]]] | Container(9000).HasFocus(10) | Container(9000).HasFocus(11)]</visible>
      </control>
      <include condition="!Skin.HasSetting(Lockhomemenulow)">HomeButton340_MenuNormal</include>
      <include condition="Skin.HasSetting(Lockhomemenulow)">HomeButton340_MenuLow</include>
      <include condition="Skin.HasSetting(Lockhomemenulow)">HomeButton10_MenuLow</include>
      <include condition="!Skin.HasSetting(Lockhomemenulow)+!Skin.HasSetting(Lockhomemenu)">HomeButton10_MenuNormal</include>
      <include condition="!Skin.HasSetting(Lockhomemenulow)+Skin.HasSetting(Lockhomemenu)">HomeButton10_MenuLock</include>


      <!-- RSS -->
      <include condition="!Skin.HasSetting(rsshomelow)">rssnormal</include>
      <!-- Submenu -->
      <control type="group" id="9001">
        <posx>207</posx>
        <posy>406</posy>
        <visible allowhiddenfocus="true">Control.HasFocus(9010)</visible>
        <include>Animation_SubMenu</include>
        <control type="image">
          <posx>80</posx>
          <width>700</width>
          <height>33</height>
          <texture>home/submenubar.png</texture>
        </control>
        <control type="wraplist" id="9010">
          <posx>100</posx>
          <height>33</height>
          <width>660</width>
          <onleft>9010</onleft>
          <onright>9010</onright>
          <viewtype>list</viewtype>
          <orientation>horizontal</orientation>
          <focusposition>2</focusposition>
          <scrolltime>200</scrolltime>
          <onup>9000</onup>
          <ondown>340</ondown>
          <itemlayout width="129" height="33">
            <control type="label">
              <posx>74</posx>
              <posy>0</posy>
              <height>30</height>
              <width>129</width>
              <align>center</align>
              <aligny>center</aligny>
              <font>Font_Reg19</font>
              <label>[UPPERCASE]$INFO[ListItem.Label][/UPPERCASE]</label>
              <textcolor>5fFFFFFF</textcolor>
            </control>
          </itemlayout>
          <focusedlayout width="129" height="33">
            <control type="label">
              <posx>74</posx>
              <posy>0</posy>
              <height>30</height>
              <width>129</width>
              <align>center</align>
              <aligny>center</aligny>
              <font>Font_Reg19</font>
              <label>[UPPERCASE]$INFO[ListItem.Label][/UPPERCASE]</label>
              <textcolor>FFFFFFFF</textcolor>
              <animation effect="fade" start="0" end="50" time="200">Focus</animation>
              <animation effect="fade" start="0" end="0" time="200">Unfocus</animation>
            </control>
            <control type="label">
              <posx>74</posx>
              <posy>0</posy>
              <height>30</height>
              <width>129</width>
              <align>center</align>
              <aligny>center</aligny>
              <font>Font_Reg19</font>
              <label>[UPPERCASE]$INFO[ListItem.Label][/UPPERCASE]</label>
              <textcolor>5FFFFFFF</textcolor>
              <animation effect="fade" start="100" end="0" time="200">Focus</animation>
              <animation effect="fade" start="0" end="100" time="100">Unfocus</animation>
            </control>
            <control type="label">
              <posx>74</posx>
              <posy>0</posy>
              <height>30</height>
              <width>129</width>
              <align>center</align>
              <aligny>center</aligny>
              <font>Font_Reg19</font>
              <label>[UPPERCASE]$INFO[ListItem.Label][/UPPERCASE]</label>
              <textcolor>FFFFFFFF</textcolor>
              <animation effect="fade" start="50" end="50" time="200">Focus</animation>
              <animation effect="fade" start="50" end="0" time="100">Unfocus</animation>
            </control>
          </focusedlayout>
          <content>
            <!--Videos-->
            <item id="90109">
              <label>136</label>
              <onclick>ActivateWindow(VideoLibrary,Playlists,return)</onclick>
              <visible>Container(9000).HasFocus(2)</visible>
            </item>
            <item id="90101">
              <label>342</label>
              <onclick>ActivateWindow(VideoLibrary,MovieTitles,return)</onclick>
              <visible>Library.HasContent(Movies)</visible>
              <visible>Container(9000).HasFocus(2)</visible>
            </item>
            <item id="90102">
              <label>20343</label>
              <onclick>ActivateWindow(VideoLibrary,TvShowTitles,return)</onclick>
              <visible>Library.HasContent(TVShows)</visible>
              <visible>Container(9000).HasFocus(2)</visible>
            </item>
            <item id="90103">
              <label>20389</label>
              <onclick>ActivateWindow(VideoLibrary,MusicVideoTitles,return)</onclick>
              <visible>Library.HasContent(MusicVideos)</visible>
              <visible>Container(9000).HasFocus(2)</visible>
            </item>
            <item id="90104">
              <label>744</label>
              <onclick>ActivateWindow(VideoFiles)</onclick>
              <visible>Container(9000).HasFocus(2)</visible>
            </item>
            <item id="90105">
              <label>14022</label>
              <onclick>ActivateWindow(VideoLibrary)</onclick>
              <visible>Library.HasContent(Video)</visible>
              <visible>Container(9000).HasFocus(2)</visible>
            </item>
            <item id="90106">
              <label>24001</label>
              <onclick>ActivateWindow(VideoLibrary,Addons,return)</onclick>
              <visible>Library.HasContent(Video)</visible>
              <visible>Container(9000).HasFocus(2)</visible>
            </item>
            <item id="90107">
              <label>24001</label>
              <onclick>ActivateWindow(VideoFiles,Addons,return)</onclick>
              <visible>!Library.HasContent(Video)</visible>
              <visible>Container(9000).HasFocus(2)</visible>
            </item>
            <!--<item id="90108">
              <label>$LOCALIZE[559]</label>
              <onclick>ActivateWindow(28)</onclick>
              <visible>Container(9000).HasFocus(2)</visible>
            </item>-->
            <!--Music-->
            <include condition="Skin.HasSetting(HomeMusicPlaylist1)">CustomSubMusic1</include>
            <include condition="Skin.HasSetting(HomeMusicPlaylist2)">CustomSubMusic2</include>
            <include condition="Skin.HasSetting(HomeMusicPlaylist3)">CustomSubMusic3</include>
            <include condition="Skin.HasSetting(HomeMenuSubMusicFavourite1)">CustomSubMusic4</include>
            <include condition="Skin.HasSetting(HomeMenuSubMusicFavourite2)">CustomSubMusic5</include>
            <include condition="Skin.HasSetting(HomeMenuSubMusicFavourite3)">CustomSubMusic6</include>
            <item id="90111">
              <label>133</label>
              <onclick>ActivateWindow(MusicLibrary,Artists,return)</onclick>
              <visible>Library.HasContent(Music)</visible>
              <visible>Container(9000).HasFocus(3)</visible>
            </item>
            <item id="90112">
              <label>132</label>
              <onclick>ActivateWindow(MusicLibrary,Albums,return)</onclick>
              <visible>Library.HasContent(Music)</visible>
              <visible>Container(9000).HasFocus(3)</visible>
            </item>
            <item id="90113">
              <label>134</label>
              <onclick>ActivateWindow(MusicLibrary,Songs,return)</onclick>
              <visible>Library.HasContent(Music)</visible>
              <visible>Container(9000).HasFocus(3)</visible>
            </item>
            <item id="90114">
              <label>744</label>
              <onclick>ActivateWindow(MusicFiles)</onclick>
              <visible>Container(9000).HasFocus(3)</visible>
            </item>
            <item id="90115=">
              <label>14022</label>
              <onclick>ActivateWindow(MusicLibrary)</onclick>
              <visible>Library.HasContent(Music)</visible>
              <visible>Container(9000).HasFocus(3)</visible>
            </item>
            <item id="90116">
              <label>24001</label>
              <onclick>ActivateWindow(MusicLibrary,Addons,return)</onclick>
              <visible>Library.HasContent(Music)</visible>
              <visible>Container(9000).HasFocus(3)</visible>
            </item>
            <item id="90117">
              <label>24001</label>
              <onclick>ActivateWindow(MusicFiles,Addons,return)</onclick>
              <visible>!Library.HasContent(Music)</visible>
              <visible>Container(9000).HasFocus(3)</visible>
            </item>
            <item id="90118">
              <label>$LOCALIZE[31040]</label>
              <onclick>ActivateWindow(500)</onclick>
              <visible>Container(9000).HasFocus(3)</visible>
            </item>
            <item id="90119">
              <label>31334</label>
              <onclick>XBMC.ActivateWindow(MusicLibrary,RecentlyAddedAlbums)</onclick>
              <visible>Container(9000).HasFocus(3)</visible>
            </item>
            <item id="90120">
              <label>31333</label>
              <onclick>XBMC.ActivateWindow(MusicLibrary,RecentlyPlayedAlbums)</onclick>
              <visible>Container(9000).HasFocus(3)</visible>
            </item>
            <item id="90121">
              <label>$LOCALIZE[589]</label>
              <onclick>XBMC.PlayerControl(PartyMode(music))</onclick>
              <visible>Container(9000).HasFocus(3)</visible>
            </item>
            <!--System-->
            <item id="90141">
              <label>5</label>
              <onclick>ActivateWindow(Settings)</onclick>
              <visible>Container(9000).HasFocus(5)</visible>
            </item>
            <item id="90146">
              <label>24001</label>
              <onclick>ActivateWindow(AddonBrowser)</onclick>
              <visible>Container(9000).HasFocus(5)</visible>
            </item>
            <item id="90142">
              <label>7</label>
              <onclick>ActivateWindow(FileManager)</onclick>
              <visible>Container(9000).HasFocus(5)</visible>
            </item>
            <item id="90143">
              <label>13200</label>
              <onclick>ActivateWindow(Profiles)</onclick>
              <visible>Container(9000).HasFocus(5)</visible>
            </item>
            <item id="90144">
              <label>130</label>
              <onclick>ActivateWindow(SystemInfo)</onclick>
              <visible>Container(9000).HasFocus(5)</visible>
            </item>
            <item id="90145">
              <label>$LOCALIZE[470]</label>
              <onclick>ActivateWindow(Credits)</onclick>
              <visible>False</visible>
              <visible>Container(9000).HasFocus(5)</visible>
            </item>
            <!--Custom-->
            <item id="90151">
              <description>Button1</description>
              <label>$INFO[Skin.String(HomeScriptButton1_label)]</label>
              <onclick>Setfocus(9000)</onclick>
              <onclick>XBMC.RunScript($INFO[Skin.String(HomeScriptButton1_Path)])</onclick>
              <visible>Skin.HasSetting(HomeScriptButton1) + !IsEmpty(Skin.String(HomeScriptButton1_label))</visible>
              <visible>Container(9000).HasFocus(1) + [[Skin.HasSetting(HomeScriptButton1) + !IsEmpty(Skin.String(HomeScriptButton1_label))] | [Skin.HasSetting(HomeScriptButton2) + !IsEmpty(Skin.String(HomeScriptButton2_label))] | [Skin.HasSetting(HomeScriptButton3) + !IsEmpty(Skin.String(HomeScriptButton3_label))] | [Skin.HasSetting(HomeScriptButton4) + !IsEmpty(Skin.String(HomeScriptButton4_label))] | [Skin.HasSetting(HomeScriptButton5) + !IsEmpty(Skin.String(HomeScriptButton5_label))] | [Skin.HasSetting(HomeScriptButton6) + !IsEmpty(Skin.String(HomeScriptButton6_label))]]</visible>
            </item>
            <item id="90152">
              <description>Button2</description>
              <label>$INFO[Skin.String(HomeScriptButton2_label)]</label>
              <onclick>Setfocus(9000)</onclick>
              <onclick>XBMC.RunScript($INFO[Skin.String(HomeScriptButton2_Path)])</onclick>
              <visible>Skin.HasSetting(HomeScriptButton2) + !IsEmpty(Skin.String(HomeScriptButton2_label))</visible>
              <visible>Container(9000).HasFocus(1) + [[Skin.HasSetting(HomeScriptButton1) + !IsEmpty(Skin.String(HomeScriptButton1_label))] | [Skin.HasSetting(HomeScriptButton2) + !IsEmpty(Skin.String(HomeScriptButton2_label))] | [Skin.HasSetting(HomeScriptButton3) + !IsEmpty(Skin.String(HomeScriptButton3_label))] | [Skin.HasSetting(HomeScriptButton4) + !IsEmpty(Skin.String(HomeScriptButton4_label))] | [Skin.HasSetting(HomeScriptButton5) + !IsEmpty(Skin.String(HomeScriptButton5_label))] | [Skin.HasSetting(HomeScriptButton6) + !IsEmpty(Skin.String(HomeScriptButton6_label))]]</visible>
            </item>
            <item id="90153">
              <description>Button3</description>
              <label>$INFO[Skin.String(HomeScriptButton3_label)]</label>
              <onclick>Setfocus(9000)</onclick>
              <onclick>XBMC.RunScript($INFO[Skin.String(HomeScriptButton3_Path)])</onclick>
              <visible>Skin.HasSetting(HomeScriptButton3) + !IsEmpty(Skin.String(HomeScriptButton3_label))</visible>
              <visible>Container(9000).HasFocus(1) + [[Skin.HasSetting(HomeScriptButton1) + !IsEmpty(Skin.String(HomeScriptButton1_label))] | [Skin.HasSetting(HomeScriptButton2) + !IsEmpty(Skin.String(HomeScriptButton2_label))] | [Skin.HasSetting(HomeScriptButton3) + !IsEmpty(Skin.String(HomeScriptButton3_label))] | [Skin.HasSetting(HomeScriptButton4) + !IsEmpty(Skin.String(HomeScriptButton4_label))] | [Skin.HasSetting(HomeScriptButton5) + !IsEmpty(Skin.String(HomeScriptButton5_label))] | [Skin.HasSetting(HomeScriptButton6) + !IsEmpty(Skin.String(HomeScriptButton6_label))]]</visible>
            </item>
            <item id="90154">
              <description>Button4</description>
              <label>$INFO[Skin.String(HomeScriptButton4_label)]</label>
              <onclick>Setfocus(9000)</onclick>
              <onclick>XBMC.RunScript($INFO[Skin.String(HomeScriptButton4_Path)])</onclick>
              <visible>Skin.HasSetting(HomeScriptButton4) + !IsEmpty(Skin.String(HomeScriptButton4_label))</visible>
              <visible>Container(9000).HasFocus(1) + [[Skin.HasSetting(HomeScriptButton1) + !IsEmpty(Skin.String(HomeScriptButton1_label))] | [Skin.HasSetting(HomeScriptButton2) + !IsEmpty(Skin.String(HomeScriptButton2_label))] | [Skin.HasSetting(HomeScriptButton3) + !IsEmpty(Skin.String(HomeScriptButton3_label))] | [Skin.HasSetting(HomeScriptButton4) + !IsEmpty(Skin.String(HomeScriptButton4_label))] | [Skin.HasSetting(HomeScriptButton5) + !IsEmpty(Skin.String(HomeScriptButton5_label))] | [Skin.HasSetting(HomeScriptButton6) + !IsEmpty(Skin.String(HomeScriptButton6_label))]]</visible>
            </item>
            <item id="90155">
              <description>Button5</description>
              <label>$INFO[Skin.String(HomeScriptButton5_label)]</label>
              <onclick>Setfocus(9000)</onclick>
              <onclick>XBMC.RunScript($INFO[Skin.String(HomeScriptButton5_Path)])</onclick>
              <visible>Skin.HasSetting(HomeScriptButton5) + !IsEmpty(Skin.String(HomeScriptButton5_label))</visible>
              <visible>Container(9000).HasFocus(1) + [[Skin.HasSetting(HomeScriptButton1) + !IsEmpty(Skin.String(HomeScriptButton1_label))] | [Skin.HasSetting(HomeScriptButton2) + !IsEmpty(Skin.String(HomeScriptButton2_label))] | [Skin.HasSetting(HomeScriptButton3) + !IsEmpty(Skin.String(HomeScriptButton3_label))] | [Skin.HasSetting(HomeScriptButton4) + !IsEmpty(Skin.String(HomeScriptButton4_label))] | [Skin.HasSetting(HomeScriptButton5) + !IsEmpty(Skin.String(HomeScriptButton5_label))] | [Skin.HasSetting(HomeScriptButton6) + !IsEmpty(Skin.String(HomeScriptButton6_label))]]</visible>
            </item>
            <item id="90156">
              <description>Button6</description>
              <label>$INFO[Skin.String(HomeScriptButton6_label)]</label>
              <onclick>Setfocus(9000)</onclick>
              <onclick>XBMC.RunScript($INFO[Skin.String(HomeScriptButton6_Path)])</onclick>
              <visible>Skin.HasSetting(HomeScriptButton6) + !IsEmpty(Skin.String(HomeScriptButton6_label))</visible>
              <visible>Container(9000).HasFocus(1) + [[Skin.HasSetting(HomeScriptButton1) + !IsEmpty(Skin.String(HomeScriptButton1_label))] | [Skin.HasSetting(HomeScriptButton2) + !IsEmpty(Skin.String(HomeScriptButton2_label))] | [Skin.HasSetting(HomeScriptButton3) + !IsEmpty(Skin.String(HomeScriptButton3_label))] | [Skin.HasSetting(HomeScriptButton4) + !IsEmpty(Skin.String(HomeScriptButton4_label))] | [Skin.HasSetting(HomeScriptButton5) + !IsEmpty(Skin.String(HomeScriptButton5_label))] | [Skin.HasSetting(HomeScriptButton6) + !IsEmpty(Skin.String(HomeScriptButton6_label))]]</visible>
            </item>
            <!--Movies-->
            <include condition="Skin.HasSetting(HomeMoviePlaylist1)">CustomSubMovies1</include>
            <include condition="Skin.HasSetting(HomeMoviePlaylist2)">CustomSubMovies2</include>
            <include condition="Skin.HasSetting(HomeMoviePlaylist3)">CustomSubMovies3</include>
            <include condition="Skin.HasSetting(HomeMenuSubMoviesFavourite1)">CustomSubMovies4</include>
            <include condition="Skin.HasSetting(HomeMenuSubMoviesFavourite2)">CustomSubMovies5</include>
            <include condition="Skin.HasSetting(HomeMenuSubMoviesFavourite3)">CustomSubMovies6</include>
            <item id="90168">
              <label>$LOCALIZE[31162]</label>
              <onclick>XBMC.ActivateWindow(MyVideoLibrary, plugin://plugin.video.apple.movie.trailers.lite/addon.py,return)</onclick>
              <visible>Container(9000).HasFocus(10)</visible>
            </item>
            <item id="90161">
              <label>369</label>
              <include condition="Skin.HasSetting(cinemaexpdefault)">MovieTitlesCinExp</include>
              <include condition="!Skin.HasSetting(cinemaexpdefault)">MovieTitlesNoCinExp</include>
              <visible>Container(9000).HasFocus(10)</visible>
            </item>
            <item id="90162">
              <label>135</label>
              <include condition="Skin.HasSetting(cinemaexpdefault)">MovieGenresCinExp</include>
              <include condition="!Skin.HasSetting(cinemaexpdefault)">MovieGenresNoCinExp</include>
              <visible>Container(9000).HasFocus(10)</visible>
            </item>
            <item id="90163">
              <label>652</label>
              <include condition="Skin.HasSetting(cinemaexpdefault)">MovieYearsCinExp</include>
              <include condition="!Skin.HasSetting(cinemaexpdefault)">MovieYearsNoCinExp</include>
              <visible>Container(9000).HasFocus(10)</visible>
            </item>
            <item id="90164">
              <label>344</label>
              <include condition="Skin.HasSetting(cinemaexpdefault)">MovieActorsCinExp</include>
              <include condition="!Skin.HasSetting(cinemaexpdefault)">MovieActorsNoCinExp</include>
              <visible>Container(9000).HasFocus(10)</visible>
            </item>
            <item id="90165">
              <label>20348</label>
              <include condition="Skin.HasSetting(cinemaexpdefault)">MovieDirectorsCinExp</include>
              <include condition="!Skin.HasSetting(cinemaexpdefault)">MovieDirectorsNoCinExp</include>
              <visible>Container(9000).HasFocus(10)</visible>
            </item>
            <item id="90166">
              <label>31334</label>
              <include condition="Skin.HasSetting(cinemaexpdefault)">MovieRecentAddedCinExp</include>
              <include condition="!Skin.HasSetting(cinemaexpdefault)">MovieRecentAddedNoCinExp</include>
              <visible>Container(9000).HasFocus(10)</visible>
            </item>
            <item id="90167">
              <label>24069</label>
              <onclick>UpdateLibrary(video)</onclick>
              <visible>Container(9000).HasFocus(10)</visible>
            </item>
            <!--TV Shows-->
            <include condition="Skin.HasSetting(HomeTVPlaylist1)">CustomSubTV1</include>
            <include condition="Skin.HasSetting(HomeTVPlaylist2)">CustomSubTV2</include>
            <include condition="Skin.HasSetting(HomeTVPlaylist3)">CustomSubTV3</include>
            <include condition="Skin.HasSetting(HomeMenuSubTVFavourite1)">CustomSubTV4</include>
            <include condition="Skin.HasSetting(HomeMenuSubTVFavourite2)">CustomSubTV5</include>
            <include condition="Skin.HasSetting(HomeMenuSubTVFavourite3)">CustomSubTV6</include>
            <item id="90171">
              <label>369</label>
              <onclick>ActivateWindow(VideoLibrary,TVShowTitles,return)</onclick>
              <visible>Container(9000).HasFocus(11)</visible>
            </item>
            <item id="90172">
              <label>135</label>
              <onclick>ActivateWindow(VideoLibrary,TVShowGenres,return)</onclick>
              <visible>Container(9000).HasFocus(11)</visible>
            </item>
            <item id="90173">
              <label>652</label>
              <onclick>ActivateWindow(VideoLibrary,TVShowYears,return)</onclick>
              <visible>Container(9000).HasFocus(11)</visible>
            </item>
            <item id="90174">
              <label>344</label>
              <onclick>ActivateWindow(VideoLibrary,TVShowActors,return)</onclick>
              <visible>Container(9000).HasFocus(11)</visible>
            </item>
            <item id="90175">
              <label>31334</label>
              <onclick>ActivateWindow(VideoLibrary,RecentlyAddedEpisodes,return)</onclick>
              <visible>Container(9000).HasFocus(11)</visible>
            </item>
            <item id="90175">
              <label>31243</label>
              <onclick>ActivateWindow(1116)</onclick>
              <visible>Container(9000).HasFocus(11)</visible>
            </item>
            <!--System-->
            <item id="90190">
              <description>Shutdown Timer</description>
              <label fallback="TIMER">31856</label>
              <onclick>AlarmClock($LOCALIZE[20144],Shutdown(),)</onclick>
              <visible>Container(9000).HasFocus(12)</visible>
            </item>
            <item id="90191">
              <description>Restart Button</description>
              <label>13313</label>
              <onclick>Reset</onclick>
              <visible>Container(9000).HasFocus(12)</visible>
            </item>
            <item id="90192">
              <description>Suspend</description>
              <label>13011</label>
              <onclick>Suspend</onclick>
              <visible>Container(9000).HasFocus(12)</visible>
            </item>
            <item id="90192">
              <description>Hibernate</description>
              <label>13010</label>
              <onclick>Hibernate</onclick>
              <visible>Container(9000).HasFocus(12)</visible>
            </item>
            <item id="90193">
              <description>Logout Button</description>
              <label>20126</label>
              <onclick>System.LogOff</onclick>
              <visible>System.HasLoginScreen</visible>
              <visible>Container(9000).HasFocus(12)</visible>
            </item>
            <item id="90194">
              <description>Quit</description>
              <label>13009</label>
              <onclick>Quit</onclick>
              <visible>Container(9000).HasFocus(12)</visible>
            </item>
          </content>
        </control>
      </control>
      
     


      <!-- Home OSD -->
      <control type="group">
        <visible>Player.HasMedia + System.IdleTime(8)+!Control.HasFocus(8003)</visible>
        <include>Animation_OpenCloseZoom</include>
        <posx>0</posx>
        <posy>40</posy>
        <width>1280</width>
        <height>720</height>
        <animation effect="fade"  start="0" end="100" time="750" condition="Player.HasAudio + System.IdleTime(8)">Conditional</animation>
        <control type="progress">
          <description>Progressbar</description>
          <posx>0</posx>
          <posy>304</posy>
          <width>1280</width>
          <height>61</height>
          <info>Player.Progress</info>
          <texturebg>osd/osd_progress_clear.png</texturebg>
          <lefttexture>-</lefttexture>
          <midtexture>osd/osd_progressmid.png</midtexture>
          <righttexture>-</righttexture>
          <overlaytexture>-</overlaytexture>
        </control>
      </control>

      <!-- Home Menu Bar -->
      <control type="group">
        <visible>Skin.HasSetting(classichome)+![Player.HasMedia + System.IdleTime(8)]</visible>
        <control type="image">
          <posx>0</posx>
          <posy>302</posy>
          <width>1280</width>
          <height>150</height>
          <texture>home/homemenu_back.png</texture>
          <include>Animation_CommonFade</include>
        </control>
        <control type="image">
          <posx>0</posx>
          <posy>302</posy>
          <width>1280</width>
          <height>150</height>
          <texture>home/homemenu_gradient.png</texture>
          <include>Animation_CommonFade</include>
          <colordiffuse>d0FFFFFF</colordiffuse>
        </control>
      </control>
      <control type="image">
        <posx>0</posx>
        <posy>340</posy>
        <width>1280</width>
        <height>66</height>
        <texture>osd/osd_back.png</texture>
        <include>Animation_CommonFade</include>
        <visible>[!Skin.HasSetting(classichome)+!Skin.HasSetting(glasshome)]|[Player.HasMedia + System.IdleTime(8)]</visible>
      </control>
      <control type="group">
        <visible>Skin.HasSetting(glasshome)+![Player.HasMedia + System.IdleTime(8)]</visible>
        <control type="image">
          <posx>0</posx>
          <posy>302</posy>
          <width>1280</width>
          <height>150</height>
          <texture>home/glass_bar_back.png</texture>
          <include>Animation_CommonFade</include>
        </control>
        <control type="image">
          <posx>30</posx>
          <posy>342</posy>
          <width>1350</width>
          <height>64</height>
          <texture>views/showcase_spot.png</texture>
          <include>Animation_CommonFade</include>
          <animation effect="fade" start="100" end="35" time="50" condition="true">Conditional</animation>
        </control>
        <control type="image">
          <posx>0</posx>
          <posy>342</posy>
          <width>1280</width>
          <height>64</height>
          <texture>home/glass_bar.png</texture>
          <aspectratio scalediffuse="false">stretch</aspectratio>
          <include>Animation_CommonFade</include>
          <visible>!Skin.HasSetting(classichome)|[Player.HasMedia + System.IdleTime(8)]</visible>
          <animation effect="fade" start="100" end="80" time="50" condition="true">Conditional</animation>
        </control>
      </control>
      <include condition="StringCompare(Skin.CurrentTheme,Neon65)">Neon_Home</include>
      <!-- Home OSD -->
      <control type="label">
        <posx>0</posx>
        <posy>343</posy>
        <width>1280</width>
        <height>61</height>
        <align>center</align>
        <aligny>center</aligny>
        <font>Font_MainMenu</font>
        <textcolor>48FFFFFF</textcolor>
        <label>$INFO[Player.Time]   /   $INFO[Player.Duration]</label>
        <animation effect="fade"  start="0" end="100" time="1050" condition="Player.HasAudio + System.IdleTime(8)">Conditional</animation>
        <visible>Player.HasMedia + System.IdleTime(8)+!Control.HasFocus(8003)+Player.HasDuration</visible>
      </control>
      <!-- Same label but for streaming files -->
      <control type="label">
        <posx>0</posx>
        <posy>343</posy>
        <width>1280</width>
        <height>61</height>
        <align>center</align>
        <aligny>center</aligny>
        <font>Font_MainMenu</font>
        <textcolor>48FFFFFF</textcolor>
        <label>$INFO[Player.Time]   /   Streaming..</label>
        <animation effect="fade"  start="0" end="100" time="1050" condition="Player.HasAudio + System.IdleTime(8)">Conditional</animation>
        <visible>Player.HasMedia + System.IdleTime(8)+!Control.HasFocus(8003)+!Player.HasDuration</visible>
      </control>
      <!-- Home Menu -->
      <control type="wraplist" id="9000">
        <hitrect x="50" y="50" w="330" h="620" />
        <posx>-40</posx>
        <posy>300</posy>
        <width>2500</width>
        <height>150</height>
        <onleft>9000</onleft>
        <onright>9000</onright>
        <onup>10</onup>
        <ondown>330</ondown>
        <pagecontrol>-</pagecontrol>
        <scrolltime>300</scrolltime>
        <focusposition>2</focusposition>
        <visible allowhiddenfocus="true">![Player.HasMedia + System.IdleTime(8)]+!Control.HasFocus(8003)</visible>
        <orientation>horizontal</orientation>
        <animation effect="slide" start="0,0" end="-320,0" time="400" tween="cubic" easing="inout" condition="Skin.HasSetting(biggergap)">Conditional</animation>
        <animation effect="fade" start="0" end="100" time="200">Visible</animation>
        <animation effect="fade" start="100" end="30" time="200" condition="Window.IsVisible(1113) | ControlGroup(9001).HasFocus | ControlGroup(10).HasFocus | Control.HasFocus(8000) | Control.HasFocus(8001)">conditional</animation>
        <include condition="Skin.HasSetting(classichome)+!Skin.HasSetting(biggergap)">aeonhome</include>
        <include condition="Skin.HasSetting(glasshome)+!Skin.HasSetting(biggergap)">newhome</include>
        <include condition="!Skin.HasSetting(classichome)+!Skin.HasSetting(classichome)+!Skin.HasSetting(biggergap)">noxhome</include>
        <include condition="Skin.HasSetting(classichome)+Skin.HasSetting(biggergap)">aeonhome_bg</include>
        <include condition="Skin.HasSetting(glasshome)+Skin.HasSetting(biggergap)">newhome_bg</include>
        <include condition="!Skin.HasSetting(classichome)+!Skin.HasSetting(classichome)+Skin.HasSetting(biggergap)">noxhome_bg</include>
        <content>
          <item id="4">
            <label>1</label>
            <onclick>ActivateWindow(Pictures)</onclick>
            <icon>special://skin/backgrounds/pictures.jpg</icon>
            <thumb>$INFO[Skin.String(Home_Custom_Back_Pictures_Folder)]</thumb>
            <visible>!Skin.HasSetting(HomeMenuNoPicturesButton)</visible>
          </item>
          <item id="3">
            <label>2</label>
            <onclick>ActivateWindow(Music)</onclick>
            <icon>special://skin/backgrounds/music.jpg</icon>
            <thumb>$INFO[Skin.String(Home_Custom_Back_Music_Folder)]</thumb>
            <visible>!Skin.HasSetting(HomeMenuNoMusicButton)</visible>
          </item>
          <item id="10">
            <label>20342</label>
            <onclick>ActivateWindow(VideoLibrary,MovieTitles,return)</onclick>
            <icon>special://skin/backgrounds/movies.jpg</icon>
            <thumb>$INFO[Skin.String(Home_Custom_Back_Movies_Folder)]</thumb>
            <visible>Skin.HasSetting(HomeMenuNoMoviesButton) + Library.HasContent(Movies)</visible>
          </item>
          <item id="11">
            <label>20343</label>
            <onclick>ActivateWindow(VideoLibrary,TVShowTitles,return)</onclick>
            <icon>special://skin/backgrounds/tvshows.jpg</icon>
            <thumb>$INFO[Skin.String(Home_Custom_Back_TVShow_Folder)]</thumb>
            <visible>Skin.HasSetting(HomeMenuNoTVShowsButton) + Library.HasContent(TVShows)</visible>
          </item>
          <item id="15">
            <label>$INFO[Skin.String(HomeMenuVideoPlaylist1_Label)]</label>
            <onclick>XBMC.ActivateWindow(10025,$INFO[Skin.String(HomeMenuVideoPlaylist1_Path)],return)</onclick>
            <icon>special://skin/backgrounds/playlist.jpg</icon>
            <thumb>$INFO[Skin.String(Home_Custom_Back_Custom1_Folder)]</thumb>
            <visible>Skin.HasSetting(HomeMenuVideoPlaylist1)+!IsEmpty(Skin.String(HomeMenuVideoPlaylist1_Label))</visible>
          </item>
          <item id="16">
            <label>$INFO[Skin.String(HomeMenuVideoPlaylist2_Label)]</label>
            <icon>special://skin/backgrounds/playlist.jpg</icon>
            <thumb>$INFO[Skin.String(Home_Custom_Back_Custom2_Folder)]</thumb>
            <onclick>XBMC.ActivateWindow(10025,$INFO[Skin.String(HomeMenuVideoPlaylist2_Path)],return)</onclick>
            <visible>Skin.HasSetting(HomeMenuVideoPlaylist2)+!IsEmpty(Skin.String(HomeMenuVideoPlaylist2_Label))</visible>
          </item>
          <item id="17">
            <label>$INFO[Skin.String(HomeMenuVideoPlaylist3_Label)]</label>
            <icon>special://skin/backgrounds/playlist.jpg</icon>
            <thumb>$INFO[Skin.String(Home_Custom_Back_Custom3_Folder)]</thumb>
            <onclick>XBMC.ActivateWindow(10025,$INFO[Skin.String(HomeMenuVideoPlaylist3_Path)],return)</onclick>
            <visible>Skin.HasSetting(HomeMenuVideoPlaylist3)+!IsEmpty(Skin.String(HomeMenuVideoPlaylist3_Label))</visible>
          </item>
          <item id="18">
            <label>$INFO[Skin.String(HomeMenuFavourite1_Label)]</label>
            <onclick>$INFO[Skin.String(HomeMenuFavourite1_Path)]</onclick>
            <icon>special://skin/backgrounds/favourites.jpg</icon>
            <thumb>$INFO[Skin.String(Home_Custom_Back_Favourite1_Folder)]</thumb>
            <visible>Skin.HasSetting(HomeMenuFavourite1)+!IsEmpty(Skin.String(HomeMenuFavourite1_Label))</visible>
          </item>
          <item id="19">
            <label>$INFO[Skin.String(HomeMenuFavourite2_Label)]</label>
            <icon>special://skin/backgrounds/favourites.jpg</icon>
            <thumb>$INFO[Skin.String(Home_Custom_Back_Favourite2_Folder)]</thumb>
            <onclick>$INFO[Skin.String(HomeMenuFavourite2_Path)]</onclick>
            <visible>Skin.HasSetting(HomeMenuFavourite2)+!IsEmpty(Skin.String(HomeMenuFavourite2_Label))</visible>
          </item>
          <item id="20">
            <label>$INFO[Skin.String(HomeMenuFavourite3_Label)]</label>
            <icon>special://skin/backgrounds/favourites.jpg</icon>
            <thumb>$INFO[Skin.String(Home_Custom_Back_Favourite3_Folder)]</thumb>
            <onclick>$INFO[Skin.String(HomeMenuFavourite3_Path)]</onclick>
            <visible>Skin.HasSetting(HomeMenuFavourite3)+!IsEmpty(Skin.String(HomeMenuFavourite3_Label))</visible>
          </item>
          <item id="2">
            <label>3</label>
            <onclick>ActivateWindow(Videos)</onclick>
            <icon>special://skin/backgrounds/videos.jpg</icon>
            <thumb>$INFO[Skin.String(Home_Custom_Back_Video_Folder)]</thumb>
            <visible>!Skin.HasSetting(HomeMenuNoVideosButton) + ![Skin.HasSetting(HomeMenuNoMoviesButton) + Skin.HasSetting(HomeMenuNoTVShowsButton)]</visible>
          </item>
          <item id="2">
            <label>3</label>
            <onclick>ActivateWindow(VideoFiles)</onclick>
            <icon>special://skin/backgrounds/videos.jpg</icon>
            <thumb>$INFO[Skin.String(Home_Custom_Back_Video_Folder)]</thumb>
            <visible>!Skin.HasSetting(HomeMenuNoVideosButton) + [Skin.HasSetting(HomeMenuNoMoviesButton) + Skin.HasSetting(HomeMenuNoTVShowsButton)]</visible>
          </item>

          <item id="1">
            <label>0</label>
            <onclick>ActivateWindow(Programs,Addons,return)</onclick>
            <icon>special://skin/backgrounds/programs.jpg</icon>
            <thumb>$INFO[Skin.String(Home_Custom_Back_Programs_Folder)]</thumb>
            <visible>!Skin.HasSetting(HomeMenuNoProgramsButton)</visible>
          </item>
          <item id="5">
            <label>13000</label>
            <onclick>ActivateWindow(Settings)</onclick>
            <icon>special://skin/backgrounds/system.jpg</icon>
            <thumb>$INFO[Skin.String(Home_Custom_Back_Settings_Folder)]</thumb>
          </item>
          <item id="18">
            <label>24001</label>
            <onclick>ActivateWindow(AddonBrowser)</onclick>
            <icon>special://skin/backgrounds/Addons.jpg</icon>
            <thumb>$INFO[Skin.String(Home_Custom_Back_Addons_Folder)]</thumb>
            <visible>!Skin.HasSetting(HomeMenuNoAddonsButton)</visible>
          </item>
          <item id="12">
            <label>13005</label>
            <include condition="!Skin.HasSetting(shutdownwarning)">NoShutdownWarning</include>
            <include condition="Skin.HasSetting(shutdownwarning)">ShutdownWarning</include>
            <icon>special://skin/backgrounds/shutdown.jpg</icon>
            <thumb>$INFO[Skin.String(Home_Custom_Back_Shutdown_Folder)]</thumb>
            <visible>!Skin.HasSetting(HomeMenuNoShutdownButton)</visible>
          </item>
          <item id="13">
            <label>1036</label>
            <onclick>ActivateWindow(Favourites)</onclick>
            <icon>special://skin/backgrounds/favourites.jpg</icon>
            <thumb>$INFO[Skin.String(Home_Custom_Back_Favourites_Folder)]</thumb>
            <visible>!Skin.HasSetting(HomeMenuNoFavouritesButton)</visible>
          </item>
          <item id="14">
            <label>341</label>
            <onclick>XBMC.PlayDVD()</onclick>
            <icon>special://skin/backgrounds/play_disc.jpg</icon>
            <thumb>$INFO[Skin.String(Home_Custom_Back_Disc_Folder)]</thumb>
            <visible>System.HasMediadvd</visible>
          </item>
          <item id="6">
            <label>8</label>
            <onclick>ActivateWindow(Weather)</onclick>
            <icon>special://skin/backgrounds/weather.jpg</icon>
            <thumb>$INFO[Skin.String(Home_Custom_Back_Weather_Folder)]</thumb>
            <visible>!Skin.HasSetting(HomeMenuNoWeatherButton)</visible>
            <visible>!Skin.HasSetting(ShowWeatherFanart) | IsEmpty(Skin.String(WeatherFanartDir))</visible>
          </item>
          <item id="6">
            <label>8</label>
            <onclick>ActivateWindow(Weather)</onclick>
            <icon>special://skin/backgrounds/weather.jpg</icon>
            <thumb>$INFO[Skin.String(WeatherFanartDir)]$INFO[Weather.FanartCode]</thumb>
            <visible>!Skin.HasSetting(HomeMenuNoWeatherButton)</visible>
            <visible>Skin.HasSetting(ShowWeatherFanart) + !IsEmpty(Skin.String(WeatherFanartDir))</visible>
          </item>
        </content>
      </control>
    </control>




    <!-- Music Info -->
    <include condition="!Skin.HasSetting(homepageMusicinfo)+!Skin.HasSetting(smallmusichome)">Furniture_HomeNowPlaying</include>
    <include condition="!Skin.HasSetting(homepageMusicinfo)+Skin.HasSetting(smallmusichome)">SmallMusicInfo</include>
    <!-- Video Info -->
    <include condition="!Skin.HasSetting(homepageVideoinfo)">Furniture_HomeNowPlayingVideo</include>
    <!--RSS/Time/Stats-->
    <include condition="Skin.HasSetting(timehomehigh)">timepanelhigh</include>
    <include condition="Skin.HasSetting(totalshomehigh)">librarystatshigh</include>
    <include condition="Skin.HasSetting(rsshomelow)">rsslow</include>
    <!-- Poster Widget-->
    <control type="group">
      <include>Animation_OpenCloseZoom</include>
      <include condition="Skin.HasSetting(HomeRandomPoster)">RandomPosterWidget</include>
      <include condition="Skin.HasSetting(HomeLatestPoster)">LatestPosterWidget</include>
    </control>

  </controls>
</window>
