<window id="28">
	<defaultcontrol always="true">50</defaultcontrol>
	<allowoverlay>no</allowoverlay>
	<views>50,51</views>
	<controls>
		<include>CommonVideoBackground</include>
    <control type="group">
      <include>Animation_OpenCloseZoom</include>
      <visible>Control.IsVisible(50)</visible>
      <include>Furniture_Showcase</include>
    </control>
    <control type="group">
			<include>Animation_OpenCloseZoom</include>		
			<include>CommonRootView</include> <!-- view id = 50 -->
		</control>
    <include>Media_Menu</include>
		<include>ScrollOffsetLabel</include>
    <include condition="Skin.HasSetting(breadcrumb)">Breadcrumbs</include>
    <include>Furniture_NowPlayingWidget</include>
    <include condition="Skin.HasSetting(globaltime)">Furniture_Clock</include>
  </controls>
</window>