<?xml version="1.0"?>
<window type="dialog" id="130">
  <defaultcontrol>1</defaultcontrol>
  <coordinates>
    <system>1</system>
    <posx>0</posx>
    <posy>0</posy>
  </coordinates>
  <include>Animation_DialogPopup</include>
  <visible>Window.IsActive(ProfileSettings)</visible>
  <controls>
    <control type="group">
      <posx>217</posx>
      <posy>216</posy>
      <width>847</width>
      <height>288</height>
      <visible>![Window.IsActive(virtualkeyboard) | Window.IsActive(126) | Window.IsActive(LockSettings)]</visible>
      <control type="image" id="1">
        <description>background image</description>
        <posx>0</posx>
        <posy>0</posy>
        <width>847</width>
        <height>288</height>
        <texture>dialogs/profilesettings_back.png</texture>
      </control>
      <control type="image" id="2">
        <description>Profile Image</description>
        <posx>415</posx>
        <posy>10</posy>
        <width>268</width>
        <height>268</height>
        <align>left</align>
        <texture>unknown-user.png</texture>
        <colordiffuse>d0FFFFFF</colordiffuse>
      </control>
      <control type="group">
        <posx>510</posx>
        <posy>-80</posy>
      <control type="label" id="0">
        <description>Profile Name</description>
        <posx>180</posx>
        <posy>116</posy>
        <width>280</width>
        <align>left</align>
        <font>Font_Info</font>
        <textcolor>DDced8da</textcolor>
        <label>$LOCALIZE[ 20093 ]</label>
      </control>
      <control type="label" id="1000">
        <description>Profile Name</description>
        <posx>180</posx>
        <posy>136</posy>
        <width>280</width>
        <align>left</align>
        <font>Font_Info</font>
        <textcolor>FFFFFFFF</textcolor>
      </control>
      <control type="label" id="0">
        <description>Profile Name</description>
        <posx>180</posx>
        <posy>162</posy>
        <width>280</width>
        <align>left</align>
        <font>Font_Info</font>
        <textcolor>DDced8da</textcolor>
        <label>$LOCALIZE[ 20070 ]</label>
      </control>
      <control type="label" id="1001">
        <description>Profile Directory</description>
        <posx>180</posx>
        <posy>182</posy>
        <width>280</width>
        <align>left</align>
        <font>Font_Info</font>
        <textcolor>FFFFFFFF</textcolor>
      </control>
      </control>
      <control type="spincontrol" id="60">
        <description>Next page button</description>
        <posx>300</posx>
        <posy>300</posy>
        <subtype>int</subtype>
        <font>Font_Reg15</font>
        <onleft>60</onleft>
        <onright>60</onright>
        <ondown>2</ondown>
      </control>
      <control type="grouplist" id="5">
        <description>control area</description>
        <posx>10</posx>
        <posy>20</posy>
        <width>405</width>
        <height>246</height>
        <itemgap>0</itemgap>
        <onup>2</onup>
        <ondown>2</ondown>
        <onleft>28</onleft>
        <onright>28</onright>
      </control>
      <control type="button" id="7">
        <description>Default Button</description>
        <width>405</width>
        <height>41</height>
        <font>Font_Reg18</font>
        <textcolor>FF939597</textcolor>
        <focusedcolor>FFFFFFFF</focusedcolor>
        <textoffsetx>20</textoffsetx>
        <aligny>center</aligny>
        <texturefocus>dialogs/setcontent_button_focus.png</texturefocus>
        <texturenofocus>dialogs/setcontent_button_nofocus.png</texturenofocus>
      </control>
      <control type="radiobutton" id="8">
        <width>405</width>
        <height>41</height>
        <font>Font_Reg18</font>
        <texturefocus>dialogs/setcontent_button_focus.png</texturefocus>
        <texturenofocus>dialogs/setcontent_button_nofocus.png</texturenofocus>
        <textcolor>FF939597</textcolor>
        <focusedcolor>FFFFFFFF</focusedcolor>
        <pulseonselect>false</pulseonselect>
        <radiowidth>94</radiowidth>
        <radioposx>595</radioposx>
        <radioheight>65</radioheight>
        <textoffsetx>20</textoffsetx>
        <aligny>center</aligny>
        <textureradiofocus>settings/settings_radiobuttononfocus.png</textureradiofocus>
        <textureradionofocus>settings/settings_radiobuttonon.png</textureradionofocus>
      </control>
      <control type="spincontrolex" id="9">
        <description>directory content select spincontrol</description>
        <width>405</width>
        <height>41</height>
        <font>Font_Reg18</font>
        <texturefocus>dialogs/setcontent_button_focus.png</texturefocus>
        <texturenofocus>dialogs/setcontent_button_nofocus.png</texturenofocus>
        <textureup>settings/spin-up.png</textureup>
        <texturedown>settings/spin-down.png</texturedown>
        <textureupfocus>settings/spin-up-focus.png</textureupfocus>
        <texturedownfocus>settings/spin-down-focus.png</texturedownfocus>
        <textcolor>FF939597</textcolor>
        <focusedcolor>FFFFFFFF</focusedcolor>
        <pulseonselect>false</pulseonselect>
        <spinposx>-4</spinposx>
        <spinwidth>40</spinwidth>
        <spinheight>65</spinheight>
        <textoffsetx>20</textoffsetx>
        <aligny>center</aligny>
        <reverse>yes</reverse>
      </control>
      <control type="sliderex" id="10">
        <description>Default Slider</description>
        <posx>1530</posx>
        <posy>150</posy>
        <height>31</height>
        <width>300</width>
        <texturefocus>Button-List.png</texturefocus>
        <texturenofocus>-</texturenofocus>
        <sliderwidth>100</sliderwidth>
        <sliderheight>20</sliderheight>
        <texturesliderbar>osd_slider_bg.png</texturesliderbar>
        <textureslidernib>osd_slider_nibNF.png</textureslidernib>
        <textureslidernibfocus>osd_slider_nibFO.png</textureslidernibfocus>
        <font>font12</font>
        <textoffsetx>12</textoffsetx>
      </control>
      <control type="image" id="11">
        <description>separator image</description>
        <width>350</width>
        <height>5</height>
        <texture>-</texture>
      </control>
      <control type="group" id="9001">
        <control type="button" id="28">
          <description>ok button</description>
          <posx>683</posx>
          <posy>230</posy>
          <width>154</width>
          <height>41</height>
          <font>Font_Bold20</font>
          <label>186</label>
          <align>left</align>
          <textcolor>FFf5f5f5</textcolor>
          <focusedcolor>FF262728</focusedcolor>
          <selectedcolor>FF262728</selectedcolor>
          <textoffsetx>20</textoffsetx>
          <onleft>5</onleft>
          <onright>5</onright>
          <onup>29</onup>
          <ondown>29</ondown>
          <texturenofocus>-</texturenofocus>
          <texturefocus>dialogs/setcontent_rightmenu_highlight.png</texturefocus>
        </control>
        <control type="button" id="29">
          <description>cancel button</description>
          <posx>683</posx>
          <posy>189</posy>
          <width>154</width>
          <height>41</height>
          <font>Font_Bold20</font>
          <label>222</label>
          <align>left</align>
          <textcolor>FFf5f5f5</textcolor>
          <focusedcolor>FF262728</focusedcolor>
          <selectedcolor>FF262728</selectedcolor>
          <textoffsetx>20</textoffsetx>
          <onleft>5</onleft>
          <onright>5</onright>
          <onup>28</onup>
          <ondown>28</ondown>
          <texturenofocus>-</texturenofocus>
          <texturefocus>dialogs/setcontent_rightmenu_highlight.png</texturefocus>
        </control>
      </control>
      <control type="image">
        <description>foreground image</description>
        <posx>0</posx>
        <posy>0</posy>
        <width>847</width>
        <height>288</height>
        <texture>dialogs/profilesettings_front.png</texture>
      </control>
    </control>
  </controls>
</window>
