<?xml version="1.0" encoding="UTF-8" standalone="yes"?>
<addon id="repository.aeon.nox" name="Aeon Nox Repository" version="1.0" provider-name="Big_Noid">
	<extension point="xbmc.addon.repository" name="Aeon Nox Repository">
		<info compressed="false">http://aeon--nox.googlecode.com/svn/branches/repository/addons.xml</info>
		<checksum>http://aeon--nox.googlecode.com/svn/branches/repository/addons.xml.md5</checksum>
		<datadir zip="true">http://aeon--nox.googlecode.com/svn/branches/repo</datadir>
	</extension>
	<extension point="xbmc.addon.metadata">
		<summary>Aeon Nox Repository</summary>
		<description>Aeon Nox Repository for XBMC</description>
		<disclaimer></disclaimer>
		<platform>all</platform>
	</extension>
</addon>
