<includes>
  <include file="defaults.xml" />
  <include condition="!Skin.HasSetting(DisableBannersVL)" file="Viewtype_Banners.xml" />
  <include condition="!Skin.HasSetting(DisableBannerWallVL)" file="Viewtype_BannerWall.xml" />
  <include condition="!Skin.HasSetting(DisableInfoListVL)" file="Viewtype_InfoList.xml" />
  <include file="Viewtype_Landscape.xml" />
  <include file="Viewtype_List.xml" />
  <include file="Viewtype_LowList.xml" />
  <include file="Viewtype_LowListMusic.xml" />
  <include condition="!Skin.HasSetting(DisablePanelVL)" file="Viewtype_Panel.xml" />
  <include file="Viewtype_ShowcaseCD.xml" />
  <include file="Viewtype_ShowcaseDVD.xml" />
  <include file="Viewtype_ShowcaseMovies.xml" />
  <include file="Viewtype_ShowcaseSquare.xml" />
  <include file="Viewtype_Wall.xml" />
  <include file="Viewtype_Posters.xml" />
  <include file="Viewtype_AddonWall.xml" />
  <include file="IncludesHomeRecentlyAdded.xml" />
  <include file="Includes_MediaFlags.xml" />
  <include file="Includes_Viewtypes.xml" />
  <include file="Includes_Animations.xml"/>
  <include file="Includes_Showcase.xml"/>
  <include file="Includes_MediaMenu.xml"/>
  <include file="Includes_Showcase_Box.xml"/>
  <include file="Includes_Showcase_Cases.xml"/>
  <include file="Includes_NextAired.xml"/>
  <include file="Includes_Music.xml"/>
  <include file="Includes_HomeWidgets.xml"/>
  <include file="Includes_Visualization.xml"/>
  <include file="Includes_Breadcrumbs.xml"/>
  <include file="Includes_Theme.xml"/>
  <include file="Includes_Weather.xml"/>

  <constant name="FanartCrossfadeTime">500</constant>
  <constant name="IconCrossfadeTime">400</constant>
  <constant name="IconCrossfadeTime2">100</constant>

  <include name="CommonMediaPlayingBackground">
    <control type="image">
      <posx>0</posx>
      <posy>0</posy>
      <width>1280</width>
      <height>720</height>
      <colordiffuse>FF000000</colordiffuse>
      <texture>common/black.png</texture>
      <visible>Player.HasVideo + !Skin.HasSetting(ShowBackgroundVideo)</visible>
    </control>
    <control type="visualisation">
      <posx>0</posx>
      <posy>0</posy>
      <width>1280</width>
      <height>720</height>
      <visible>Player.HasAudio + !Skin.HasSetting(ShowBackgroundVis)</visible>
    </control>
    <control type="videowindow">
      <posx>0</posx>
      <posy>0</posy>
      <width>1280</width>
      <height>720</height>
      <visible>Player.HasVideo + !Skin.HasSetting(ShowBackgroundVideo)</visible>
    </control>
  </include>
  <include name="CommonVideoBackground">
    <control type="multiimage">
      <posx>0</posx>
      <posy>0</posy>
      <width>1280</width>
      <height>720</height>
      <imagepath fallback="special://skin/backgrounds/curtains.jpg" background="true">$INFO[Skin.String(Home_Custom_Back_Video_Folder)]</imagepath>
      <timeperimage>10000</timeperimage>
      <randomize>true</randomize>
      <fadetime>1000</fadetime>
      <include condition="Skin.HasSetting(animatedbg)">Animation_Background</include>
      <include>Animation_OpenCloseZoom</include>
    </control>
    <control type="multiimage">
      <posx>0</posx>
      <posy>0</posy>
      <width>1280</width>
      <height>720</height>
      <imagepath fallback="special://skin/backgrounds/movies.jpg" background="true">$INFO[Skin.String(Home_Custom_Back_Movies_Folder)]</imagepath>
      <timeperimage>10000</timeperimage>
      <randomize>true</randomize>
      <fadetime>1000</fadetime>
      <visible>Container.Content(Movies) + [!IsEmpty(Skin.String(Home_Custom_Back_Movies_Folder)) + Skin.HasSetting(HomeMenuNoMoviesButton)]</visible>
      <include condition="Skin.HasSetting(animatedbg)">Animation_Background</include>
      <include>Animation_OpenCloseZoom</include>
    </control>
    <control type="multiimage">
      <posx>0</posx>
      <posy>0</posy>
      <width>1280</width>
      <height>720</height>
      <imagepath fallback="special://skin/backgrounds/tvshows.jpg" background="true">$INFO[Skin.String(Home_Custom_Back_TVShow_Folder)]</imagepath>
      <timeperimage>10000</timeperimage>
      <randomize>true</randomize>
      <fadetime>1000</fadetime>
      <visible>[Container.Content(TVShows) | Container.Content(Seasons) |Container.Content(Episodes)] + [!IsEmpty(Skin.String(Home_Custom_Back_TVShow_Folder) + Skin.HasSetting(HomeMenuNoTVShowsButton)])</visible>
      <include condition="Skin.HasSetting(animatedbg)">Animation_Background</include>
      <include>Animation_OpenCloseZoom</include>
    </control>
  </include>
  <include name="CommonMusicBackground">
    <control type="multiimage">
      <posx>0</posx>
      <posy>0</posy>
      <width>1280</width>
      <height>720</height>
      <imagepath fallback="special://skin/backgrounds/music.jpg" background="true">$INFO[Skin.String(Home_Custom_Back_Music_Folder)]</imagepath>
      <timeperimage>10000</timeperimage>
      <randomize>true</randomize>
      <fadetime>1000</fadetime>
      <include condition="Skin.HasSetting(animatedbg)">Animation_Background</include>
      <include>Animation_OpenCloseZoom</include>
    </control>
  </include>
  <include name="CommonPictureBackground">
    <control type="multiimage">
      <posx>0</posx>
      <posy>0</posy>
      <width>1280</width>
      <height>720</height>
      <imagepath fallback="special://skin/backgrounds/pictures.jpg" background="true">$INFO[Skin.String(Home_Custom_Back_Pictures_Folder)]</imagepath>
      <timeperimage>10000</timeperimage>
      <randomize>true</randomize>
      <fadetime>1000</fadetime>
      <include condition="Skin.HasSetting(animatedbg)">Animation_Background</include>
      <include>Animation_OpenCloseZoom</include>
    </control>
  </include>
  <include name="CommonProgramsBackground">
    <control type="multiimage">
      <posx>0</posx>
      <posy>0</posy>
      <width>1280</width>
      <height>720</height>
      <imagepath fallback="special://skin/backgrounds/programs.jpg" background="true">$INFO[Skin.String(Home_Custom_Back_Programs_Folder)]</imagepath>
      <timeperimage>10000</timeperimage>
      <randomize>true</randomize>
      <fadetime>1000</fadetime>
      <include condition="Skin.HasSetting(animatedbg)">Animation_Background</include>
      <include>Animation_OpenCloseZoom</include>
    </control>
  </include>
  <include name="CommonScriptBackground">
    <control type="multiimage">
      <posx>0</posx>
      <posy>0</posy>
      <width>1280</width>
      <height>720</height>
      <imagepath fallback="special://skin/backgrounds/scripts.jpg" background="true">$INFO[Skin.String(Home_Custom_Back_Scripts_Folder)]</imagepath>
      <timeperimage>10000</timeperimage>
      <randomize>true</randomize>
      <fadetime>1000</fadetime>
      <include condition="Skin.HasSetting(animatedbg)">Animation_Background</include>
      <include>Animation_OpenCloseZoom</include>
    </control>
  </include>
  <include name="CommonWeatherBackground">
    <control type="multiimage">
      <posx>0</posx>
      <posy>0</posy>
      <width>1280</width>
      <height>720</height>
      <imagepath fallback="special://skin/backgrounds/weather.jpg" background="true">$INFO[Skin.String(Home_Custom_Back_Weather_Folder)]</imagepath>
      <timeperimage>10000</timeperimage>
      <randomize>true</randomize>
      <fadetime>1000</fadetime>
      <visible>![Skin.HasSetting(ShowWeatherFanart) + !IsEmpty(Skin.String(WeatherFanartDir))]</visible>
      <include condition="Skin.HasSetting(animatedbg)">Animation_Background</include>
      <include>Animation_OpenCloseZoom</include>
    </control>
    <control type="multiimage">
      <posx>0</posx>
      <posy>0</posy>
      <width>1280</width>
      <height>720</height>
      <imagepath background="true">$INFO[Skin.String(WeatherFanartDir)]$INFO[Weather.FanartCode]</imagepath>
      <timeperimage>10000</timeperimage>
      <randomize>true</randomize>
      <fadetime>1000</fadetime>
      <visible>Skin.HasSetting(ShowWeatherFanart) + !IsEmpty(Skin.String(WeatherFanartDir))</visible>
      <animation effect="fade" time="200">WindowClose</animation>
      <include condition="Skin.HasSetting(animatedbg)">Animation_Background</include>
      <include>Animation_OpenCloseZoom</include>
    </control>
  </include>
  <include name="CommonSettingsBackground">
    <control type="multiimage">
      <posx>0</posx>
      <posy>0</posy>
      <width>1280</width>
      <height>720</height>
      <imagepath fallback="special://skin/backgrounds/settings.jpg" background="true">$INFO[Skin.String(Home_Custom_Back_Settings_Folder)]</imagepath>
      <timeperimage>10000</timeperimage>
      <randomize>true</randomize>
      <fadetime>1000</fadetime>
      <include condition="Skin.HasSetting(animatedbg)">Animation_Background</include>
    </control>
  </include>
  <include name="CommonAddonsBackground">
    <control type="multiimage">
      <posx>0</posx>
      <posy>0</posy>
      <width>1280</width>
      <height>720</height>
      <imagepath fallback="special://skin/backgrounds/addons.jpg" background="true">$INFO[Skin.String(Home_Custom_Back_Addons_Folder)]</imagepath>
      <timeperimage>10000</timeperimage>
      <randomize>true</randomize>
      <fadetime>1000</fadetime>
      <include condition="Skin.HasSetting(animatedbg)">Animation_Background</include>
      <include>Animation_OpenCloseZoom</include>
    </control>
  </include>
  <include name="BehindDialogFadeOut">
    <control type="image">
      <posx>0</posx>
      <posy>0</posy>
      <width>1280</width>
      <height>720</height>
      <texture>black-back.png</texture>
      <animation effect="fade" time="400">Visible</animation>
      <animation effect="fade" time="200">Hidden</animation>
      <visible>Window.IsActive(MovieInformation) | Window.IsActive(MusicInformation) | Window.IsActive(SongInformation) | Window.IsActive(FileBrowser) | Window.IsActive(TextViewer) | Window.IsActive(AddonSettings) | Window.IsActive(ContentSettings) | Window.IsActive(SelectDialog) | Window.IsActive(FileStackingDialog) | Window.IsActive(MediaSource) | Window.IsActive(PictureInfo) | Window.IsActive(PlayerControls) | Window.IsActive(VirtualKeyboard) | Window.IsActive(NumericInput) | Window.IsActive(ProfileSettings) | Window.IsActive(LockSettings) | Window.IsActive(SmartPlaylistEditor) | Window.IsActive(SmartPlaylistRule) | Window.IsActive(script-Apple_Movie_Trailers-settings.xml) | Window.IsActive(script-Apple_Movie_Trailers-chooser.xml) | Window.IsActive(script-Apple_Movie_Trailers-search.xml) | Window.IsActive(script-Apple_Movie_Trailers-showtimes.xml) | Window.IsActive(script-XBMC_Lyrics-settings.xml) | Window.IsActive(script-RSS_Editor-rssEditor.xml) | Window.IsActive(script-RSS_Editor-setEditor.xml) | Window.IsActive(AddonInformation)</visible>
    </control>
  </include>

  <include name="ButtonInfoDialogsCommonValues">
    <height>40</height>
    <width>170</width>
    <textoffsetx>20</textoffsetx>
    <align>center</align>
    <aligny>center</aligny>
    <font>Font_Reg18</font>
    <texturefocus border="5">dialogs/context_highlight.png</texturefocus>
    <texturenofocus border="5">dialogs/context_nofocus.png</texturenofocus>
    <pulseonselect>false</pulseonselect>
  </include>




  <include name="ScrollOffsetLabel">
    <control type="group">
      <visible>Container.Scrolling + [StringCompare(Container.SortMethod,$LOCALIZE[551]) | StringCompare(Container.SortMethod,$LOCALIZE[561]) | StringCompare(Container.SortMethod,$LOCALIZE[558]) | StringCompare(Container.SortMethod,$LOCALIZE[557]) | StringCompare(Container.SortMethod,$LOCALIZE[556])]</visible>
      <!--<animation effect="slide" start="0,0" end="0,-60" time="100">Visible</animation>
      <animation effect="slide" start="0,-60" end="0,0" delay="400" time="100">Hidden</animation>-->
      <include>Animation_DialogPopup</include>
      <posx>605</posx>
      <posy>320</posy>
      <control type="image">
        <posx>0</posx>
        <posy>0</posy>
        <width>70</width>
        <height>70</height>
        <texture>common/scroll_letter_background.png</texture>
      </control>
      <control type="label">
        <posx>0</posx>
        <posy>0</posy>
        <width>70</width>
        <height>70</height>
        <align>center</align>
        <aligny>center</aligny>
        <label>$INFO[ListItem.SortLetter]</label>
        <textcolor>white</textcolor>
        <font>Font_OSDTitle2</font>
      </control>
    </control>
  </include>


  <include name="Objects_OSDSeekForward">
    <posx>470</posx>
    <posy>0</posy>
    <width>499</width>
    <height>28</height>
    <aligny>center</aligny>
    <align>right</align>
    <font>Font_Reg18</font>
    <textcolor>FF363636</textcolor>
    <include>Animation_CommonFade</include>
  </include>
  <include name="Objects_OSDSeekReverse">
    <posx>29</posx>
    <posy>0</posy>
    <width>499</width>
    <height>28</height>
    <aligny>center</aligny>
    <align>left</align>
    <font>Font_Reg18</font>
    <textcolor>FFececec</textcolor>
    <include>Animation_CommonFade</include>
  </include>
  <include name="Dialogs_Group">
    <posx>386</posx>
    <posy>600</posy>
    <width>509</width>
    <height>91</height>
  </include>
  <include name="Dialogs_Tablet">
    <control type="image">
      <posx>0</posx>
      <posy>0</posy>
      <width>509</width>
      <height>91</height>
      <texture>dialogs/scan_backg.png</texture>
    </control>
  </include>
  <include name="Dialogs_Exclam">
    <control type="image">
      <posx>9</posx>
      <posy>9</posy>
      <width>73</width>
      <height>73</height>
      <texture>dialogs/exclam_icon.png</texture>
      <animation effect="fade" start="100" end="70" time="600" pulse="true" condition="true">Conditional</animation>
    </control>
  </include>
  <include name="Dialogs_Busy">
    <control type="image">
      <posx>9</posx>
      <posy>9</posy>
      <width>73</width>
      <height>73</height>
      <texture>dialogs/busy.png</texture>
      <animation effect="rotate" start="360" end="0" center="auto" time="1000" loop="true" condition="true">conditional</animation>
      <animation effect="fade" start="20" time="600" condition="true" pulse="true">Conditional</animation>
    </control>
  </include>
  <include name="Dialogs_HardDrive">
    <control type="image">
      <posx>12</posx>
      <posy>4</posy>
      <width>67</width>
      <height>83</height>
      <texture>dialogs/scan_icon.png</texture>
    </control>
  </include>
  <include name="Dialogs_VolumeIcon">
    <control type="image">
      <posx>6</posx>
      <posy>4</posy>
      <width>81</width>
      <height>82</height>
      <texture>dialogs/volume_icon.png</texture>
    </control>
  </include>
  <include name="Dialogs_Progress">
    <description>Progressbar</description>
    <posx>85</posx>
    <posy>3</posy>
    <width>412</width>
    <height>85</height>
    <reveal>true</reveal>
    <texturebg>dialogs/scan_blank.png</texturebg>
    <lefttexture>common/blank.png</lefttexture>
    <midtexture>dialogs/scan_fill.png</midtexture>
    <righttexture>common/blank.png</righttexture>
    <overlaytexture>-</overlaytexture>
  </include>
  <include name="Dialogs_LabelVars">
    <posx>105</posx>
    <width>376</width>
    <height>21</height>
    <textcolor>abFFFFFF</textcolor>
    <align>left</align>
    <font>Font_Info</font>
    <scroll>true</scroll>
  </include>

  <include name="Dialogs_Label1">
    <posy>8</posy>
    <include>Dialogs_LabelVars</include>
  </include>
  <include name="Dialogs_Label2">
    <posy>26</posy>
    <include>Dialogs_LabelVars</include>
  </include>
  <include name="Dialogs_Label3">
    <posy>44</posy>
    <include>Dialogs_LabelVars</include>
  </include>
  <include name="Dialogs_Label4">
    <posy>62</posy>
    <include>Dialogs_LabelVars</include>
  </include>
  <include name="Objects_MediaMenuButton">
    <height>34</height>
    <width>195</width>
    <texturenofocus>-</texturenofocus>
    <texturefocus>settings/listselect.png</texturefocus>
    <alttexturenofocus>-</alttexturenofocus>
    <alttexturefocus>settings/listselect.png</alttexturefocus>
    <pulseonselect>false</pulseonselect>
    <textcolor>60FFFFFF</textcolor>
    <focusedcolor>d0ffffff</focusedcolor>
    <disabledcolor>3cFFFFFF</disabledcolor>
    <textoffsetx>10</textoffsetx>
    <align>left</align>
    <font>Font_Reg19</font>
    <include>Animation_CommonFade</include>
  </include>
  <include name="Objects_MediaMenuButton2">
    <height>34</height>
    <width>195</width>
    <texturenofocus>-</texturenofocus>
    <texturefocus flipx="true">settings/listselect.png</texturefocus>
    <alttexturenofocus>-</alttexturenofocus>
    <alttexturefocus flipx="true">settings/listselect.png</alttexturefocus>
    <pulseonselect>false</pulseonselect>
    <textcolor>60FFFFFF</textcolor>
    <focusedcolor>d0ffffff</focusedcolor>
    <disabledcolor>3cFFFFFF</disabledcolor>
    <textoffsetx>10</textoffsetx>
    <align>left</align>
    <font>Font_Reg19</font>
    <include>Animation_CommonFade</include>
  </include>
  <include name="Objects_ButtonMenu09Group">
    <height>390</height>
  </include>
  <include name="Objects_ButtonMenu10Group">
    <height>429</height>
  </include>
  <include name="Objects_ButtonMenu11Group">
    <height>468</height>
  </include>
  <include name="Objects_ButtonMenu12Group">
    <height>506</height>
  </include>
  <include name="Objects_ContextMenuButton">
    <description>button template</description>
    <posx>0</posx>
    <posy>0</posy>
    <height>39</height>
    <width>308</width>
    <textcolor>abFFFFFF</textcolor>
    <focusedcolor>FFdfdfdf</focusedcolor>
    <texturenofocus>dialogs/context_nofocus.png</texturenofocus>
    <texturefocus>dialogs/context_highlight.png</texturefocus>
    <alttexturefocus>dialogs/context_highlight.png</alttexturefocus>
    <alttexturenofocus>dialogs/context_nofocus.png</alttexturenofocus>
    <align>center</align>
    <aligny>top</aligny>
    <font>Font_Reg19</font>
    <textoffsety>8</textoffsety>
  </include>
  <include name="Objects_FSInfoButton">
    <textcolor>FF868686</textcolor>
    <focusedcolor>FFececec</focusedcolor>
    <disabledcolor>66868686</disabledcolor>
    <texturenofocus>dialogs/context_nofocus.png</texturenofocus>
    <texturefocus>dialogs/context_highlight.png</texturefocus>
    <align>center</align>
    <textoffsetx>0</textoffsetx>
    <textoffsety>8</textoffsety>
    <width>120</width>
    <height>29</height>
    <aligny>center</aligny>
    <font>Font_Reg19</font>
  </include>
  <include name="HiddenObject">
    <posy>-1200</posy>
    <posx>-1200</posx>
    <width>0</width>
    <height>0</height>
  </include>

 

  <include name="subcolornofocus">
    <textcolor>ff969696</textcolor>
    <selectedcolor>9b3cd2fd</selectedcolor>
  </include>
  <include name="listcolornofocus">
    <selectedcolor>9b3cd2fd</selectedcolor>
    <textcolor>dcffffff</textcolor>
  </include>
  <include name="subcolorfocus">
    <textcolor>ff2e2e2e</textcolor>
    <selectedcolor>9b3cd2fd</selectedcolor>
  </include>
  <include name="listcolorfocus">
    <textcolor>ff2e2e2e</textcolor>
    <selectedcolor>black</selectedcolor>
  </include>
  <include name="detailcolornofocus">
    <textcolor>dcbdbdbd</textcolor>
    <selectedcolor>dcbdbdbd</selectedcolor>
  </include>
  <include name="detailcolorfocus">
    <textcolor>FF585858</textcolor>
    <selectedcolor>FF585858</selectedcolor>
  </include>
  <include name="Furniture_NowPlayingWidget">
    <control type="group">
      <include>Animation_WidgetZoom</include>
      <animation effect="slide" time="800" start="0,0" end="-86,0" tween="cubic" easing="inout" condition="[Control.IsVisible(501)|Control.IsVisible(503)|Control.IsVisible(504)|Control.IsVisible(510)]+Container.Content(movies)+Skin.HasSetting(breadcrumb)">Conditional</animation>
      <visible>Player.HasMedia</visible>
      <visible>!SubString(Window(videolibrary).Property(TvTunesIsAlive),True)</visible>
      <posx>0</posx>
      <posy>0</posy>
      <control type="image">
        <width>481</width>
        <height>27</height>
        <texture flipy="true" flipx="true">home/timepanel_mid.png</texture>
        <visible>!Skin.HasSetting(breadcrumb)</visible>
      </control>
      <control type="progress" id="20">
        <description>Progressbar</description>
        <posx>340</posx>
        <posy>1</posy>
        <width>120</width>
        <height>13</height>
        <texturebg>osd/seek/progress_back.png</texturebg>
        <lefttexture>osd/seek/progress_left.png</lefttexture>
        <midtexture>osd/seek/progress_mid.png</midtexture>
        <righttexture>osd/seek/progress_right.png</righttexture>
        <overlaytexture>-</overlaytexture>
        <info>Player.Progress</info>
      </control>
      <control type="label">
        <posx>90</posx>
        <posy>-3</posy>
        <width>240</width>
        <height>18</height>
        <font>Font_Reg14</font>
        <textcolor>a8FFFFFF</textcolor>
        <scroll>true</scroll>
        <label>[UPPERCASE][COLOR a8FFFFFF]$INFO[MusicPlayer.Artist][/COLOR][/UPPERCASE]</label>
      </control>
      <control type="label">
        <posx>92</posx>
        <posy>10</posy>
        <width>240</width>
        <height>18</height>
        <font>Font_Reg14</font>
        <textcolor>a8FFFFFF</textcolor>
        <scroll>true</scroll>
        <label>[UPPERCASE][COLOR FFFFFFFF]$INFO[MusicPlayer.Title][/COLOR][/UPPERCASE]</label>
      </control>
      <control type="label">
        <posx>88</posx>
        <posy>-3</posy>
        <width>240</width>
        <height>18</height>
        <font>Font_Reg14</font>
        <textcolor>a8FFFFFF</textcolor>
        <scroll>true</scroll>
        <label>[UPPERCASE][COLOR a8FFFFFF]$INFO[Videoplayer.TVShowTitle][/COLOR][/UPPERCASE]</label>
      </control>
      <control type="label">
        <posx>88</posx>
        <posy>3</posy>
        <width>240</width>
        <height>18</height>
        <font>Font_Reg14</font>
        <textcolor>a8FFFFFF</textcolor>
        <scroll>true</scroll>
        <label>[UPPERCASE][COLOR FFFFFFFF]$INFO[Videoplayer.Title][/COLOR][/UPPERCASE]</label>
        <animation effect="slide" start="0,0" end="0,7" time="0" condition="!IsEmpty(Videoplayer.TVShowTitle)">Conditional</animation>
        <visible>VideoPlayer.Content(movies)</visible>
      </control>
      <control type="label">
        <posx>88</posx>
        <posy>3</posy>
        <width>310</width>
        <height>18</height>
        <font>Font_Reg14</font>
        <textcolor>a8FFFFFF</textcolor>
        <scroll>true</scroll>
        <label>[UPPERCASE][COLOR FFFFFFFF]$INFO[Videoplayer.Title][/COLOR][/UPPERCASE]</label>
        <animation effect="slide" start="0,0" end="0,7" time="0" condition="!IsEmpty(Videoplayer.TVShowTitle)">Conditional</animation>
        <visible>!VideoPlayer.Content(movies)</visible>
      </control>
      <control type="label">
        <description>Current time</description>
        <posx>300</posx>
        <posy>10</posy>
        <width>200</width>
        <height>20</height>
        <font>Font_Reg14</font>
        <label>$INFO[MusicPlayer.Time] / $INFO[MusicPlayer.Duration]</label>
        <align>center</align>
      </control>
      <control type="group">
        <animation effect="slide" start="0,0" end="0,8" time="0" condition="VideoPlayer.Content(movies)">Conditional</animation>
        <control type="image">
          <description>Cd overlay</description>
          <animation effect="rotate" end="-360" center="auto" time="5000" loop="true" reversible="false" condition="!Player.Paused">Conditional</animation>
          <animation effect="fade" time="100">Hidden</animation>
          <aspectratio>keep</aspectratio>
          <width>59</width>
          <height>59</height>
          <posx>27</posx>
          <posy>3</posy>
          <fadetime>300</fadetime>
          <visible>VideoPlayer.Content(movies) | Player.HasAudio | VideoPlayer.Content(episodes)</visible>
          <include condition="!Skin.HasSetting(vinylart)+!Skin.HasSetting(blurayart)">cdart</include>
          <include condition="Skin.HasSetting(vinylart)">vinylart</include>
          <include condition="Skin.HasSetting(blurayart)">blurayart</include>
          <aspectratio align="bottom">keep</aspectratio>
        </control>
      </control>
      <control type="image">
        <description>COVER</description>
        <aspectratio>stretch</aspectratio>
        <width>61</width>
        <height>61</height>
        <posx>4</posx>
        <posy>2</posy>
        <visible>Player.HasAudio + !Control.IsVisible(560) + !Control.IsVisible(54)</visible>
        <animation effect="fade" time="800">Hidden</animation>
        <texture background="true" fallback="DefaultAlbumCover.png" diffuse="thumbs/cdcover_mask2.png">$INFO[MusicPlayer.Cover]</texture>
      </control>

      <control type="image">
        <description>COVER</description>
        <aspectratio scalediffuse="false">scale</aspectratio>
        <width>60</width>
        <height>75</height>
        <posx>4</posx>
        <posy>2</posy>
        <visible>VideoPlayer.Content(movies)+ !Control.IsVisible(560) + !Control.IsVisible(54)</visible>
        <animation effect="fade" time="800">Hidden</animation>
        <texture background="true" fallback="DefaultVideo.png" diffuse="thumbs/cdcover_mask2.png">$INFO[VideoPlayer.Cover]</texture>
      </control>
    </control>
  </include>
  <include name="Objects_KeyOffVars">
    <textcolor>77FFFFFF</textcolor>
    <focusedcolor>77FFFFFF</focusedcolor>
    <selectedcolor>77FFFFFF</selectedcolor>
    <align>center</align>
    <aligny>top</aligny>
    <textoffsety>21</textoffsety>
    <font>Font_Reg19</font>
  </include>
  <include name="Objects_KeyOnVars">
    <textcolor>FFFFFFFF</textcolor>
    <focusedcolor>FFFFFFFF</focusedcolor>
    <selectedcolor>FFFFFFFF</selectedcolor>
    <align>center</align>
    <aligny>top</aligny>
    <textoffsety>21</textoffsety>
    <include>Animation_VisibleChange200</include>
    <include>Animation_WindowFade200</include>
    <font>Font_Reg19</font>
  </include>
  <include name="Objects_DoubleKeyOff">
    <posy>0</posy>
    <width>110</width>
    <height>68</height>
    <texturefocus>keyboard/keyboard_doublenf.png</texturefocus>
    <texturenofocus>keyboard/keyboard_doublenf.png</texturenofocus>
    <include>Objects_KeyOffVars</include>
  </include>
  <include name="Objects_DoubleKeyOffSymbol">
    <posy>0</posy>
    <width>110</width>
    <height>68</height>
    <texturefocus>keyboard/keyboard_doublenf.png</texturefocus>
    <texturenofocus>keyboard/keyboard_doublenf.png</texturenofocus>
    <textcolor>77FFFFFF</textcolor>
    <focusedcolor>77FFFFFF</focusedcolor>
    <selectedcolor>77FFFFFF</selectedcolor>
    <align>center</align>
    <aligny>top</aligny>
    <textoffsety>21</textoffsety>
    <font>Font_Reg19</font>
  </include>
  <include name="Objects_SingleKeyOff">
    <posy>0</posy>
    <width>68</width>
    <height>68</height>
    <texturefocus>keyboard/keyboard_singlenf.png</texturefocus>
    <texturenofocus>keyboard/keyboard_singlenf.png</texturenofocus>
    <include>Objects_KeyOffVars</include>
  </include>
  <include name="Objects_DoubleKeyOn">
    <posy>0</posy>
    <width>110</width>
    <height>68</height>
    <texturefocus>keyboard/keyboard_doublef.png</texturefocus>
    <texturenofocus>keyboard/keyboard_doublef.png</texturenofocus>
    <include>Objects_KeyOnVars</include>
  </include>
  <include name="Objects_DoubleKeyOnSymbol">
    <posy>0</posy>
    <width>110</width>
    <height>68</height>
    <texturefocus>keyboard/keyboard_doublef.png</texturefocus>
    <texturenofocus>keyboard/keyboard_doublef.png</texturenofocus>
    <textcolor>FFFFFFFF</textcolor>
    <focusedcolor>FFFFFFFF</focusedcolor>
    <selectedcolor>FFFFFFFF</selectedcolor>
    <align>center</align>
    <aligny>top</aligny>
    <textoffsety>21</textoffsety>
    <include>Animation_VisibleChange200</include>
    <include>Animation_WindowFade200</include>
    <font>Font_Reg19</font>
  </include>
  <include name="Objects_SingleKeyOn">
    <posy>0</posy>
    <width>68</width>
    <height>68</height>
    <texturefocus>keyboard/keyboard_singlef.png</texturefocus>
    <texturenofocus>keyboard/keyboard_singlef.png</texturenofocus>
    <include>Objects_KeyOnVars</include>
  </include>
  <include name="Objects_TripleKeyOn">
    <posy>0</posy>
    <width>152</width>
    <height>68</height>
    <texturefocus>keyboard/keyboard_triplef.png</texturefocus>
    <texturenofocus>keyboard/keyboard_triplef.png</texturenofocus>
    <include>Objects_KeyOnVars</include>
  </include>
  <include name="Furniture_Clock">
    <control type="group">
      <visible>!ControlGroup(9000).HasFocus+!Control.HasFocus(109)</visible>
      <include>Animation_WidgetZoom</include>
      <control type="image">
        <posx>900</posx>
        <posy>0</posy>
        <width>451</width>
        <height>27</height>
        <texture flipy="true">home/timepanel_mid.png</texture>
      </control>
      <control type="label">
        <description>time label</description>
        <posx>1270</posx>
        <posy>0</posy>
        <width>400</width>
        <height>27</height>
        <align>right</align>
        <aligny>center</aligny>
        <font>Font_Info</font>
        <textcolor>dcFFFFFF</textcolor>
        <shadowcolor>-</shadowcolor>
        <label>[UPPERCASE][COLOR FFe5e5e5]$INFO[System.Date]  |  [/COLOR][COLOR FFcdcdcd]$INFO[System.Time][/COLOR][/UPPERCASE]</label>
      </control>
    </control>
  </include>
  <include name="Furniture_SettingsBackPanel">
    <control type="image">
      <description>background image</description>
      <posx>23</posx>
      <posy>23</posy>
      <width>1233</width>
      <height>673</height>
      <texture>settings/settings_panelback.png</texture>
    </control>
    <include condition="Skin.HasSetting(effect_bg)">BG_Effect_Settings_Panel</include>
  </include>
  <include name="Furniture_SettingsInternalBackPanel">
    <posx>234</posx>
    <posy>40</posy>
    <width>1035</width>
    <height>638</height>
    <texture background="true">settings/settings_intframe_bottom.png</texture>
  </include>
  <include name="NoShutdownWarning">
    <onclick>Shutdown()</onclick>
  </include>
  <include name="ShutdownWarning">
    <onclick>ActivateWindow(1113)</onclick>
  </include>
 
  <include name="StartUpNoCustomfocus">
    <control type="button" id="8999">
      <description>Run Recently added</description>
      <posx>-20</posx>
      <posy>-20</posy>
      <width>1</width>
      <height>1</height>
      <label>-</label>
      <font>-</font>
      <onfocus>XBMC.RunScript(script.recentlyadded,limit=8&amp;albums=False&amp;unplayed=True&amp;totals=True)</onfocus>
      <onfocus>SetFocus(9000)</onfocus>
      <texturenofocus>-</texturenofocus>
      <texturefocus>-</texturefocus>
      <visible>Skin.HasSetting(homepageHideRecentlyAdded)</visible>
    </control>
 
    <control type="button" id="8999">
      <description>Don't run Recently added</description>
      <posx>-20</posx>
      <posy>-20</posy>
      <width>1</width>
      <height>1</height>
      <label>-</label>
      <font>-</font>
      <onfocus>SetFocus(9000)</onfocus>
      <texturenofocus>-</texturenofocus>
      <texturefocus>-</texturefocus>
      <visible>!Skin.HasSetting(homepageHideRecentlyAdded)</visible>
    </control>
  </include>
  <include name="StartupCustomFocus">
    <control type="button" id="8999">
      <description>Run Recently added</description>
      <posx>-20</posx>
      <posy>-20</posy>
      <width>1</width>
      <height>1</height>
      <label>-</label>
      <font>-</font>
      <onfocus>XBMC.RunScript(script.recentlyadded,limit=8&amp;albums=False&amp;unplayed=True&amp;totals=True)</onfocus>
      <onfocus>SetFocus(8998)</onfocus>
      <texturenofocus>-</texturenofocus>
      <texturefocus>-</texturefocus>
      <visible>Skin.HasSetting(homepageHideRecentlyAdded)</visible>
    </control>
    <control type="button" id="8998">
      <description>Run Recently added</description>
      <posx>-20</posx>
      <posy>-20</posy>
      <width>1</width>
      <height>1</height>
      <label>-</label>
      <font>-</font>
      <onfocus>XBMC.RunScript(script.randomitems,limit=8&amp;unplayed=True)</onfocus>
      <onfocus>Control.Move(9000,$INFO[Skin.String(CustomFocusOffset)])</onfocus>
      <onfocus>SetFocus(9000)</onfocus>
      <texturenofocus>-</texturenofocus>
      <texturefocus>-</texturefocus>
      <visible>Skin.HasSetting(homepageHideRecentlyAdded)+Window.Previous(startup)</visible>
    </control>
    <control type="button" id="8998">
      <description>Run Recently added</description>
      <posx>-20</posx>
      <posy>-20</posy>
      <width>1</width>
      <height>1</height>
      <label>-</label>
      <font>-</font>
      <onfocus>XBMC.RunScript(script.randomitems,limit=8&amp;unplayed=True)</onfocus>
      <onfocus>SetFocus(9000)</onfocus>
      <texturenofocus>-</texturenofocus>
      <texturefocus>-</texturefocus>
      <visible>Skin.HasSetting(homepageHideRecentlyAdded)+!Window.Previous(startup)</visible>
    </control>
    <control type="button" id="8999">
      <description>Don't run Recently added</description>
      <posx>-20</posx>
      <posy>-20</posy>
      <width>1</width>
      <height>1</height>
      <label>-</label>
      <font>-</font>
      <onfocus>Control.Move(9000,$INFO[Skin.String(CustomFocusOffset)])</onfocus>
      <onfocus>SetFocus(9000)</onfocus>
      <texturenofocus>-</texturenofocus>
      <texturefocus>-</texturefocus>
      <visible>!Skin.HasSetting(homepageHideRecentlyAdded)</visible>
    </control>
  </include>
  <include name="cdart">
    <texture background="true" fallback="common/cdart/default.png">$INFO[Player.FolderPath]cdart.png</texture>
  </include>
  <include name="vinylart">
    <texture background="true" fallback="common/cdart/vinyl.png">$INFO[Player.FolderPath]cdart.png</texture>
  </include>
  <include name="blurayart">
    <texture background="true" fallback="common/cdart/bd.png">$INFO[Player.FolderPath]cdart.png</texture>
  </include>
  <include name="HomeButton10_MenuLow">
    <control type="button" id="10">
      <description>Power push button</description>
      <include>HiddenObject</include>
      <onfocus>SetFocus(8001)</onfocus>
      <texturefocus>-</texturefocus>
      <texturenofocus>-</texturenofocus>
      <onleft>21</onleft>
      <onright>9000</onright>
      <onup>9000</onup>
      <ondown>9000</ondown>
      <visible>Container(9000).Hasfocus(11)</visible>
    </control>
    <control type="button" id="10">
      <description>Power push button</description>
      <include>HiddenObject</include>
      <onfocus>SetFocus(8002)</onfocus>
      <texturefocus>-</texturefocus>
      <texturenofocus>-</texturenofocus>
      <onleft>21</onleft>
      <onright>9000</onright>
      <onup>9000</onup>
      <ondown>9000</ondown>
      <visible>Container(9000).Hasfocus(3)</visible>
    </control>
    <control type="button" id="10">
      <description>Power push button</description>
      <include>HiddenObject</include>
      <onfocus>SetFocus(8000)</onfocus>
      <texturefocus>-</texturefocus>
      <texturenofocus>-</texturenofocus>
      <onleft>21</onleft>
      <onright>9000</onright>
      <onup>9000</onup>
      <ondown>9000</ondown>
      <visible>Container(9000).Hasfocus(10)+[Skin.HasSetting(HomeLatestMovies)|Skin.HasSetting(HomeRandomMovies)]</visible>
    </control>
    <control type="button" id="10">
      <description>Power push button</description>
      <include>HiddenObject</include>
      <onfocus>SetFocus(8003)</onfocus>
      <texturefocus>-</texturefocus>
      <texturenofocus>-</texturenofocus>
      <onleft>21</onleft>
      <onright>9000</onright>
      <onup>9000</onup>
      <ondown>9000</ondown>
      <visible>Container(9000).Hasfocus(10)+[Skin.HasSetting(HomeRandomPoster)|Skin.HasSetting(HomeLatestPoster)]+!Skin.HasSetting(HomeRandomMovies)+!Skin.HasSetting(HomeLatestMovies)</visible>
    </control>
  </include>
  <include name="HomeButton10_MenuNormal">
    <control type="button" id="10">
      <description>Power push button</description>
      <include>HiddenObject</include>
      <onfocus>Skin.ToggleSetting(lowermainmenu)</onfocus>
      <onfocus>SetFocus(9000)</onfocus>
      <texturefocus>-</texturefocus>
      <texturenofocus>-</texturenofocus>
      <onleft>21</onleft>
      <onright>9000</onright>
      <onup>9000</onup>
      <ondown>9000</ondown>
      <visible>![Container(9000).Hasfocus(10)+[Skin.HasSetting(HomeRandomPoster)|Skin.HasSetting(HomeLatestPoster)]]</visible>
    </control>
    <control type="button" id="10">
      <description>Power push button</description>
      <include>HiddenObject</include>
      <onfocus>SetFocus(8003)</onfocus>
      <texturefocus>-</texturefocus>
      <texturenofocus>-</texturenofocus>
      <onleft>21</onleft>
      <onright>9000</onright>
      <onup>9000</onup>
      <ondown>9000</ondown>
      <visible>Container(9000).Hasfocus(10)+[Skin.HasSetting(HomeRandomPoster)|Skin.HasSetting(HomeLatestPoster)]</visible>
    </control>
  </include>
  <include name="HomeButton10_MenuLock">
    <control type="button" id="10">
      <description>Power push button</description>
      <include>HiddenObject</include>
      <onfocus>SetFocus(9000)</onfocus>
      <texturefocus>-</texturefocus>
      <texturenofocus>-</texturenofocus>
      <onleft>21</onleft>
      <onright>9000</onright>
      <onup>9000</onup>
      <ondown>9000</ondown>
      <visible>![Container(9000).Hasfocus(10)+[Skin.HasSetting(HomeRandomPoster)|Skin.HasSetting(HomeLatestPoster)]]</visible>
    </control>
    <control type="button" id="10">
      <description>Power push button</description>
      <include>HiddenObject</include>
      <onfocus>SetFocus(8003)</onfocus>
      <texturefocus>-</texturefocus>
      <texturenofocus>-</texturenofocus>
      <onleft>21</onleft>
      <onright>9000</onright>
      <onup>9000</onup>
      <ondown>9000</ondown>
      <visible>Container(9000).Hasfocus(10)+[Skin.HasSetting(HomeRandomPoster)|Skin.HasSetting(HomeLatestPoster)]</visible>
    </control>
  </include>
  <include name="HomeButton340_MenuNormal">
    <control type="button" id="340">
      <description>Invisible button: Latest/Random Movies</description>
      <include>HiddenObject</include>
      <texturefocus>-</texturefocus>
      <texturenofocus>-</texturenofocus>
      <onfocus>SetFocus(8000)</onfocus>
      <visible>Container(9000).HasFocus(10)</visible>
    </control>
    <control type="button" id="340">
      <description>Invisible button: Latest/Random TV</description>
      <include>HiddenObject</include>
      <texturefocus>-</texturefocus>
      <texturenofocus>-</texturenofocus>
      <onfocus>SetFocus(8001)</onfocus>
      <visible>Container(9000).HasFocus(11)</visible>
    </control>
    <control type="button" id="340">
      <description>Invisible button: Latest/Random Music</description>
      <include>HiddenObject</include>
      <texturefocus>-</texturefocus>
      <texturenofocus>-</texturenofocus>
      <onfocus>SetFocus(8002)</onfocus>
      <visible>Container(9000).HasFocus(3)</visible>
    </control>
  </include>
  <include name="HomeButton340_MenuLow">
    <control type="button" id="340">
      <description>Invisible button: Latest/Random Movies</description>
      <include>HiddenObject</include>
      <texturefocus>-</texturefocus>
      <texturenofocus>-</texturenofocus>
      <onfocus>SetFocus(9000)</onfocus>
      <visible>!Container(9000).HasFocus(10)</visible>
    </control>
    <control type="button" id="340">
      <description>Invisible button: Latest/Random Movies</description>
      <include>HiddenObject</include>
      <texturefocus>-</texturefocus>
      <texturenofocus>-</texturenofocus>
      <onfocus>SetFocus(8003)</onfocus>
      <visible>Container(9000).HasFocus(10)</visible>
    </control>
  </include>
  <include name="CustomSubMusic1">
    <item id="90122">
      <label>$INFO[Skin.String(HomeMusicPlaylist1_Label)]</label>
      <onclick>XBMC.ActivateWindow(10025,$INFO[Skin.String(HomeMusicPlaylist1_Path)],return)</onclick>
      <visible>Container(9000).HasFocus(3)+Skin.HasSetting(HomeMusicPlaylist1)+!IsEmpty(Skin.String(HomeMusicPlaylist1_Label))</visible>
    </item>
  </include>
  <include name="CustomSubMusic2">
    <item id="90123">
      <label>$INFO[Skin.String(HomeMusicPlaylist2_Label)]</label>
      <onclick>XBMC.ActivateWindow(10025,$INFO[Skin.String(HomeMusicPlaylist2_Path)],return)</onclick>
      <visible>Container(9000).HasFocus(3)+Skin.HasSetting(HomeMusicPlaylist2)+!IsEmpty(Skin.String(HomeMusicPlaylist2_Label))</visible>
    </item>
  </include>
  <include name="CustomSubMusic3">
    <item id="90124">
      <label>$INFO[Skin.String(HomeMusicPlaylist3_Label)]</label>
      <onclick>XBMC.ActivateWindow(10025,$INFO[Skin.String(HomeMusicPlaylist3_Path)],return)</onclick>
      <visible>Container(9000).HasFocus(3)+Skin.HasSetting(HomeMusicPlaylist3)+!IsEmpty(Skin.String(HomeMusicPlaylist3_Label))</visible>
    </item>
  </include>
  <include name="CustomSubMusic4">
    <item id="90125">
      <label>$INFO[Skin.String(HomeMenuSubMusicFavourite1_Label)]</label>
      <onclick>$INFO[Skin.String(HomeMenuSubMusicFavourite1_Path)]</onclick>
      <visible>Container(9000).HasFocus(3)+Skin.HasSetting(HomeMenuSubMusicFavourite1)+!IsEmpty(Skin.String(HomeMenuSubMusicFavourite1_Label))</visible>
    </item>
  </include>
  <include name="CustomSubMusic5">
    <item id="90126">
      <label>$INFO[Skin.String(HomeMenuSubMusicFavourite2_Label)]</label>
      <onclick>$INFO[Skin.String(HomeMenuSubMusicFavourite2_Path)]</onclick>
      <visible>Container(9000).HasFocus(3)+Skin.HasSetting(HomeMenuSubMusicFavourite2)+!IsEmpty(Skin.String(HomeMenuSubMusicFavourite2_Label))</visible>
    </item>
  </include>
  <include name="CustomSubMusic6">
    <item id="90127">
      <label>$INFO[Skin.String(HomeMenuSubMusicFavourite3_Label)]</label>
      <onclick>$INFO[Skin.String(HomeMenuSubMusicFavourite3_Path)]</onclick>
      <visible>Container(9000).HasFocus(3)+Skin.HasSetting(HomeMenuSubMusicFavourite3)+!IsEmpty(Skin.String(HomeMenuSubMusicFavourite3_Label))</visible>
    </item>
  </include>
  <include name="CustomSubMovies1">
    <item id="90180">
      <label>$INFO[Skin.String(HomeMoviePlaylist1_Label)]</label>
      <onclick>XBMC.ActivateWindow(10025,$INFO[Skin.String(HomeMoviePlaylist1_Path)],return)</onclick>
      <visible>Container(9000).HasFocus(10)+Skin.HasSetting(HomeMoviePlaylist1)+!IsEmpty(Skin.String(HomeMoviePlaylist1_Label))</visible>
    </item>
  </include>
  <include name="CustomSubMovies2">
    <item id="90181">
      <label>$INFO[Skin.String(HomeMoviePlaylist2_Label)]</label>
      <onclick>XBMC.ActivateWindow(10025,$INFO[Skin.String(HomeMoviePlaylist2_Path)],return)</onclick>
      <visible>Container(9000).HasFocus(10)+Skin.HasSetting(HomeMoviePlaylist2)+!IsEmpty(Skin.String(HomeMoviePlaylist2_Label))</visible>
    </item>
  </include>
  <include name="CustomSubMovies3">
    <item id="90182">
      <label>$INFO[Skin.String(HomeMoviePlaylist3_Label)]</label>
      <onclick>XBMC.ActivateWindow(10025,$INFO[Skin.String(HomeMoviePlaylist3_Path)],return)</onclick>
      <visible>Container(9000).HasFocus(10)+Skin.HasSetting(HomeMoviePlaylist3)+!IsEmpty(Skin.String(HomeMoviePlaylist3_Label))</visible>
    </item>
  </include>
  <include name="CustomSubMovies4">
    <item id="90183">
      <label>$INFO[Skin.String(HomeMenuSubMoviesFavourite1_Label)]</label>
      <onclick>$INFO[Skin.String(HomeMenuSubMoviesFavourite1_Path)]</onclick>
      <visible>Container(9000).HasFocus(10)+Skin.HasSetting(HomeMenuSubMoviesFavourite1)+!IsEmpty(Skin.String(HomeMenuSubMoviesFavourite1_Label))</visible>
    </item>
  </include>
  <include name="CustomSubMovies5">
    <item id="90184">
      <label>$INFO[Skin.String(HomeMenuSubMoviesFavourite2_Label)]</label>
      <onclick>$INFO[Skin.String(HomeMenuSubMoviesFavourite2_Path)]</onclick>
      <visible>Container(9000).HasFocus(10)+Skin.HasSetting(HomeMenuSubMoviesFavourite2)+!IsEmpty(Skin.String(HomeMenuSubMoviesFavourite2_Label))</visible>
    </item>
  </include>
  <include name="CustomSubMovies6">
    <item id="90185">
      <label>$INFO[Skin.String(HomeMenuSubMoviesFavourite3_Label)]</label>
      <onclick>$INFO[Skin.String(HomeMenuSubMoviesFavourite3_Path)]</onclick>
      <visible>Container(9000).HasFocus(10)+Skin.HasSetting(HomeMenuSubMoviesFavourite3)+!IsEmpty(Skin.String(HomeMenuSubMoviesFavourite3_Label))</visible>
    </item>
  </include>
  <include name="CustomSubTV1">
    <item id="90176">
      <label>$INFO[Skin.String(HomeTVPlaylist1_Label)]</label>
      <onclick>XBMC.ActivateWindow(10025,$INFO[Skin.String(HomeTVPlaylist1_Path)],return)</onclick>
      <visible>Container(9000).HasFocus(11)+Skin.HasSetting(HomeTVPlaylist1)+!IsEmpty(Skin.String(HomeTVPlaylist1_Label))</visible>
    </item>
  </include>
  <include name="CustomSubTV2">
    <item id="90177">
      <label>$INFO[Skin.String(HomeTVPlaylist2_Label)]</label>
      <onclick>XBMC.ActivateWindow(10025,$INFO[Skin.String(HomeTVPlaylist2_Path)],return)</onclick>
      <visible>Container(9000).HasFocus(11)+Skin.HasSetting(HomeTVPlaylist2)+!IsEmpty(Skin.String(HomeTVPlaylist2_Label))</visible>
    </item>
  </include>
  <include name="CustomSubTV3">
    <item id="90178">
      <label>$INFO[Skin.String(HomeTVPlaylist3_Label)]</label>
      <onclick>XBMC.ActivateWindow(10025,$INFO[Skin.String(HomeTVPlaylist3_Path)],return)</onclick>
      <visible>Container(9000).HasFocus(11)+Skin.HasSetting(HomeTVPlaylist3)+!IsEmpty(Skin.String(HomeTVPlaylist3_Label))</visible>
    </item>
  </include>
  <include name="CustomSubTV4">
    <item id="90186">
      <label>$INFO[Skin.String(HomeMenuSubTVFavourite1_Label)]</label>
      <onclick>$INFO[Skin.String(HomeMenuSubTVFavourite1_Path)]</onclick>
      <visible>Container(9000).HasFocus(11)+Skin.HasSetting(HomeMenuSubTVFavourite1)+!IsEmpty(Skin.String(HomeMenuSubTVFavourite1_Label))</visible>
    </item>
  </include>
  <include name="CustomSubTV5">
    <item id="90187">
      <label>$INFO[Skin.String(HomeMenuSubTVFavourite2_Label)]</label>
      <onclick>$INFO[Skin.String(HomeMenuSubTVFavourite2_Path)]</onclick>
      <visible>Container(9000).HasFocus(11)+Skin.HasSetting(HomeMenuSubTVFavourite2)+!IsEmpty(Skin.String(HomeMenuSubTVFavourite2_Label))</visible>
    </item>
  </include>
  <include name="CustomSubTV6">
    <item id="90188">
      <label>$INFO[Skin.String(HomeMenuSubTVFavourite3_Label)]</label>
      <onclick>$INFO[Skin.String(HomeMenuSubTVFavourite3_Path)]</onclick>
      <visible>Container(9000).HasFocus(11)+Skin.HasSetting(HomeMenuSubTVFavourite3)+!IsEmpty(Skin.String(HomeMenuSubTVFavourite3_Label))</visible>
    </item>
  </include>
  <include name="MovieTitlesCinExp">
    <onclick>XBMC.RunScript(script.cinema.experience,movietitles)</onclick>
  </include>
  <include name="MovieTitlesNoCinExp">
    <onclick>ActivateWindow(VideoLibrary,MovieTitles,return)</onclick>
  </include>
  <include name="MovieGenresCinExp">
    <onclick>XBMC.RunScript(script.cinema.experience,moviegenres)</onclick>
  </include>
  <include name="MovieGenresNoCinExp">
    <onclick>ActivateWindow(VideoLibrary,MovieGenres,return)</onclick>
  </include>
  <include name="MovieYearsCinExp">
    <onclick>XBMC.RunScript(script.cinema.experience,movieyears)</onclick>
  </include>
  <include name="MovieYearsNoCinExp">
    <onclick>ActivateWindow(VideoLibrary,MovieYears,return)</onclick>
  </include>
  <include name="MovieActorsCinExp">
    <onclick>XBMC.RunScript(script.cinema.experience,movieactors)</onclick>
  </include>
  <include name="MovieActorsNoCinExp">
    <onclick>ActivateWindow(VideoLibrary,MovieActors,return)</onclick>
  </include>
  <include name="MovieDirectorsCinExp">
    <onclick>XBMC.RunScript(script.cinema.experience,moviedirectors)</onclick>
  </include>
  <include name="MovieDirectorsNoCinExp">
    <onclick>ActivateWindow(VideoLibrary,MovieDirectors,return)</onclick>
  </include>
  <include name="MovieRecentAddedCinExp">
    <onclick>XBMC.RunScript(script.cinema.experience,recentlyaddedmovies)</onclick>
  </include>
  <include name="MovieRecentAddedNoCinExp">
    <onclick>ActivateWindow(VideoLibrary,RecentlyAddedMovies,return)</onclick>
  </include>

  <include name="SmallMusicInfo">
    <control type="group">
      <animation effect="slide" time="400" tween="cubic" easing="inout" end="0,-175" condition="Skin.HasSetting(lowermainmenu)|Skin.HasSetting(Lockhomemenulow)">Conditional</animation>
      <animation effect="slide" time="400" tween="cubic" easing="inout" end="0,-280" condition="[Skin.HasSetting(lowermainmenu)|Skin.HasSetting(Lockhomemenulow)]+[Control.HasFocus(8000)|Control.HasFocus(8001)|Control.HasFocus(8002)]">Conditional</animation>
      <animation effect="slide" time="400" tween="cubic" easing="inout" end="0,-400" condition="![Skin.HasSetting(lowermainmenu)|Skin.HasSetting(Lockhomemenulow)]+[Control.HasFocus(8000)|Control.HasFocus(8001)|Control.HasFocus(8002)|Control.HasFocus(8003)]">Conditional</animation>
      <visible>Player.HasAudio</visible>
      <include>Animation_OpenCloseZoom</include>
    <control type="image">
      <description>gradient</description>
      <posx>0</posx>
      <posy>400</posy>
      <width>1280</width>
      <height>630</height>
      <texture>home/nowplaying_shadow.png</texture>
      <visible>!Window.IsActive(home)</visible>
    </control>
    <control type="image">
      <posx>144</posx>
      <posy>588</posy>
      <height>80</height>
      <width>220</width>
      <texture>home/nowplaying_info.png</texture>
      <visible>Skin.HasSetting(disablecdart)</visible>
    </control>
    <control type="image">
      <description>Cover image</description>
      <posx>20</posx>
      <posy>550</posy>
      <width>130</width>
      <height>130</height>
      <aspectratio scaledifuuse="false">stretch</aspectratio>
      <texture background="true" diffuse="thumbs/cdcover_mask.png">common/black.png</texture>
    </control>
    <control type="image">
      <description>Cover image</description>
      <posx>20</posx>
      <posy>550</posy>
      <width>130</width>
      <height>130</height>
      <aspectratio scaledifuuse="false">stretch</aspectratio>
      <texture background="true" diffuse="thumbs/cdcover_mask.png">$INFO[MusicPlayer.Cover]</texture>
    </control>
      <control type="image">
        <description>Cover image</description>
        <posx>20</posx>
        <posy>550</posy>
        <width>130</width>
        <height>130</height>
        <aspectratio scaledifuuse="false">stretch</aspectratio>
        <texture background="true" diffuse="thumbs/cdcover_mask.png">thumbs/cd_glass_noedge.png</texture>
        <bordertexture border="-7">thumbs/cd_shadow.png</bordertexture>
      </control>
    <control type="label">
      <description>Artist label</description>
      <posx>165</posx>
      <posy>560</posy>
      <height>30</height>
      <width>325</width>
      <label>[UPPERCASE]$INFO[MusicPlayer.Artist][/UPPERCASE]</label>
      <align>left</align>
      <aligny>center</aligny>
      <font>Font_Bold16</font>
      <textcolor>white</textcolor>
      <shadowcolor>black</shadowcolor>
    </control>
    <control type="fadelabel">
      <description>Title label</description>
      <posx>165</posx>
      <posy>643</posy>
      <height>30</height>
      <width>400</width>
      <label>[UPPERCASE]$INFO[MusicPlayer.Title][/UPPERCASE]</label>
      <align>left</align>
      <aligny>center</aligny>
      <font>Font_Bold16</font>
      <textcolor>abFFFFFF</textcolor>
      <shadowcolor>black</shadowcolor>
      <scrollout>false</scrollout>
      <pauseatend>2000</pauseatend>
    </control>
    <control type="label">
      <description>Album Label</description>
      <posx>165</posx>
      <posy>584</posy>
      <height>30</height>
      <width>400</width>
      <label>$INFO[MusicPlayer.Album]$INFO[musicplayer.discnumber, - $LOCALIZE[427]:]</label>
      <align>left</align>
      <aligny>center</aligny>
      <font>Font_Reg15</font>
      <textcolor>abFFFFFF</textcolor>
      <shadowcolor>black</shadowcolor>
    </control>
    <control type="label">
      <description>Time Label</description>
      <posx>165</posx>
      <posy>625</posy>
      <height>30</height>
      <width>400</width>
      <label>$INFO[MusicPlayer.Time]$INFO[MusicPlayer.Duration, / ]</label>
      <align>left</align>
      <aligny>center</aligny>
      <font>Font_Reg12</font>
      <textcolor>ab749a9a</textcolor>
      <shadowcolor>black</shadowcolor>
    </control>
    </control>
  </include>
  <include name="BackgroundEffect">
    <imagepath>cerberus</imagepath>
    <timeperimage>0</timeperimage>
    <fadetime>0</fadetime>
    <loop>yes</loop>
    <randomize>false</randomize>
  </include>
  <include name="BG_Effect_Home">
    <control type="multiimage">
      <posx>0</posx>
      <posy>0</posy>
      <width>1280</width>
      <height>720</height>
      <include>BackgroundEffect</include>
    </control>
  </include>
  <include name="BG_Effect_Settings_Panel">
    <control type="multiimage">
      <posx>38</posx>
      <posy>26</posy>
      <width>1200</width>
      <height>653</height>
      <include>BackgroundEffect</include>
    </control>
  </include>
  <include name="BG_Effect_List_Panel">
    <control type="multiimage">
      <include>BackgroundEffect</include>
      <posx>69</posx>
      <posy>73</posy>
      <width>742</width>
      <height>600</height>
    </control>
  </include>
  <include name="BG_Effect_Showcase_Panel">
    <control type="multiimage">
      <include>BackgroundEffect</include>
      <posx>88</posx>
      <width>1105</width>
      <height>362</height>
      <animation effect="slide" start="0,0" end="0,3" time="0" condition="Window.IsActive(musiclibrary)">Conditional</animation>
    </control>
  </include>
  <include name="BG_Effect_InfoList_Panel_Left">
    <control type="multiimage">
      <include>BackgroundEffect</include>
      <posx>60</posx>
      <posy>112</posy>
      <width>546</width>
      <height>565</height>
    </control>
  </include>
  <include name="BG_Effect_InfoList_Panel_Right">
    <control type="multiimage">
      <include>BackgroundEffect</include>
      <posx>710</posx>
      <posy>150</posy>
      <width>477</width>
      <height>492</height>
    </control>
  </include>
  <include name="Trailer_Fullscreen">
    <onclick>PlayMedia($INFO[ListItem.Trailer])</onclick>
  </include>
  <include name="Trailer_Windowed">
    <onclick>PlayMedia($INFO[ListItem.Trailer],1)</onclick>
  </include>

</includes>
