<includes>
  <include name="RandomPosterWidget">
      <control type="group">
        <posx>0</posx>
        <posy>0</posy>
        <visible>Library.HasContent(Movies)</visible>
        <visible>Container(9000).Hasfocus(10)</visible>
        <!--<animation effect="slide" start="0,0" end="0,-180" time="400" tween="cubic" easing="inout" condition="Skin.HasSetting(lowermainmenu)|Skin.HasSetting(Lockhomemenulow)">Conditional</animation>-->
        <include>VisibleFadeEffect</include>
        <control type="group">
          <description>Random Movies Poster Widget</description>
          <control type="fadelabel">
            <posx>110</posx>
            <posy>409</posy>
            <width>1170</width>
            <height>57</height>
            <font>Font_Info</font>
            <align>right</align>
            <textcolor>a9000000</textcolor>
            <label>$INFO[Container(8003).ListItem.Property(Plot)]</label>
            <scroll>true</scroll>
            <scrollout>true</scrollout>
            <scrollspeed>50</scrollspeed>
            <pauseatend>5000</pauseatend>
            <visible>Control.HasFocus(8003)</visible>
          </control>
          <control type="image">
            <posx>77</posx>
            <posy>406</posy>
            <width>133</width>
            <height>27</height>
            <texture>home/rssbar_mid_fade.png</texture>
            <colordiffuse>e3FFFFFF</colordiffuse>
            <include>Animation_CommonFade</include>
            <visible>Control.HasFocus(8003)</visible>
          </control>
          <control type="fadelabel">
            <posx>0</posx>
            <posy>344</posy>
            <width>1280</width>
            <height>61</height>
            <align>center</align>
            <aligny>center</aligny>
            <font>Font_MainMenu</font>
            <textcolor>white</textcolor>
            <label>[UPPERCASE]$INFO[Container(8003).ListItem.Label][/UPPERCASE]</label>
            <label>[UPPERCASE]$INFO[Container(8003).ListItem.Label2][/UPPERCASE]</label>
            <label>[UPPERCASE]$INFO[Container(8003).ListItem.Property(Duration)] $LOCALIZE[12391][/UPPERCASE]</label>
            <scroll>true</scroll>
            <scrollout>false</scrollout>
            <scrollspeed>50</scrollspeed>
            <pauseatend>5000</pauseatend>
            <visible>Control.HasFocus(8003)</visible>
          </control>
          <control type="list" id="8003">
            <posx>0</posx>
            <posy>5</posy>
            <width>1280</width>
            <height>350</height>
            <onleft>8003</onleft>
            <onright>8003</onright>
            <onup>9000</onup>
            <ondown>9000</ondown>
            <orientation>horizontal</orientation>
            <viewtype label="535">list</viewtype>
            <pagecontrol>-</pagecontrol>
            <scrolltime>200</scrolltime>
            <visible>Skin.HasSetting(HomeRandomPoster)</visible>
            <itemlayout height="300" width="256">
              <control type="image">
                <description>Main Icon</description>
                <posx>41</posx>
                <posy>20</posy>
                <width>173</width>
                <height>260</height>
                <fadetime>IconCrossfadeTime</fadetime>
                <texture diffuse="thumbs/movieposter_mask.png" background="true" fallback="DefaultVideo.png">$INFO[ListItem.Icon]</texture>
                <bordertexture border="-60">thumbs/movieposter_frame.png</bordertexture>
                <aspectratio scalediffuse="false">stretch</aspectratio>
              </control>
              <control type="image">
                <description>Main Icon Glass overlay</description>
                <posx>41</posx>
                <posy>20</posy>
                <texture diffuse="thumbs/movieposter_mask.png">thumbs/poster_glass_noreflect.png</texture>
                <aspectratio scalediffuse="false">scale</aspectratio>
                <width>173</width>
                <height>260</height>
              </control>
            </itemlayout>
            <focusedlayout height="300" width="256">
              <control type="image">
                <description>Main Icon</description>
                <posx>41</posx>
                <posy>20</posy>
                <width>173</width>
                <height>260</height>
                <fadetime>IconCrossfadeTime</fadetime>
                <texture diffuse="thumbs/movieposter_mask.png" background="true" fallback="DefaultVideo.png">$INFO[ListItem.Icon]</texture>
                <bordertexture border="-60">thumbs/movieposter_frame.png</bordertexture>
                <aspectratio scalediffuse="false">stretch</aspectratio>
              </control>
              <control type="image">
                <description>Main Icon Glass overlay</description>
                <texture diffuse="thumbs/movieposter_mask.png">thumbs/poster_glass_noreflect.png</texture>
                <aspectratio scalediffuse="false">scale</aspectratio>
                <posx>41</posx>
                <posy>20</posy>
                <width>173</width>
                <height>260</height>
              </control>
              <control type="largeimage">
                <description>POSTER icon</description>
                <posx>53</posx>
                <posy>95</posy>
                <width>150</width>
                <height>113</height>
                <texture background="true">thumbs/play-button.png</texture>
                <fadetime>400</fadetime>
                <colordiffuse>AAFFFFFF</colordiffuse>
                <animation effect="fade" start="50" end="20" time="1000" pulse="true" condition="Control.HasFocus(8003)">Conditional</animation>
              </control>
            </focusedlayout>
            <content>
              <item id="1">
                <icon>$INFO[Window.Property(RandomMovie.1.Thumb)]</icon>
                <label>$INFO[Window.Property(RandomMovie.1.Title)]</label>
                <label2>$INFO[Window.Property(RandomMovie.1.Year)]</label2>
                <property name="Rating">$INFO[Window.Property(RandomMovie.1.Rating)]</property>
                <property name="Plot">$INFO[Window.Property(RandomMovie.1.Plot)]</property>
                <property name="Fanart">$INFO[Window.Property(RandomMovie.1.Fanart)]</property>
                <property name="Duration">$INFO[Window.Property(RandomMovie.1.RunningTime)]</property>
                <onclick>$INFO[Window.Property(RandomMovie.1.Path),PlayMedia(,)]</onclick>
              </item>
              <item id="2">
                <icon>$INFO[Window.Property(RandomMovie.2.Thumb)]</icon>
                <label>$INFO[Window.Property(RandomMovie.2.Title)]</label>
                <label2>$INFO[Window.Property(RandomMovie.2.Year)]</label2>
                <property name="Rating">$INFO[Window.Property(RandomMovie.2.Rating)]</property>
                <property name="Plot">$INFO[Window.Property(RandomMovie.2.Plot)]</property>
                <property name="Fanart">$INFO[Window.Property(RandomMovie.2.Fanart)]</property>
                <property name="Duration">$INFO[Window.Property(RandomMovie.2.RunningTime)]</property>
                <onclick>$INFO[Window.Property(RandomMovie.2.Path),PlayMedia(,)]</onclick>
              </item>
              <item id="3">
                <icon>$INFO[Window.Property(RandomMovie.3.Thumb)]</icon>
                <label>$INFO[Window.Property(RandomMovie.3.Title)]</label>
                <label2>$INFO[Window.Property(RandomMovie.3.Year)]</label2>
                <property name="Rating">$INFO[Window.Property(RandomMovie.3.Rating)]</property>
                <property name="Plot">$INFO[Window.Property(RandomMovie.3.Plot)]</property>
                <property name="Fanart">$INFO[Window.Property(RandomMovie.3.Fanart)]</property>
                <property name="Duration">$INFO[Window.Property(RandomMovie.3.RunningTime)]</property>
                <onclick>$INFO[Window.Property(RandomMovie.3.Path),PlayMedia(,)]</onclick>
              </item>
              <item id="4">
                <icon>$INFO[Window.Property(RandomMovie.4.Thumb)]</icon>
                <label>$INFO[Window.Property(RandomMovie.4.Title)]</label>
                <label2>$INFO[Window.Property(RandomMovie.4.Year)]</label2>
                <property name="Rating">$INFO[Window.Property(RandomMovie.4.Rating)]</property>
                <property name="Plot">$INFO[Window.Property(RandomMovie.4.Plot)]</property>
                <property name="Fanart">$INFO[Window.Property(RandomMovie.4.Fanart)]</property>
                <property name="Duration">$INFO[Window.Property(RandomMovie.4.RunningTime)]</property>
                <onclick>$INFO[Window.Property(RandomMovie.4.Path),PlayMedia(,)]</onclick>
              </item>
              <item id="5">
                <icon>$INFO[Window.Property(RandomMovie.5.Thumb)]</icon>
                <label>$INFO[Window.Property(RandomMovie.5.Title)]</label>
                <label2>$INFO[Window.Property(RandomMovie.5.Year)]</label2>
                <property name="Rating">$INFO[Window.Property(RandomMovie.5.Rating)]</property>
                <property name="Plot">$INFO[Window.Property(RandomMovie.5.Plot)]</property>
                <property name="Fanart">$INFO[Window.Property(RandomMovie.5.Fanart)]</property>
                <property name="Duration">$INFO[Window.Property(RandomMovie.5.RunningTime)]</property>
                <onclick>$INFO[Window.Property(RandomMovie.5.Path),PlayMedia(,)]</onclick>
              </item>
              <item id="6">
                <icon>$INFO[Window.Property(RandomMovie.6.Thumb)]</icon>
                <label>$INFO[Window.Property(RandomMovie.6.Title)]</label>
                <label2>$INFO[Window.Property(RandomMovie.6.Year)]</label2>
                <property name="Rating">$INFO[Window.Property(RandomMovie.6.Rating)]</property>
                <property name="Plot">$INFO[Window.Property(RandomMovie.6.Plot)]</property>
                <property name="Fanart">$INFO[Window.Property(RandomMovie.6.Fanart)]</property>
                <property name="Duration">$INFO[Window.Property(RandomMovie.6.RunningTime)]</property>
                <onclick>$INFO[Window.Property(RandomMovie.6.Path),PlayMedia(,)]</onclick>
              </item>
              <item id="7">
                <icon>$INFO[Window.Property(RandomMovie.7.Thumb)]</icon>
                <label>$INFO[Window.Property(RandomMovie.7.Title)]</label>
                <label2>$INFO[Window.Property(RandomMovie.7.Year)]</label2>
                <property name="Rating">$INFO[Window.Property(RandomMovie.7.Rating)]</property>
                <property name="Plot">$INFO[Window.Property(RandomMovie.7.Plot)]</property>
                <property name="Fanart">$INFO[Window.Property(RandomMovie.7.Fanart)]</property>
                <property name="Duration">$INFO[Window.Property(RandomMovie.7.RunningTime)]</property>
                <onclick>$INFO[Window.Property(RandomMovie.7.Path),PlayMedia(,)]</onclick>
              </item>
              <item id="8">
                <icon>$INFO[Window.Property(RandomMovie.8.Thumb)]</icon>
                <label>$INFO[Window.Property(RandomMovie.8.Title)]</label>
                <label2>$INFO[Window.Property(RandomMovie.8.Year)]</label2>
                <property name="Rating">$INFO[Window.Property(RandomMovie.8.Rating)]</property>
                <property name="Plot">$INFO[Window.Property(RandomMovie.8.Plot)]</property>
                <property name="Fanart">$INFO[Window.Property(RandomMovie.8.Fanart)]</property>
                <property name="Duration">$INFO[Window.Property(RandomMovie.8.RunningTime)]</property>
                <onclick>$INFO[Window.Property(RandomMovie.8.Path),PlayMedia(,)]</onclick>
              </item>
            </content>
          </control>
        </control>
      </control>
  </include>
  <include name="LatestPosterWidget">
    <control type="group">
      <posx>0</posx>
      <posy>0</posy>
      <visible>Library.HasContent(Movies)</visible>
      <visible>Container(9000).Hasfocus(10)</visible>
      <!--<animation effect="slide" start="0,0" end="0,-180" time="400" tween="cubic" easing="inout" condition="Skin.HasSetting(lowermainmenu)|Skin.HasSetting(Lockhomemenulow)">Conditional</animation>-->
      <include>VisibleFadeEffect</include>
      <control type="group">
        <description>Random Movies Poster Widget</description>
        <control type="fadelabel">
          <posx>110</posx>
          <posy>409</posy>
          <width>1170</width>
          <height>57</height>
          <font>Font_Info</font>
          <align>right</align>
          <textcolor>a9000000</textcolor>
          <label>$INFO[Container(8003).ListItem.Property(Plot)]</label>
          <scroll>true</scroll>
          <scrollout>true</scrollout>
          <scrollspeed>50</scrollspeed>
          <pauseatend>5000</pauseatend>
          <visible>Control.HasFocus(8003)</visible>
        </control>
        <control type="image">
          <posx>77</posx>
          <posy>406</posy>
          <width>133</width>
          <height>27</height>
          <texture>home/rssbar_mid_fade.png</texture>
          <colordiffuse>e3FFFFFF</colordiffuse>
          <include>Animation_CommonFade</include>
          <visible>Control.HasFocus(8003)</visible>
        </control>
        <control type="fadelabel">
          <posx>0</posx>
          <posy>344</posy>
          <width>1280</width>
          <height>61</height>
          <align>center</align>
          <aligny>center</aligny>
          <font>Font_MainMenu</font>
          <textcolor>white</textcolor>
          <label>[UPPERCASE]$INFO[Container(8003).ListItem.Label][/UPPERCASE]</label>
          <label>[UPPERCASE]$INFO[Container(8003).ListItem.Label2][/UPPERCASE]</label>
          <label>[UPPERCASE]$INFO[Container(8003).ListItem.Property(Duration)] $LOCALIZE[12391][/UPPERCASE]</label>
          <scroll>true</scroll>
          <scrollout>false</scrollout>
          <scrollspeed>50</scrollspeed>
          <pauseatend>5000</pauseatend>
          <visible>Control.HasFocus(8003)</visible>
        </control>
        <control type="list" id="8003">
          <posx>0</posx>
          <posy>5</posy>
          <width>1280</width>
          <height>350</height>
          <onleft>8003</onleft>
          <onright>8003</onright>
          <onup>9000</onup>
          <ondown>9000</ondown>
          <orientation>horizontal</orientation>
          <viewtype label="535">list</viewtype>
          <pagecontrol>-</pagecontrol>
          <scrolltime>200</scrolltime>
          <visible>Skin.HasSetting(HomeLatestPoster)</visible>
          <itemlayout height="300" width="256">
            <control type="image">
              <description>Main Icon</description>
              <posx>41</posx>
              <posy>20</posy>
              <width>173</width>
              <height>260</height>
              <fadetime>IconCrossfadeTime</fadetime>
              <texture diffuse="thumbs/movieposter_mask.png" background="true" fallback="DefaultVideo.png">$INFO[ListItem.Icon]</texture>
              <bordertexture border="-60">thumbs/movieposter_frame.png</bordertexture>
              <aspectratio scalediffuse="false">stretch</aspectratio>
            </control>
            <control type="image">
              <description>Main Icon Glass overlay</description>
              <posx>41</posx>
              <posy>20</posy>
              <texture diffuse="thumbs/movieposter_mask.png">thumbs/poster_glass_noreflect.png</texture>
              <aspectratio scalediffuse="false">scale</aspectratio>
              <width>173</width>
              <height>260</height>
            </control>
          </itemlayout>
          <focusedlayout height="300" width="256">
            <control type="image">
              <description>Main Icon</description>
              <posx>41</posx>
              <posy>20</posy>
              <width>173</width>
              <height>260</height>
              <fadetime>IconCrossfadeTime</fadetime>
              <texture diffuse="thumbs/movieposter_mask.png" background="true" fallback="DefaultVideo.png">$INFO[ListItem.Icon]</texture>
              <bordertexture border="-60">thumbs/movieposter_frame.png</bordertexture>
              <aspectratio scalediffuse="false">stretch</aspectratio>
            </control>
            <control type="image">
              <description>Main Icon Glass overlay</description>
              <texture diffuse="thumbs/movieposter_mask.png">thumbs/poster_glass_noreflect.png</texture>
              <aspectratio scalediffuse="false">scale</aspectratio>
              <posx>41</posx>
              <posy>20</posy>
              <width>173</width>
              <height>260</height>
            </control>
            <control type="largeimage">
              <description>POSTER icon</description>
              <posx>53</posx>
              <posy>95</posy>
              <width>150</width>
              <height>113</height>
              <texture background="true">thumbs/play-button.png</texture>
              <fadetime>400</fadetime>
              <colordiffuse>AAFFFFFF</colordiffuse>
              <animation effect="fade" start="50" end="20" time="1000" pulse="true" condition="Control.HasFocus(8003)">Conditional</animation>
            </control>
          </focusedlayout>
          <content>
            <item id="1">
              <icon>$INFO[Window.Property(LatestMovie.1.Thumb)]</icon>
              <label>$INFO[Window.Property(LatestMovie.1.Title)]</label>
              <label2>$INFO[Window.Property(LatestMovie.1.Year)]</label2>
              <property name="Rating">$INFO[Window.Property(LatestMovie.1.Rating)]</property>
              <property name="Plot">$INFO[Window.Property(LatestMovie.1.Plot)]</property>
              <property name="Fanart">$INFO[Window.Property(LatestMovie.1.Fanart)]</property>
              <property name="Duration">$INFO[Window.Property(LatestMovie.1.RunningTime)]</property>
              <onclick>$INFO[Window.Property(LatestMovie.1.Path),PlayMedia(,)]</onclick>
            </item>
            <item id="2">
              <icon>$INFO[Window.Property(LatestMovie.2.Thumb)]</icon>
              <label>$INFO[Window.Property(LatestMovie.2.Title)]</label>
              <label2>$INFO[Window.Property(LatestMovie.2.Year)]</label2>
              <property name="Rating">$INFO[Window.Property(LatestMovie.2.Rating)]</property>
              <property name="Plot">$INFO[Window.Property(LatestMovie.2.Plot)]</property>
              <property name="Fanart">$INFO[Window.Property(LatestMovie.2.Fanart)]</property>
              <property name="Duration">$INFO[Window.Property(LatestMovie.2.RunningTime)]</property>
              <onclick>$INFO[Window.Property(LatestMovie.2.Path),PlayMedia(,)]</onclick>
            </item>
            <item id="3">
              <icon>$INFO[Window.Property(LatestMovie.3.Thumb)]</icon>
              <label>$INFO[Window.Property(LatestMovie.3.Title)]</label>
              <label2>$INFO[Window.Property(LatestMovie.3.Year)]</label2>
              <property name="Rating">$INFO[Window.Property(LatestMovie.3.Rating)]</property>
              <property name="Plot">$INFO[Window.Property(LatestMovie.3.Plot)]</property>
              <property name="Fanart">$INFO[Window.Property(LatestMovie.3.Fanart)]</property>
              <property name="Duration">$INFO[Window.Property(LatestMovie.3.RunningTime)]</property>
              <onclick>$INFO[Window.Property(LatestMovie.3.Path),PlayMedia(,)]</onclick>
            </item>
            <item id="4">
              <icon>$INFO[Window.Property(LatestMovie.4.Thumb)]</icon>
              <label>$INFO[Window.Property(LatestMovie.4.Title)]</label>
              <label2>$INFO[Window.Property(LatestMovie.4.Year)]</label2>
              <property name="Rating">$INFO[Window.Property(LatestMovie.4.Rating)]</property>
              <property name="Plot">$INFO[Window.Property(LatestMovie.4.Plot)]</property>
              <property name="Fanart">$INFO[Window.Property(LatestMovie.4.Fanart)]</property>
              <property name="Duration">$INFO[Window.Property(LatestMovie.4.RunningTime)]</property>
              <onclick>$INFO[Window.Property(LatestMovie.4.Path),PlayMedia(,)]</onclick>
            </item>
            <item id="5">
              <icon>$INFO[Window.Property(LatestMovie.5.Thumb)]</icon>
              <label>$INFO[Window.Property(LatestMovie.5.Title)]</label>
              <label2>$INFO[Window.Property(LatestMovie.5.Year)]</label2>
              <property name="Rating">$INFO[Window.Property(LatestMovie.5.Rating)]</property>
              <property name="Plot">$INFO[Window.Property(LatestMovie.5.Plot)]</property>
              <property name="Fanart">$INFO[Window.Property(LatestMovie.5.Fanart)]</property>
              <property name="Duration">$INFO[Window.Property(LatestMovie.5.RunningTime)]</property>
              <onclick>$INFO[Window.Property(LatestMovie.5.Path),PlayMedia(,)]</onclick>
            </item>
            <item id="6">
              <icon>$INFO[Window.Property(LatestMovie.6.Thumb)]</icon>
              <label>$INFO[Window.Property(LatestMovie.6.Title)]</label>
              <label2>$INFO[Window.Property(LatestMovie.6.Year)]</label2>
              <property name="Rating">$INFO[Window.Property(LatestMovie.6.Rating)]</property>
              <property name="Plot">$INFO[Window.Property(LatestMovie.6.Plot)]</property>
              <property name="Fanart">$INFO[Window.Property(LatestMovie.6.Fanart)]</property>
              <property name="Duration">$INFO[Window.Property(LatestMovie.6.RunningTime)]</property>
              <onclick>$INFO[Window.Property(LatestMovie.6.Path),PlayMedia(,)]</onclick>
            </item>
            <item id="7">
              <icon>$INFO[Window.Property(LatestMovie.7.Thumb)]</icon>
              <label>$INFO[Window.Property(LatestMovie.7.Title)]</label>
              <label2>$INFO[Window.Property(LatestMovie.7.Year)]</label2>
              <property name="Rating">$INFO[Window.Property(LatestMovie.7.Rating)]</property>
              <property name="Plot">$INFO[Window.Property(LatestMovie.7.Plot)]</property>
              <property name="Fanart">$INFO[Window.Property(LatestMovie.7.Fanart)]</property>
              <property name="Duration">$INFO[Window.Property(LatestMovie.7.RunningTime)]</property>
              <onclick>$INFO[Window.Property(LatestMovie.7.Path),PlayMedia(,)]</onclick>
            </item>
            <item id="8">
              <icon>$INFO[Window.Property(LatestMovie.8.Thumb)]</icon>
              <label>$INFO[Window.Property(LatestMovie.8.Title)]</label>
              <label2>$INFO[Window.Property(LatestMovie.8.Year)]</label2>
              <property name="Rating">$INFO[Window.Property(LatestMovie.8.Rating)]</property>
              <property name="Plot">$INFO[Window.Property(LatestMovie.8.Plot)]</property>
              <property name="Fanart">$INFO[Window.Property(LatestMovie.8.Fanart)]</property>
              <property name="Duration">$INFO[Window.Property(LatestMovie.8.RunningTime)]</property>
              <onclick>$INFO[Window.Property(LatestMovie.8.Path),PlayMedia(,)]</onclick>
            </item>
          </content>
        </control>
      </control>
    </control>
  </include>
</includes>