<?xml version="1.0"?>
<window type="dialog" id="134">
  <defaultcontrol always="true">450</defaultcontrol>
  <include>Animation_DialogZoom</include>
  <controls>
    <control type="image">
      <description>Panel</description>
      <posx>235</posx>
      <posy>40</posy>
      <width>846</width>
      <height>481</height>
      <texture>osd/osd_settings_back.png</texture>
    </control>
   
    <control type="label">
      <description>Favourites Label</description>
      <posx>280</posx>
      <posy>55</posy>
      <width>721</width>
      <height>40</height>
      <align>center</align>
      <aligny>center</aligny>
      <textcolor>white</textcolor>
      <shadowcolor>black</shadowcolor>
      <label>1036</label>
      <font>Font_Bold28</font>
    </control>
    <control type="list" id="450">
      <posx>250</posx>
      <posy>95</posy>
      <width>781</width>
      <height>405</height>
      <onleft>450</onleft>
      <onright>450</onright>
      <onup>450</onup>
      <ondown>450</ondown>
      <pagecontrol>-</pagecontrol>
      <scrolltime>0</scrolltime>
      <itemlayout height="40">
       
        <control type="label">
          <posx>30</posx>
          <posy>0</posy>
          <width>721</width>
          <height>40</height>
          <textcolor>FF929191</textcolor>
          <selectedcolor>9b3cd2fd</selectedcolor>
          <aligny>center</aligny>
          <font>Font_Reg16</font>
          <info>ListItem.Label</info>
        </control>
      </itemlayout>
      <focusedlayout height="40">
        <control type="image">
          <posx>0</posx>
          <posy>0</posy>
          <width>781</width>
          <height>40</height>
          <texture>settings/listselect.png</texture>
        </control>
        <control type="label">
          <posx>30</posx>
          <posy>0</posy>
          <width>721</width>
          <height>40</height>
          <textcolor>FFFFFFFF</textcolor>
          <selectedcolor>9b3cd2fd</selectedcolor>
          <aligny>center</aligny>
          <font>Font_Reg16</font>
          <info>ListItem.Label</info>
        </control>
      </focusedlayout>
    </control>
  </controls>
</window>
