<window id="501">
	<defaultcontrol always="true">50</defaultcontrol>
	<allowoverlay>no</allowoverlay>
	<views>50,509,513,550,500,506</views>
	<controls>
    <include>CommonMusicBackground</include>
    <control type="group">
			<include>Animation_OpenCloseZoom</include>		
			<include>CommonRootView</include> <!-- view id = 50 -->
			<include>AlbumWrapView2_Fanart</include><!-- view id = 51 -->
			<include>Viewtype_Wall</include> <!-- view id = 500 -->
    	<include>AlbumInfoListView</include>
			<!--<include>AddonInfoListView1</include> -->-->
        <!-- view id = 550 -->
		</control>
		<include>ScrollOffsetLabel</include>
    <include condition="Skin.HasSetting(globaltime)">Furniture_Clock</include>
    <include>Furniture_NowPlayingWidget</include>
    <include>Media_Menu</include>
  </controls>
</window>
