<window id="136">
  <zorder>1</zorder>
  <coordinates>
    <system>1</system>
    <posx>0</posx>
    <posy>0</posy>
  </coordinates>
  <include>Animation_DialogPopup</include>
  <controls>
    <control type="group" id="901">
      <include>Dialogs_Group</include>
      <include>Dialogs_Tablet</include>
      <include>Dialogs_Exclam</include>
      <control type="label" id="401">
        <posx>105</posx>
        <posy>26</posy>
        <width>376</width>
        <height>21</height>
        <textcolor>abFFFFFF</textcolor>
        <align>left</align>
        <font>Font_Reg19</font>
        <scroll>true</scroll>
        <label>LOADING</label>
      </control>
      <control type="label" id="401">
        <posx>105</posx>
        <posy>44</posy>
        <width>376</width>
        <height>21</height>
        <textcolor>abFFFFFF</textcolor>
        <align>left</align>
        <font>Font_Reg19</font>
        <scroll>true</scroll>
        <label>PLEASE WAIT</label>
      </control>
    </control>
  </controls>
</window>
