<window type="dialog" id="142">
  <defaultcontrol always="true">5000</defaultcontrol>
  <controls>
     <control type="group">
      <description>Top bar</description>
      <visible>!Window.IsActive(107)</visible>
      <animation type="Visible">
        <effect type="fade" time="400" start="0" end="100" />
        <effect type="slide" time="400" start="0,-90" end="0,0" easing="out" tween="cubic" />
      </animation>
      <animation type="Hidden">
        <effect type="fade" time="400" start="100" end="0" />
        <effect type="slide" time="400" start="0,0" end="0,-90" easing="in" tween="cubic" />
      </animation>
      <animation type="WindowOpen">
        <effect type="fade" time="400" start="0" end="100" />
        <effect type="slide" time="400" start="0,-90" end="0,0" easing="out" tween="cubic" />
      </animation>
      <animation type="WindowClose">
        <effect type="fade" time="400" start="100" end="0" />
        <effect type="slide" time="400" start="0,0" end="0,-90" easing="in" tween="cubic" />
      </animation>
      <control type="image">
        <description>osd bar top</description>
        <posx>0</posx>
        <posy>0</posy>
        <width>1280</width>
        <height>90</height>
        <texture flipy="true">osd/osd_back.png</texture>
      </control>

      <control type="label">
        <posx>340</posx>
        <posy>12</posy>
        <width>610</width>
        <height>45</height>
        <align>center</align>
        <aligny>bottom</aligny>
        <font>Font_ShowcaseMainLabel2</font>
        <label>[UPPERCASE]$INFO[VideoPlayer.Title][/UPPERCASE]</label>
        <scroll>true</scroll>
      </control>
      <control type="label">
        <posx>340</posx>
        <posy>52</posy>
        <width>610</width>
        <height>45</height>
        <align>center</align>
        <aligny>top</aligny>
        <font>Font_Reg18</font>
        <textcolor>grey</textcolor>
        <label>[UPPERCASE]$INFO[VideoPlayer.Tagline][/UPPERCASE]</label>
        <scroll>true</scroll>
        <visible>VideoPlayer.Content(movies)</visible>
      </control>
      <control type="label">
        <posx>340</posx>
        <posy>52</posy>
        <width>610</width>
        <height>25</height>
        <align>center</align>
        <aligny>center</aligny>
        <font>Font_Reg18</font>
        <textcolor>grey</textcolor>
        <label>$INFO[VideoPlayer.Season,$LOCALIZE[20373] , • ]$INFO[VideoPlayer.Episode,$LOCALIZE[20359] ,]</label>
        <scroll>true</scroll>
        <visible>VideoPlayer.Content(episodes)</visible>
      </control>
      <control type="image">
        <posx>10</posx>
        <posy>8</posy>
        <width>90</width>
        <height>60</height>
        <aspectratio>keep</aspectratio>
        <colordiffuse>FFDDDDDD</colordiffuse>
        <texture>$INFO[VideoPlayer.VideoCodec,flags/videocodec/,.png]</texture>
      </control>
      <control type="image">
        <posx>110</posx>
        <posy>8</posy>
        <width>90</width>
        <height>60</height>
        <aspectratio>keep</aspectratio>
        <colordiffuse>FFDDDDDD</colordiffuse>
        <texture fallback="flags/studios/default-studio.png">$INFO[VideoPlayer.Studio,flags/studios/,.png]</texture>
      </control>
      <control type="group">
        <description>Rating Flags</description>
        <posx>210</posx>
        <posy>8</posy>
        <control type="image">
          <width>90</width>
          <height>60</height>
          <aspectratio>keep</aspectratio>
          <colordiffuse>FFDDDDDD</colordiffuse>
          <texture>flags/rating/defaultmpaa.png</texture>
          <visible>IsEmpty(VideoPlayer.mpaa)</visible>
        </control>
        <control type="image">
          <width>90</width>
          <height>60</height>
          <aspectratio>keep</aspectratio>
          <colordiffuse>FFDDDDDD</colordiffuse>
          <texture>flags/rating/MPAA_G_Certificate_US.png</texture>
          <visible>SubString(VideoPlayer.mpaa,US:G) | SubString(VideoPlayer.mpaa,USA:G) | SubString(VideoPlayer.mpaa,Rated G)</visible>
        </control>
        <control type="image">
          <width>90</width>
          <height>60</height>
          <aspectratio>keep</aspectratio>
          <colordiffuse>FFDDDDDD</colordiffuse>
          <texture>flags/rating/MPAA_PG_Certificate_US.png</texture>
          <visible>[Substring(VideoPlayer.mpaa,Rated PG) | StringCompare(VideoPlayer.Mpaa,PG)] + !substring(VideoPlayer.mpaa,PG-13)</visible>
        </control>
        <control type="image">
          <width>90</width>
          <height>60</height>
          <aspectratio>keep</aspectratio>
          <colordiffuse>FFDDDDDD</colordiffuse>
          <texture>flags/rating/MPAA_PG-13_Certificate_US.png</texture>
          <visible>SubString(VideoPlayer.mpaa,PG-13)</visible>
        </control>
        <control type="image">
          <width>90</width>
          <height>60</height>
          <aspectratio>keep</aspectratio>
          <colordiffuse>FFDDDDDD</colordiffuse>
          <texture>flags/rating/MPAA_R_Certificate_US.png</texture>
          <visible>SubString(VideoPlayer.mpaa,US:R) | SubString(VideoPlayer.mpaa,USA:R) | SubString(VideoPlayer.mpaa,Rated R) | StringCompare(VideoPlayer.Mpaa,R)</visible>
        </control>
        <control type="image">
          <width>90</width>
          <height>60</height>
          <aspectratio>keep</aspectratio>
          <colordiffuse>FFDDDDDD</colordiffuse>
          <texture>flags/rating/MPAA_NC-17_Certificate_US.png</texture>
          <visible>SubString(VideoPlayer.mpaa,US:NC-17) | SubString(VideoPlayer.mpaa,USA:NC-17) | SubString(VideoPlayer.mpaa,Rated NC-17)</visible>
        </control>
        <control type="image">
          <width>90</width>
          <height>60</height>
          <aspectratio>keep</aspectratio>
          <colordiffuse>FFDDDDDD</colordiffuse>
          <texture>flags/rating/TV-G_Certificate_US.png</texture>
          <visible>substring(VideoPlayer.mpaa,TV-G)</visible>
        </control>
        <control type="image">
          <width>90</width>
          <height>60</height>
          <aspectratio>keep</aspectratio>
          <colordiffuse>FFDDDDDD</colordiffuse>
          <texture>flags/rating/TV-PG_Certificate_US.png</texture>
          <visible>substring(VideoPlayer.mpaa,TV-PG)</visible>
        </control>
        <control type="image">
          <width>90</width>
          <height>60</height>
          <aspectratio>keep</aspectratio>
          <colordiffuse>FFDDDDDD</colordiffuse>
          <texture>flags/rating/TV-14_Certificate_US.png</texture>
          <visible>substring(VideoPlayer.mpaa,TV-14)</visible>
        </control>
        <control type="image">
          <width>90</width>
          <height>60</height>
          <aspectratio>keep</aspectratio>
          <colordiffuse>FFDDDDDD</colordiffuse>
          <texture>flags/rating/TV-MA_Certificate_US.png</texture>
          <visible>substring(VideoPlayer.mpaa,TV-MA)</visible>
        </control>
      </control>
      <control type="image">
        <posx>980</posx>
        <posy>8</posy>
        <width>90</width>
        <height>60</height>
        <aspectratio>keep</aspectratio>
        <colordiffuse>FFDDDDDD</colordiffuse>
        <texture>$INFO[videoplayer.VideoAspect,flags/aspectratio/,.png]</texture>
      </control>
      <control type="image">
        <posx>1080</posx>
        <posy>8</posy>
        <width>90</width>
        <height>60</height>
        <aspectratio>keep</aspectratio>
        <colordiffuse>FFDDDDDD</colordiffuse>
        <texture>$INFO[VideoPlayer.VideoResolution,flags/resolution/,.png]</texture>
      </control>
      <control type="group">
        <description>Audio Flags</description>
        <posx>1180</posx>
        <posy>8</posy>
        <control type="image">
          <width>90</width>
          <height>60</height>
          <aspectratio>keep</aspectratio>
          <colordiffuse>FFDDDDDD</colordiffuse>
          <texture>flags/audio/defaultsound.png</texture>
          <visible>IsEmpty(VideoPlayer.AudioCodec)</visible>
        </control>
        <control type="image">
          <width>90</width>
          <height>60</height>
          <aspectratio>keep</aspectratio>
          <colordiffuse>FFDDDDDD</colordiffuse>
          <texture>flags/audio/dts.png</texture>
          <visible>substring(VideoPlayer.AudioCodec,dca)</visible>
        </control>
        <control type="image">
          <width>90</width>
          <height>60</height>
          <aspectratio>keep</aspectratio>
          <colordiffuse>FFDDDDDD</colordiffuse>
          <texture>flags/audio/dolbydigital.png</texture>
          <visible>substring(VideoPlayer.AudioCodec,ac3)+!substring(VideoPlayer.AudioChannels,2)</visible>
        </control>
        <control type="image">
          <width>90</width>
          <height>60</height>
          <aspectratio>keep</aspectratio>
          <colordiffuse>FFDDDDDD</colordiffuse>
          <texture>flags/audio/dolbypro.png</texture>
          <visible>substring(VideoPlayer.AudioCodec,ac3)+substring(VideoPlayer.AudioChannels,2)</visible>
        </control>
        <control type="image">
          <width>90</width>
          <height>60</height>
          <aspectratio>keep</aspectratio>
          <colordiffuse>FFDDDDDD</colordiffuse>
          <texture>flags/audio/mp3.png</texture>
          <visible>substring(VideoPlayer.AudioCodec,mp3)</visible>
        </control>
        <control type="image">
          <width>90</width>
          <height>60</height>
          <aspectratio>keep</aspectratio>
          <colordiffuse>FFDDDDDD</colordiffuse>
          <texture>flags/audio/aac.png</texture>
          <visible>substring(VideoPlayer.AudioCodec,aac)</visible>
        </control>
      </control>
    </control>
    <control type="group">
      <description>Bottom Bar</description>
      <animation type="Visible">
        <effect type="fade" time="400" start="0" end="100" />
        <effect type="slide" time="400" start="0,90" end="0,0" easing="out" tween="cubic" />
      </animation>
      <animation type="Hidden">
        <effect type="fade" time="400" start="100" end="0" />
        <effect type="slide" time="400" start="0,0" end="0,90" easing="in" tween="cubic" />
      </animation>
      <animation type="WindowOpen">
        <effect type="fade" time="400" start="0" end="100" />
        <effect type="slide" time="400" start="0,90" end="0,0" easing="out" tween="cubic" />
      </animation>
      <animation type="WindowClose">
        <effect type="fade" time="400" start="100" end="0" />
        <effect type="slide" time="400" start="0,0" end="0,90" easing="in" tween="cubic" />
      </animation>
    <control type="image">
      <description>osd bar bottom</description>
      <posx>0</posx>
      <posy>630</posy>
      <width>1280</width>
      <height>90</height>
      <texture>osd/osd_back.png</texture>
    </control>
    <control type="image">
      <visible>!VideoPlayer.Content(episodes) + !VideoPlayer.Content(musicvideos)</visible>
      <description>Cover Image</description>
      <posx>1050</posx>
      <posy>400</posy>
      <width>207</width>
      <height>310</height>
      <texture diffuse="thumbs/movieposter_mask.png">$INFO[VideoPlayer.Cover]</texture>
      <bordertexture border="-21">thumbs/poster_shadow.png</bordertexture>
      <aspectratio aligny="bottom">Keep</aspectratio>
      <animation type="WindowOpen">
        <effect type="slide" start="300,0" end="0,0" time="600" tween="cubic" easing="out"/>
      </animation>
      <animation type="WindowClose">
        <effect type="slide" start="0,0" end="300,0" time="600" tween="cubic" easing="out"/>
        <effect type="fade" start="100" end="0" time="600"/>
      </animation>
    </control>
    <control type="image">
      <visible>VideoPlayer.Content(episodes) | VideoPlayer.Content(musicvideos)</visible>
      <description>Cover Image</description>
      <posx>1030</posx>
      <posy>580</posy>
      <width>245</width>
      <height>138</height>
      <texture diffuse="thumbs/multiplex_tvmask.png" background="true">$INFO[VideoPlayer.Cover]</texture>
      <aspectratio scalediffuse="false">scale</aspectratio>
      <bordertexture border="-18">thumbs/multiplex_tvborder.png</bordertexture>
      <animation type="WindowOpen">
        <effect type="slide" start="300,0" end="0,0" time="600" tween="cubic" easing="out"/>
      </animation>
      <animation type="WindowClose">
        <effect type="slide" start="0,0" end="300,0" time="600" tween="cubic" easing="out"/>
        <effect type="fade" start="100" end="0" time="600"/>
      </animation>
    </control>
    <control type="progress" id="23">
      <description>Progressbar</description>
      <posx>260</posx>
      <posy>665</posy>
      <width>760</width>
      <height>15</height>
      <info>Player.Progress</info>
      <texturebg>osd/info/osd_progress_back.png</texturebg>
      <lefttexture>osd/info/osd_progress_left.png</lefttexture>
      <midtexture>osd/info/osd_progress_mid.png</midtexture>
      <righttexture>osd/info/osd_progress_right.png</righttexture>
      <overlaytexture>-</overlaytexture>
      <visible>true</visible>
    </control>
    <control type="label">
      <posx>340</posx>
      <posy>636</posy>
      <width>610</width>
      <height>25</height>
      <align>center</align>
      <aligny>center</aligny>
      <font>Font_Info</font>
      <label>$INFO[VideoPlayer.Genre] • $INFO[VideoPlayer.RatingAndVotes]</label>
      <scroll>true</scroll>
      <visible>VideoPlayer.Content(movies)</visible>
    </control>
    <!--<control type="label">
      <posx>340</posx>
      <posy>636</posy>
      <width>610</width>
      <height>25</height>
      <align>center</align>
      <aligny>center</aligny>
      <font>Font_Info</font>
      <label>[UPPERCASE]$INFO[VideoPlayer.TvShowTitle][/UPPERCASE]</label>
      <scroll>true</scroll>
      <visible>VideoPlayer.Content(episodes)</visible>
    </control>-->
    <control type="label">
      <posx>340</posx>
      <posy>675</posy>
      <width>610</width>
      <height>25</height>
      <align>center</align>
      <aligny>center</aligny>
      <font>Font_Info</font>
      <textcolor>60FFFFFF</textcolor>
      <label>Directed by [COLOR d0ffffff]$INFO[VideoPlayer.Director][/COLOR]</label>
      <scroll>true</scroll>
      <visible>VideoPlayer.Content(movies)</visible>
    </control>
    <control type="label">
      <posx>340</posx>
      <posy>695</posy>
      <width>610</width>
      <height>25</height>
      <align>center</align>
      <aligny>center</aligny>
      <font>Font_Info</font>
      <textcolor>60FFFFFF</textcolor>
      <label>Written by [COLOR d0ffffff]$INFO[VideoPlayer.Writer][/COLOR]</label>
      <scroll>true</scroll>
      <visible>VideoPlayer.Content(movies)</visible>
    </control>
    <control type="label">
      <posx>640</posx>
      <posy>690</posy>
      <width>190</width>
      <height>25</height>
      <align>center</align>
      <font>Font_Info</font>
      <textcolor>60FFFFFF</textcolor>
      <label>$LOCALIZE[20359] $LOCALIZE[563]: [COLOR d0ffffff]$INFO[VideoPlayer.Rating][/COLOR]</label>
      <scroll>true</scroll>
      <visible>VideoPlayer.Content(episodes)</visible>
    </control>
    <control type="label">
      <posx>450</posx>
      <posy>690</posy>
      <width>190</width>
      <height>25</height>
      <align>center</align>
      <font>Font_Info</font>
      <textcolor>60FFFFFF</textcolor>
      <label>$LOCALIZE[20416]: [COLOR d0ffffff]$INFO[VideoPlayer.premiered][/COLOR]</label>
      <scroll>true</scroll>
      <visible>VideoPlayer.Content(episodes)</visible>
    </control>
    <control type="group">
      <posx>0</posx>
      <posy>615</posy>
      <control type="group">
        <visible>VideoPlayer.Content(episodes)</visible>
        <control type="image" id="1000">
          <description>Clearart</description>
          <posx>15</posx>
          <posy>-34</posy>
          <width>230</width>
          <height>156</height>
          <texture background="true">$INFO[Player.FolderPath]/clearart.png</texture>
          <aspectratio>keep</aspectratio>
          <animation type="WindowOpen">
            <effect type="slide" start="-300,0" end="0,0" time="600" tween="cubic" easing="out"/>
            <effect type="fade" start="0" end="100" time="600"/>
          </animation>
          <animation type="WindowClose">
            <effect type="slide" start="0,0" end="-300,0" time="600" tween="cubic" easing="out"/>
            <effect type="fade" start="100" end="0" time="600"/>
          </animation>
        </control>
        <control type="image" id="1001">
          <description>Clearart</description>
          <posx>15</posx>
          <posy>-34</posy>
          <width>230</width>
          <height>156</height>
          <texture background="true">$INFO[Player.FolderPath]/../clearart.png</texture>
          <aspectratio>keep</aspectratio>
          <visible>IsEmpty(Control.GetLabel(1000))</visible>
          <animation type="WindowOpen">
            <effect type="slide" start="-300,0" end="0,0" time="600" tween="cubic" easing="out"/>
            <effect type="fade" start="0" end="100" time="600"/>
          </animation>
          <animation type="WindowClose">
            <effect type="slide" start="0,0" end="-300,0" time="600" tween="cubic" easing="out"/>
            <effect type="fade" start="100" end="0" time="600"/>
          </animation>
        </control>
        <control type="image" id="1002">
          <description>Logo.png fallback</description>
          <posx>15</posx>
          <posy>-44</posy>
          <width>230</width>
          <height>156</height>
          <texture background="true">$INFO[Player.FolderPath]/../logo.png</texture>
          <aspectratio>keep</aspectratio>
          <visible>IsEmpty(Control.GetLabel(1000)) + IsEmpty(Control.GetLabel(1001))</visible>
          <animation type="WindowOpen">
            <effect type="slide" start="-300,0" end="0,0" time="600" tween="cubic" easing="out"/>
            <effect type="fade" start="0" end="100" time="600"/>
          </animation>
          <animation type="WindowClose">
            <effect type="slide" start="0,0" end="-300,0" time="600" tween="cubic" easing="out"/>
            <effect type="fade" start="100" end="0" time="600"/>
          </animation>
        </control>
        <control type="image" id="1003">
          <description>Logo.png fallback</description>
          <posx>15</posx>
          <posy>-44</posy>
          <width>230</width>
          <height>156</height>
          <visible>IsEmpty(Control.GetLabel(1000)) + IsEmpty(Control.GetLabel(1001)) + IsEmpty(Control.GetLabel(1002))</visible>
          <texture background="true">$INFO[Player.FolderPath]/../logo.png</texture>
          <aspectratio>keep</aspectratio>
          <animation type="WindowOpen">
            <effect type="slide" start="-300,0" end="0,0" time="600" tween="cubic" easing="out"/>
            <effect type="fade" start="0" end="100" time="600"/>
          </animation>
          <animation type="WindowClose">
            <effect type="slide" start="0,0" end="-300,0" time="600" tween="cubic" easing="out"/>
            <effect type="fade" start="100" end="0" time="600"/>
          </animation>
        </control>
      </control>
      <control type="group">
        <visible>VideoPlayer.Content(movies)</visible>
        <control type="image">
          <description>IMDB Rating</description>
          <posx>65</posx>
          <posy>70</posy>
          <width>120</width>
          <height>24</height>
          <texture>$INFO[VideoPlayer.Rating,stars/,.png]</texture>
        </control>
        <control type="label">
          <posx>65</posx>
          <posy>37</posy>
          <width>130</width>
          <height>25</height>
          <align>center</align>
          <aligny>center</aligny>
          <font>Font_OSDTitle2</font>
          <label>$INFO[VideoPlayer.Year]</label>
        </control>
      </control>
    </control>
    <control type="group">
      <posy>605</posy>
      <control type="label">
        <posx>260</posx>
        <posy>35</posy>
        <width>760</width>
        <height>25</height>
        <font>Font_Info</font>
        <colordiffuse>d0FFFFFF</colordiffuse>
        <align>left</align>
        <label>$INFO[VideoPlayer.Time]</label>
      </control>
      <control type="label">
        <posx>260</posx>
        <posy>85</posy>
        <width>760</width>
        <height>25</height>
        <font>Font_Info</font>
        <align>left</align>
        <textcolor>60FFFFFF</textcolor>
        <label>Current Time: [COLOR d0ffffff]$INFO[System.Time][/COLOR]</label>
      </control>
      <control type="label">
        <posx>1020</posx>
        <posy>35</posy>
        <width>760</width>
        <height>25</height>
        <font>Font_Info</font>
        <align>right</align>
        <label>$INFO[VideoPlayer.Duration]</label>
      </control>
      <control type="label">
        <posx>1020</posx>
        <posy>85</posy>
        <width>760</width>
        <height>25</height>
        <font>Font_Info</font>
        <textcolor>60FFFFFF</textcolor>
        <align>right</align>
        <label>$LOCALIZE[31049]: [COLOR d0ffffff]$INFO[Player.FinishTime][/COLOR]</label>
      </control>
    </control>
    <control type="group">
      <description>Plot button</description>
      <visible>no</visible>
      <control type="radiobutton" id="5000">
        <posx>20</posx>
        <posy>646</posy>
        <width>200</width>
        <height>40</height>
        <label>Show Plot (Spoilers!)</label>
        <onfocus>Skin.Reset(ShowInfoPlot)</onfocus>
        <onclick>Skin.ToggleSetting(ShowInfoPlot)</onclick>
        <onclick>PlayerControl(Play)</onclick>
        <align>center</align>
        <aligny>center</aligny>
        <font>Font_Info</font>
        <textureradioon>osd/info/osd_slidernubf.png</textureradioon>
        <textureradiooff>osd/info/osd_slidernub.png</textureradiooff>
        <texturefocus>-</texturefocus>
        <texturenofocus>-</texturenofocus>
        <radiowidth>94</radiowidth>
        <radioheight>65</radioheight>
        <radioposx>150</radioposx>
        <radioposy>-11</radioposy>
      </control>
      <control type="textbox">
        <posx>280</posx>
        <posy>200</posy>
        <width>700</width>
        <height>300</height>
        <align>left</align>
        <aligny>top</aligny>
        <font>Font_OSDPlot</font>
        <label>$INFO[VideoPlayer.Plot]</label>
        <visible>Skin.HasSetting(ShowInfoPlot)</visible>
        <autoscroll delay="5000" time="3000" repeat="8000">Skin.HasSetting(AutoScroll)</autoscroll>
      </control>
    </control>
    </control>
  </controls>
</window>