<?xml version="1.0"?>
<window id="502">
	<defaultcontrol always="true">50</defaultcontrol>
	<allowoverlay>yes</allowoverlay>
	<views>50,500,550,509,506,511,512,513</views>
	<controls>
    <include>CommonMusicBackground</include>
    <control type="group">
			<include>Animation_OpenCloseZoom</include>		
			<control type="image">
				<posx>0</posx>
				<posy>0</posy>
				<width>1280</width>
				<height>720</height>
				<texture background="true">$INFO[ListItem.Property(Fanart_Image)]</texture>
				<include>backgroundfade</include>
				<fadetime>FanartCrossfadeTime</fadetime>
				<visible>!Skin.HasSetting(MusicLibraryFanart) + !IsEmpty(ListItem.Property(Fanart_Image))</visible>
			</control>
			<control type="image">
				<posx>0</posx>
				<posy>0</posy>
				<width>1280</width>
				<height>720</height>
				<texture background="true">$INFO[Fanart.Image]</texture>
				<include>backgroundfade</include>
				<fadetime>FanartCrossfadeTime</fadetime>
				<visible>!Skin.HasSetting(MusicLibraryFanart) + !IsEmpty(Fanart.Image)</visible>
			</control>
		</control>
		
		<control type="group">
			<include>Window_OpenClose_Animation</include>		
			<include>CommonRootView</include> <!-- view id = 50 -->
			<include>Viewtype_Wall</include><!-- view id = 500 --><!--
			<include>MusicInfoListView</include> --><!-- view id = 506 -->
			<include>AlbumWrapView2_Fanart</include> <!-- view id = 509 -->
			<!--<include>MusicVideoInfoListView</include> --><!-- view id = 511 --><!--
			<include>ArtistMediaListView</include> --><!-- view id = 512 -->
			<include>AlbumInfoListView</include><!-- view id = 513 -->
			<!--<include>AddonInfoListView1</include>--> --><!-- view id = 550 -->
		</control>
		<include>ScrollOffsetLabel</include>
    <include>Furniture_NowPlayingWidget</include>



    <include>Media_Menu</include>
	</controls>
</window>
