<fonts>
	<fontset id="Default" idloc="31390" unicode="true"> 
    <!--Aeon Nox-->
    <font>
      <name>font13</name>
      <filename>Ubuntu-R.ttf</filename>
      <size>18</size>
    </font>
    <font>
      <name>Font_Bold16</name>
      <filename>Ubuntu-B.ttf</filename>
      <size>16</size>
    </font>
    <font>
      <name>Font_OSDSeek2</name>
      <filename>Ubuntu-B.ttf</filename>
      <size>18</size>
    </font>
    <font>
      <name>Font_Bold20</name>
      <filename>Ubuntu-B.ttf</filename>
      <size>20</size>
    </font>
    <font>
      <name>Font_Bold22</name>
      <filename>Ubuntu-B.ttf</filename>
      <size>22</size>
    </font>
    <font>
      <name>Font_Bold24</name>
      <filename>Ubuntu-B.ttf</filename>
      <size>24</size>
    </font>
    <font>
      <name>Font_Bold28</name>
      <filename>Ubuntu-B.ttf</filename>
      <size>28</size>
    </font>
    <font>
      <name>Font_OSDTitle2</name>
      <filename>Ubuntu-B.ttf</filename>
      <size>38</size>
    </font>
    <font>
      <name>Font_MainMenu</name>
      <filename>Ubuntu-B.ttf</filename>
      <size>50</size>
    </font>
    <font>
      <name>Font_MainClassic</name>
      <filename>Ubuntu-B.ttf</filename>
      <size>60</size>
      <aspect>0.8</aspect>
    </font>

    <font>
      <name>Font_Reg10</name>
      <filename>Ubuntu-R.ttf</filename>
      <size>10</size>
    </font>
    <font>
      <name>Font_Reg14</name>
      <filename>Ubuntu-R.ttf</filename>
      <size>14</size>
    </font>
    <font>
      <name>Font_Reg15</name>
      <filename>Ubuntu-R.ttf</filename>
      <size>15</size>
    </font>
    <font>
      <name>Font_Info</name>
      <filename>Ubuntu-R.ttf</filename>
      <size>16</size>
    </font>
    <font>
      <name>Font_Reg17</name>
      <filename>Ubuntu-R.ttf</filename>
      <size>17</size>
    </font>
    <font>
      <name>Font_Reg18</name>
      <filename>Ubuntu-R.ttf</filename>
      <size>18</size>
    </font>
    <font>
      <name>Font_Reg19</name>
      <filename>Ubuntu-R.ttf</filename>
      <size>19</size>
    </font>
    <font>
      <name>Font_Reg20</name>
      <filename>Ubuntu-R.ttf</filename>
      <size>20</size>
    </font>
  
    <font>
      <name>Font_Reg21</name>
      <filename>Ubuntu-R.ttf</filename>
      <size>21</size>
    </font>
    <font>
      <name>Font_Reg22</name>
      <filename>Ubuntu-R.ttf</filename>
      <size>22</size>
    </font>
    <font>
      <name>Font_Reg24</name>
      <filename>Ubuntu-R.ttf</filename>
      <size>24</size>
    </font>
   
    <font>
      <name>Font_ShowcaseMainLabel2</name>
      <filename>Ubuntu-R.ttf</filename>
      <size>30</size>
    </font>
  </fontset>
</fonts>