<window id="501">
	<defaultcontrol always="true">50</defaultcontrol>
	<allowoverlay>no</allowoverlay>
	<views>50,509,513,550,500,506</views>
	<controls>
    <include>CommonMusicBackground</include>
    <control type="group">
      <include>Animation_OpenCloseZoom</include>
      <include>Animation_HideMusic</include>
      <visible>Control.IsVisible(513)|Control.IsVisible(509)</visible>
      <include>Furniture_Showcase</include>
    </control>

    <control type="group">
			<include>Animation_OpenCloseZoom</include>		
			<include>CommonRootView</include> <!-- view id = 50 -->
			<include>ShowcaseQuadrate</include><!-- view id = 51 -->
			<include>Viewtype_Wall</include> <!-- view id = 500 -->
    	<include>ShowcaseCD</include>
		</control>
    <control type="group">
      <visible>Control.IsVisible(513)|Control.IsVisible(509)|Control.IsVisible(500)</visible>
      <include>MusicMediaFlags</include>
      <include>Furniture_DarkGradient</include>
    </control>
    <include>ScrollOffsetLabel</include>
    <include condition="Skin.HasSetting(globaltime)">Furniture_Clock</include>
    <include>Furniture_NowPlayingWidget</include>
    <include>Media_Menu</include>
  </controls>
</window>
