<window id="2">
	<defaultcontrol always="true">50</defaultcontrol>
	<allowoverlay>no</allowoverlay>
	<views>50,509,550,500,511,510</views>
	<controls>
		<include>CommonPictureBackground</include>
    <control type="group">
      <include>Animation_OpenCloseZoom</include>
      <visible>Control.IsVisible(513)|Control.IsVisible(509)</visible>
      <include>Furniture_Showcase</include>
    </control>
    <control type="group">
			<include>Animation_OpenCloseZoom</include>		
			<include>CommonRootView</include> <!-- view id = 50 -->
			<include>ShowcaseQuadrate</include><!-- view id = 51 -->
			<include>Viewtype_Wall</include><!-- view id = 500 --><!--
			<include>PictureWrapView</include> --><!-- view id = 510 --><!--
			<include>PictureThumbView</include> --><!-- view id = 511 --><!--
			<include>AddonInfoListView1</include> --><!-- view id = 550 -->
		</control>
		<include>ScrollOffsetLabel</include>
    <include>Media_Menu</include>
    <include condition="Skin.HasSetting(globaltime)">Furniture_Clock</include>
    <include>Furniture_NowPlayingWidget</include>
  </controls>
</window>
