<includes>
  <include name="MediaListView3">
    <control type="group">
      <visible>Control.IsVisible(503)</visible>
      <control type="wraplist" id="503">
        <posx>-220</posx>
        <posy>405</posy>
        <width>1700</width>
        <height>300</height>
        <onleft>503</onleft>
        <onright>503</onright>
        <onup>SetFocus(7000)</onup>
        <ondown>63</ondown>
        <orientation>horizontal</orientation>
        <viewtype label="$LOCALIZE[31150]">BigWrap</viewtype>
        <pagecontrol>63</pagecontrol>
        <scrolltime>200</scrolltime>
        <focusposition>2</focusposition>
        <preloaditems>1</preloaditems>
        <visible>[Container.Content(TVShows) | Container.Content(Seasons) | Container.Content(Episodes) | Container.Content(Movies)]</visible>
        <itemlayout width="330" height="300">
          <control type="group">
            <visible>Container.Content(episodes)+!Control.HasFocus(109)</visible>
            <control type="image">
              <posx>4</posx>
              <posy>50</posy>
              <width>322</width>
              <height>180</height>
              <bordertexture border="-48">thumbs/multiplex_tvborder.png</bordertexture>
              <aspectratio scalediffuse="false">scale</aspectratio>
              <texture background="true" diffuse="thumbs/multiplex_tvmask.png">DefaultVideo.png</texture>
              <info>ListItem.Thumb</info>
            </control>
            <control type="image">
              <posx>4</posx>
              <posy>231</posy>
              <width>322</width>
              <height>180</height>
              <aspectratio scalediffuse="false">scale</aspectratio>
              <texture flipy="true" background="true" diffuse="thumbs/multiplex_tvmaskreflect.png">DefaultVideo.png</texture>
              <colordiffuse>aaFFFFFF</colordiffuse>
              <info>ListItem.Thumb</info>
            </control>
          </control>
          <control type="group">
            <visible>Container.Content(tvshows)+!Control.HasFocus(109)</visible>
            <control type="image">
              <posx>4</posx>
              <posy>50</posy>
              <width>322</width>
              <height>180</height>
              <aspectratio scalediffuse="false">scale</aspectratio>
              <bordertexture border="-48">thumbs/multiplex_tvborder.png</bordertexture>
              <texture fallback="DefaultVideo.png" background="true" diffuse="thumbs/multiplex_tvmask.png">$INFO[ListItem.Path,,landscape.jpg]</texture>
              <visible>!Skin.HasSetting(landscapelogo)+Container.Content(tvshows)</visible>
            </control>
            <control type="image">
              <posx>4</posx>
              <posy>105</posy>
              <width>322</width>
              <height>125</height>
              <aspectratio scalediffuse="false">stretch</aspectratio>
              <texture>$INFO[ListItem.Path,,logo.png]</texture>
              <visible>Skin.HasSetting(landscapelogo)+Container.Content(tvshows)</visible>
            </control>
            <control type="image">
              <posx>4</posx>
              <posy>231</posy>
              <width>322</width>
              <height>180</height>
              <aspectratio scalediffuse="false">scale</aspectratio>
              <texture fallback="DefaultVideo.png" flipy="true" background="true" diffuse="thumbs/multiplex_tvmaskreflect.png">$INFO[ListItem.Path,,landscape.jpg]</texture>
              <colordiffuse>aaFFFFFF</colordiffuse>
              <visible>!Skin.HasSetting(landscapelogo)+Container.Content(tvshows)</visible>
            </control>
            <control type="image">
              <posx>4</posx>
              <posy>230</posy>
              <width>322</width>
              <height>125</height>
              <aspectratio scalediffuse="false">scale</aspectratio>
              <texture flipy="true">$INFO[ListItem.Path,,logo.png]</texture>
              <animation effect="fade" start="10" end="10" time="200" tween="cubic" easing="inout" condition="true">Conditional</animation>
              <visible>Skin.HasSetting(landscapelogo)+Container.Content(tvshows)</visible>
            </control>
          </control>
          <control type="group">
            <visible>Container.Content(movies)+!Control.HasFocus(109)</visible>
            <control type="image">
              <posx>4</posx>
              <posy>50</posy>
              <width>322</width>
              <height>180</height>
              <fadetime>IconCrossfadeTime2</fadetime>
              <bordertexture border="-48">thumbs/multiplex_tvborder.png</bordertexture>
              <aspectratio scalediffuse="false">scale</aspectratio>
              <texture background="true" diffuse="thumbs/multiplex_tvmask.png">DefaultVideo.png</texture>
              <info>ListItem.property(fanart_image)</info>
            </control>
            <control type="image">
              <posx>4</posx>
              <posy>231</posy>
              <width>322</width>
              <height>180</height>
              <fadetime>IconCrossfadeTime2</fadetime>
              <aspectratio scalediffuse="false">scale</aspectratio>
              <texture flipy="true" background="true" diffuse="thumbs/multiplex_tvmaskreflect.png">DefaultVideo.png</texture>
              <colordiffuse>aaFFFFFF</colordiffuse>
              <info>ListItem.property(fanart_image)</info>
            </control>
          </control>
          <control type="image">
            <posx>266</posx>
            <posy>50</posy>
            <width>60</width>
            <height>60</height>
            <texture>thumbs/OverlayWatched.png</texture>
            <visible>StringCompare(ListItem.Overlay,OverlayWatched.png)+!Control.HasFocus(109)+![Skin.HasSetting(landscapelogo)+Container.Content(tvshows)]+!Skin.HasSetting(newstatus)+!IsEmpty(ListItem.Overlay)</visible>
          </control>
          <control type="image">
            <posx>268</posx>
            <posy>48</posy>
            <width>60</width>
            <height>60</height>
            <texture>thumbs/UnWatched.png</texture>
            <visible>!StringCompare(ListItem.Overlay,OverlayWatched.png)+!Control.HasFocus(109)+![Skin.HasSetting(landscapelogo)+Container.Content(tvshows)]+Skin.HasSetting(newstatus)+!IsEmpty(ListItem.Overlay)</visible>
          </control>
        </itemlayout>
        <focusedlayout width="400" height="300">
          <control type="group">
            <visible>Container.Content(episodes)+!Control.HasFocus(109)</visible>
            <control type="image">
              <posx>38</posx>
              <posy>50</posy>
              <width>322</width>
              <height>180</height>
              <aspectratio scalediffuse="false">scale</aspectratio>
              <bordertexture border="-48">thumbs/multiplex_tvborder.png</bordertexture>
              <texture background="true" diffuse="thumbs/multiplex_tvmask.png">DefaultVideo.png</texture>
              <info>ListItem.Thumb</info>
              <animation effect="zoom" center="195,130" start="100" end="122" time="600" tween="back" easing="out" reversible="false">Focus</animation>
            </control>
            <control type="image">
              <posx>38</posx>
              <posy>231</posy>
              <width>322</width>
              <height>180</height>
              <aspectratio scalediffuse="false">scale</aspectratio>
              <texture flipy="true" background="true" diffuse="thumbs/multiplex_tvmaskreflect.png">DefaultVideo.png</texture>
              <info>ListItem.Thumb</info>
              <colordiffuse>aaFFFFFF</colordiffuse>
              <animation effect="zoom" center="195,130" start="100" end="122" time="600" tween="back" easing="out" reversible="false">Focus</animation>
            </control>
          </control>
          <control type="group">
            <visible>Container.Content(tvshows)+!Control.HasFocus(109)</visible>
            <control type="image">
              <posx>38</posx>
              <posy>50</posy>
              <width>322</width>
              <height>180</height>
              <aspectratio scalediffuse="false">scale</aspectratio>
              <bordertexture border="-48">thumbs/multiplex_tvborder.png</bordertexture>
              <texture fallback="DefaultVideo.png" background="true" diffuse="thumbs/multiplex_tvmask.png">$INFO[ListItem.Path,,landscape.jpg]</texture>
              <animation effect="zoom" center="195,130" start="100" end="122" time="600" tween="back" easing="out" reversible="false">Focus</animation>
              <visible>!Skin.HasSetting(landscapelogo)+Container.Content(tvshows)</visible>
            </control>
            <control type="image">
              <posx>38</posx>
              <posy>105</posy>
              <width>322</width>
              <height>125</height>
              <aspectratio scalediffuse="false">scale</aspectratio>
              <texture>$INFO[ListItem.Path,,logo.png]</texture>
              <animation effect="zoom" center="195,150" start="100" end="122" time="600" tween="back" easing="out" reversible="false">Focus</animation>
              <visible>Skin.HasSetting(landscapelogo)+Container.Content(tvshows)</visible>
            </control>
            <control type="image">
              <posx>38</posx>
              <posy>231</posy>
              <width>322</width>
              <height>180</height>
              <aspectratio scalediffuse="false">scale</aspectratio>
              <texture fallback="DefaultVideo.png" flipy="true" background="true" diffuse="thumbs/multiplex_tvmaskreflect.png">$INFO[ListItem.Path,,landscape.jpg]</texture>
              <colordiffuse>aaFFFFFF</colordiffuse>
              <animation effect="zoom" center="195,130" start="100" end="122" time="600" tween="back" easing="out" reversible="false">Focus</animation>
              <visible>!Skin.HasSetting(landscapelogo)+Container.Content(tvshows)</visible>
            </control>
            <control type="image">
              <posx>38</posx>
              <posy>230</posy>
              <width>322</width>
              <height>125</height>
              <aspectratio scalediffuse="false">scale</aspectratio>
              <texture flipy="true">$INFO[ListItem.Path,,logo.png]</texture>
              <animation effect="zoom" center="195,150" start="100" end="122" time="600" tween="back" easing="out" reversible="false">Focus</animation>
              <animation effect="fade" start="10" end="10" time="200" tween="cubic" easing="inout" condition="true" reversible="false">Conditional</animation>
              <visible>Skin.HasSetting(landscapelogo)+Container.Content(tvshows)</visible>
            </control>
          </control>
          <control type="group">
            <visible>Container.Content(movies)+!Control.HasFocus(109)</visible>
            <control type="image">
              <posx>38</posx>
              <posy>50</posy>
              <width>322</width>
              <height>180</height>
              <fadetime>IconCrossfadeTime2</fadetime>
              <bordertexture border="-48">thumbs/multiplex_tvborder.png</bordertexture>
              <aspectratio scalediffuse="false">scale</aspectratio>
              <texture background="true" diffuse="thumbs/multiplex_tvmask.png">DefaultVideo.png</texture>
              <info>ListItem.property(fanart_image)</info>
              <animation effect="zoom" center="195,130" start="100" end="122" time="600" tween="back" easing="out" reversible="false">Focus</animation>
              <animation effect="zoom" center="195,130" start="100" end="122" time="600" tween="back" easing="out" reversible="false" condition="Control.HasFocus(7001)">Conditional</animation>
            </control>
            <control type="image">
              <posx>38</posx>
              <posy>231</posy>
              <width>322</width>
              <height>180</height>
              <fadetime>IconCrossfadeTime2</fadetime>
              <aspectratio scalediffuse="false">scale</aspectratio>
              <texture flipy="true" background="true" diffuse="thumbs/multiplex_tvmaskreflect.png">DefaultVideo.png</texture>
              <info>ListItem.property(fanart_image)</info>
              <animation effect="zoom" center="195,130" start="100" end="122" time="600" tween="back" easing="out" reversible="false">Focus</animation>
              <colordiffuse>aaFFFFFF</colordiffuse>
              <animation effect="zoom" center="195,130" start="100" end="122" time="600" tween="back" easing="out" reversible="false" condition="Control.HasFocus(7001)">Conditional</animation>
            </control>
          </control>
          <control type="image">
            <posx>300</posx>
            <posy>50</posy>
            <width>60</width>
            <height>60</height>
            <texture>thumbs/OverlayWatched.png</texture>
            <visible>StringCompare(ListItem.Overlay,OverlayWatched.png)+!Control.HasFocus(109)+![Skin.HasSetting(landscapelogo)+Container.Content(tvshows)]+!Skin.HasSetting(newstatus)+!IsEmpty(ListItem.Overlay)</visible>
            <animation effect="zoom" center="195,130" start="100" end="122" time="600" tween="back" easing="out" reversible="false">Focus</animation>
            <animation effect="zoom" center="195,130" start="100" end="122" time="600" tween="back" easing="out" reversible="false" condition="Control.HasFocus(7001)">Conditional</animation>
          </control>
          <control type="image">
            <posx>302</posx>
            <posy>48</posy>
            <width>60</width>
            <height>60</height>
            <texture>thumbs/UnWatched.png</texture>
            <visible>!StringCompare(ListItem.Overlay,OverlayWatched.png)+!Control.HasFocus(109)+![Skin.HasSetting(landscapelogo)+Container.Content(tvshows)]+Skin.HasSetting(newstatus)+!IsEmpty(ListItem.Overlay)</visible>
            <animation effect="zoom" center="195,130" start="100" end="122" time="600" tween="back" easing="out" reversible="false">Focus</animation>
            <animation effect="zoom" center="195,130" start="100" end="122" time="600" tween="back" easing="out" reversible="false" condition="Control.HasFocus(7001)">Conditional</animation>
          </control>

        </focusedlayout>
      </control>
      <control type="scrollbar" id="63">
        <posx>305</posx>
        <posy>670</posy>
        <width>670</width>
        <height>41</height>
        <visible allowhiddenfocus="true">Control.HasFocus(63)</visible>
        <texturesliderbackground border="14,0,14,0">views/scrollBarH.png</texturesliderbackground>
        <texturesliderbar border="14,0,14,0">views/scrollBarH_bar.png</texturesliderbar>
        <texturesliderbarfocus border="14,0,14,0">views/scrollBarH_bar_focus.png</texturesliderbarfocus>
        <textureslidernib>views/scrollBarNib.png</textureslidernib>
        <textureslidernibfocus>views/scrollBarNib.png</textureslidernibfocus>
        <pulseonselect>yes</pulseonselect>
        <onup>503</onup>
        <ondown>SetFocus(109)</ondown>
        <showonepage>false</showonepage>
        <orientation>horizontal</orientation>
      </control>
      <control type="group">
        <visible>!Control.HasFocus(109)</visible>
        <control type="label">
          <posx>340</posx>
          <posy>693</posy>
          <width>600</width>
          <align>center</align>
          <aligny>center</aligny>
          <include>Animation_CommonFade</include>
          <font>Font_ShowcaseMainLabel2</font>
          <scroll>true</scroll>
          <textcolor>floor</textcolor>
          <shadowcolor>black</shadowcolor>
          <label>[UPPERCASE]$INFO[ListItem.Label][/UPPERCASE]</label>
          <visible>!Control.HasFocus(63)+!ControlGroup(9000).HasFocus+![Skin.HasSetting(landscapelogo)+Container.Content(tvshows)]</visible>
          <visible>![Control.IsVisible(503)+!Skin.HasSetting(showcaseinfoontv)+[Container.Content(tvshows)|Container.Content(episodes)]+!Skin.HasSetting(landscapelogo)]</visible>
        </control>
        <control type="label">
          <posx>340</posx>
          <posy>693</posy>
          <width>600</width>
          <align>center</align>
          <aligny>center</aligny>
          <include>Animation_CommonFade</include>
          <font>Font_ShowcaseMainLabel2</font>
          <textcolor>floor</textcolor>
          <shadowcolor>black</shadowcolor>
          <label>[UPPERCASE]$INFO[Container.NumItems] $LOCALIZE[31025] | $LOCALIZE[31024] $INFO[Container.CurrentPage]/$INFO[Container.NumPages][/UPPERCASE]</label>
          <visible>ControlGroup(9000).HasFocus</visible>
        </control>
      </control>
    </control>
  </include>
</includes>