<window id="2600">
	<defaultcontrol always="true">3</defaultcontrol>
	<allowoverlay>no</allowoverlay>
	<controls>
		<include>CommonWeatherBackground</include>
		<control type="group">
			<animation type="WindowOpen" reversible="false">
				<effect type="zoom" start="80" end="100" center="640,360" easing="out" tween="back" time="300" />
				<effect type="fade" start="0" end="100" time="300" />
			</animation>
			<animation type="WindowClose" reversible="false">
				<effect type="zoom" start="100" end="80" center="640,360" easing="in" tween="back" time="300" />
				<effect type="fade" start="100" end="0" time="300" />
			</animation>			
			<visible>!Window.IsVisible(script-twc-main.xml)</visible>
			<include>Animation_OpenCloseZoom</include>
			<control type="group">
				<posx>100</posx>
				<posy>50</posy>
				<control type="image">
					<posx>0</posx>
					<posy>0</posy>
					<width>500</width>
					<height>620</height>
					<texture>osd/osd_settings_back.png</texture>
				</control>
				<control type="label">
					<description>header label</description>
					<posx>20</posx>
					<posy>18</posy>
					<width>460</width>
					<height>30</height>
					<font>Font_Bold22</font>
					<label>[UPPERCASE]$LOCALIZE[31300][/UPPERCASE]</label>
					<align>center</align>
					<aligny>center</aligny>
					<textcolor>white</textcolor>
					<shadowcolor>black</shadowcolor>
				</control>
				<control type="label">
					<description>weather location label</description>
					<posx>20</posx>
					<posy>60</posy>
					<width>460</width>
					<height>30</height>
					<font>Font_Bold20</font>
					<textcolor>white</textcolor>
					<scroll>false</scroll>
					<align>center</align>
					<aligny>center</aligny>
					<label>$INFO[Weather.Location]</label>
				</control>
        <control type="button" id="4">
          <description>Settings button</description>
          <label>5</label>
          <onclick>ActivateWindow(MyWeatherSettings)</onclick>
          <posx>270</posx>
          <posy>120</posy>
          <width>120</width>
          <height>30</height>
          <texturefocus border="5">dialogs/context_highlight.png</texturefocus>
          <texturenofocus border="5">dialogs/context_nofocus.png</texturenofocus>
          <textcolor>80FFFFFF</textcolor>
          <focusedcolor>FFFFFFFF</focusedcolor>
          <font>Font_Reg18</font>
          <align>center</align>
          <aligny>center</aligny>
          <onleft>2</onleft>
          <onright>2</onright>
          <onup>3</onup>
          <ondown>3</ondown>
        </control>
        <control type="button" id="2">
          <description>Refresh button</description>
          <posx>110</posx>
          <posy>120</posy>
          <width>120</width>
          <height>30</height>
          <texturefocus border="5">dialogs/context_highlight.png</texturefocus>
          <texturenofocus border="5">dialogs/context_nofocus.png</texturenofocus>
          <label>103</label>
          <textcolor>80FFFFFF</textcolor>
          <focusedcolor>FFFFFFFF</focusedcolor>
          <font>Font_Reg18</font>
          <align>center</align>
          <aligny>center</aligny>
          <onleft>4</onleft>
          <onright>4</onright>
          <onup>3</onup>
          <ondown>3</ondown>
        </control>
        <control type="spincontrolex" id="3">
          <description>change location button</description>
          <posx>200</posx>
          <posy>60</posy>
          <textcolor>00bbbbbb</textcolor>
          <focusedcolor>00FFFFFF</focusedcolor>
          <textureup>settings/spin-up.png</textureup>
          <texturedown>settings/spin-down.png</texturedown>
          <textureupfocus>settings/spin-up-focus.png</textureupfocus>
          <texturedownfocus>settings/spin-down-focus.png</texturedownfocus>
          <texturenofocus>-</texturenofocus>
          <texturefocus>-</texturefocus>
          <font>-</font>
          <disabledcolor>FFFFFFFF</disabledcolor>
          <aligny>center</aligny>
          <align>-</align>
          <textoffsetx>130</textoffsetx>
          <spinposx>-2</spinposx>
          <spinwidth>40</spinwidth>
          <spinheight>65</spinheight>
          <onleft>50</onleft>
          <onright>50</onright>
          <onup>4</onup>
          <ondown>2</ondown>
        </control>
				<control type="label">
					<description>update label</description>
					<posx>20</posx>
					<posy>85</posy>
					<width>460</width>
					<height>35</height>
					<font>Font_Reg18</font>
					<label>$LOCALIZE[31301] - $INFO[Window.Property(Updated)]</label>
					<align>center</align>
					<aligny>center</aligny>
					<textcolor>grey2</textcolor>
				</control>
				<control type="label">
					<description>current temp Value</description>
					<posx>195</posx>
					<posy>155</posy>
					<width>180</width>
					<height>180</height>
					<font>Font_OSDTitle2</font>
					<align>right</align>
					<aligny>center</aligny>
					<label>$INFO[Window.Property(Current.Temperature)] $INFO[System.TemperatureUnits]</label>
					<textcolor>white</textcolor>
					<shadowcolor>black</shadowcolor>
				</control>
			
				<control type="image">
					<description>current weather icon</description>
					<posx>230</posx>
					<posy>155</posy>
					<width>230</width>
					<height>180</height>
					<info>Window.Property(Current.ConditionIcon)</info>
					<aspectratio>keep</aspectratio>
				</control>
				<control type="label">
					<description>current condition label</description>
					<posx>20</posx>
					<posy>340</posy>
					<width>460</width>
					<height>30</height>
					<info>Window.Property(Current.Condition)</info>
					<wrapmultiline>true</wrapmultiline>
					<font>Font_Reg20</font>
					<align>center</align>
					<aligny>center</aligny>
					<textcolor>white</textcolor>
					<shadowcolor>black</shadowcolor>
				</control>
				<control type="image">
					<posx>20</posx>
					<posy>393</posy>
					<width>460</width>
					<height>1</height>
          <colordiffuse>30f0f0f0</colordiffuse>
					<texture>home/nowplaying/nowplayline.png</texture>
				</control>
				<control type="label">
					<description>current feels like label</description>
					<posx>170</posx>
					<posy>400</posy>
					<width>170</width>
					<height>35</height>
					<font>Font_Reg20</font>
					<align>right</align>
					<aligny>center</aligny>
					<label>$LOCALIZE[402] :</label>
					<textcolor>grey2</textcolor>
					<shadowcolor>black</shadowcolor>
				</control>
				<control type="label">
					<description>current dew label</description>
					<posx>170</posx>
					<posy>430</posy>
					<width>170</width>
					<height>35</height>
					<font>Font_Reg20</font>
					<align>right</align>
					<aligny>center</aligny>
					<label>$LOCALIZE[405] :</label>
					<textcolor>grey2</textcolor>
					<shadowcolor>black</shadowcolor>
				</control>
				<control type="label">
					<description>current humidity label</description>
					<posx>170</posx>
					<posy>460</posy>
					<width>170</width>
					<height>35</height>
					<font>Font_Reg20</font>
					<align>right</align>
					<aligny>center</aligny>
					<label>$LOCALIZE[406] :</label>
					<textcolor>grey2</textcolor>
					<shadowcolor>black</shadowcolor>
				</control>
				<control type="label">
					<description>current UV Index label</description>
					<posx>170</posx>
					<posy>490</posy>
					<width>170</width>
					<height>35</height>
					<font>Font_Reg20</font>
					<align>right</align>
					<aligny>center</aligny>
					<label>$LOCALIZE[403] :</label>
					<textcolor>grey2</textcolor>
					<shadowcolor>black</shadowcolor>
				</control>
				<control type="label">
					<description>current Wind label</description>
					<posx>170</posx>
					<posy>520</posy>
					<width>170</width>
					<height>35</height>
					<font>Font_Reg20</font>
					<align>right</align>
					<aligny>center</aligny>
					<label>$LOCALIZE[404] :</label>
					<textcolor>grey2</textcolor>
					<shadowcolor>black</shadowcolor>
				</control>
				<control type="label">
					<description>current feels like Value</description>
					<posx>185</posx>
					<posy>400</posy>
					<width>300</width>
					<height>35</height>
					<font>Font_Reg20</font>
					<align>left</align>
					<aligny>center</aligny>
					<label>$INFO[Window.Property(Current.FeelsLike)]$INFO[System.TemperatureUnits]</label>
					<textcolor>white</textcolor>
					<shadowcolor>black</shadowcolor>
				</control>
				<control type="label">
					<description>current dew Value</description>
					<posx>185</posx>
					<posy>430</posy>
					<width>300</width>
					<height>35</height>
					<font>Font_Reg20</font>
					<align>left</align>
					<aligny>center</aligny>
					<label>$INFO[Window.Property(Current.DewPoint)]$INFO[System.TemperatureUnits]</label>
					<textcolor>white</textcolor>
					<shadowcolor>black</shadowcolor>
				</control>
				<control type="label">
					<description>current humidity Value</description>
					<posx>185</posx>
					<posy>460</posy>
					<width>300</width>
					<height>35</height>
					<font>Font_Reg20</font>
					<align>left</align>
					<aligny>center</aligny>
					<info>Window.Property(Current.Humidity)</info>
					<textcolor>white</textcolor>
					<shadowcolor>black</shadowcolor>
				</control>
				<control type="label">
					<description>current UV Index Value</description>
					<posx>185</posx>
					<posy>490</posy>
					<width>300</width>
					<height>35</height>
					<font>Font_Reg20</font>
					<align>left</align>
					<aligny>center</aligny>
					<info>Window.Property(Current.UVIndex)</info>
					<textcolor>white</textcolor>
					<shadowcolor>black</shadowcolor>
				</control>
				<control type="label">
					<description>current Wind Value</description>
					<posx>185</posx>
					<posy>520</posy>
					<width>300</width>
					<height>35</height>
					<font>Font_Reg20</font>
					<align>left</align>
					<aligny>center</aligny>
					<info>Window.Property(Current.Wind)</info>
					<textcolor>white</textcolor>
					<shadowcolor>black</shadowcolor>
				</control>
			</control>
			<control type="group">
				<posx>680</posx>
				<posy>50</posy>
				<control type="image">
					<posx>0</posx>
					<posy>0</posy>
					<width>500</width>
					<height>620</height>
          <texture>osd/osd_settings_back.png</texture>
        </control>
				
				<control type="label">
					<description>header label</description>
					<posx>20</posx>
					<posy>18</posy>
					<width>460</width>
					<height>30</height>
					<font>Font_Bold22</font>
					<label>[UPPERCASE]$LOCALIZE[10508][/UPPERCASE]</label>
					<align>center</align>
					<aligny>center</aligny>
					<textcolor>white</textcolor>
					<shadowcolor>black</shadowcolor>
				</control>
				<control type="group">
					<description>day 0</description>
					<posx>20</posx>
					<posy>60</posy>
					<control type="label">
						<description>Day label</description>
						<posx>0</posx>
						<posy>0</posy>
						<width>460</width>
						<height>35</height>
						<font>Font_Bold20</font>
						<info>Window.Property(Day0.Title)</info>
						<align>center</align>
						<aligny>center</aligny>
						<textcolor>white</textcolor>
						<shadowcolor>black</shadowcolor>
					</control>
					<control type="image">
						<description>day icon</description>
						<posx>370</posx>
						<posy>40</posy>
						<height>80</height>
						<width>80</width>
						<info>Window.Property(Day0.OutlookIcon)</info>
						<aspectratio align="right">keep</aspectratio>
					</control>
					<control type="label">
						<description>high label</description>
						<posx>40</posx>
						<posy>50</posy>
						<height>20</height>
						<font>Font_Reg20</font>
						<align>left</align>
						<aligny>center</aligny>
						<label>$LOCALIZE[419] :</label>
						<textcolor>grey2</textcolor>
						<shadowcolor>black</shadowcolor>
						<visible>Weather.IsFetched</visible>
					</control>
					<control type="label">
						<description>high value</description>
						<posx>110</posx>
						<posy>50</posy>
						<height>20</height>
						<label>$INFO[Window.Property(Day0.HighTemp)]$INFO[System.TemperatureUnits]</label>
						<font>Font_Reg20</font>
						<align>left</align>
						<aligny>center</aligny>
						<textcolor>white</textcolor>
						<shadowcolor>black</shadowcolor>
						<visible>!IsEmpty(Window.Property(Day0.HighTemp))</visible>
					</control>
					<control type="label">
						<description>low label</description>
						<posx>220</posx>
						<posy>50</posy>
						<height>20</height>
						<font>Font_Reg20</font>
						<align>left</align>
						<aligny>center</aligny>
						<label>$LOCALIZE[418] :</label>
						<textcolor>grey2</textcolor>
						<shadowcolor>black</shadowcolor>
						<visible>Weather.IsFetched</visible>
					</control>
					<control type="label">
						<description>low value</description>
						<posx>290</posx>
						<posy>50</posy>
						<height>20</height>
						<label>$INFO[Window.Property(Day0.LowTemp)]$INFO[System.TemperatureUnits]</label>
						<font>Font_Reg20</font>
						<align>left</align>
						<aligny>center</aligny>
						<textcolor>white</textcolor>
						<shadowcolor>black</shadowcolor>
						<visible>!IsEmpty(Window.Property(Day0.LowTemp))</visible>
					</control>
					<control type="label">
						<description>conditions label</description>
						<posx>40</posx>
						<posy>80</posy>
						<width>320</width>
						<height>20</height>
						<info>Window.Property(Day0.Outlook)</info>
						<font>Font_Reg20</font>
						<align>left</align>
						<aligny>center</aligny>
						<textcolor>white</textcolor>
						<shadowcolor>black</shadowcolor>
					</control>
					<control type="image">
						<posx>0</posx>
						<posy>123</posy>
						<width>460</width>
            <height>1</height>
            <colordiffuse>30f0f0f0</colordiffuse>
            <texture>home/nowplaying/nowplayline.png</texture>
          </control>
				</control>
				<control type="group">
					<description>day 1</description>
					<posx>20</posx>
					<posy>190</posy>
					<control type="label">
						<description>Day label</description>
						<posx>0</posx>
						<posy>0</posy>
						<width>460</width>
						<height>35</height>
						<font>Font_Bold20</font>
						<info>Window.Property(Day1.Title)</info>
						<align>center</align>
						<aligny>center</aligny>
						<textcolor>white</textcolor>
						<shadowcolor>black</shadowcolor>
					</control>
					<control type="image">
						<description>day icon</description>
						<posx>370</posx>
						<posy>40</posy>
						<height>80</height>
						<width>80</width>
						<info>Window.Property(Day1.OutlookIcon)</info>
						<aspectratio align="right">keep</aspectratio>
					</control>
					<control type="label">
						<description>high label</description>
						<posx>40</posx>
						<posy>50</posy>
						<height>20</height>
						<font>Font_Reg20</font>
						<align>left</align>
						<aligny>center</aligny>
						<label>$LOCALIZE[419] :</label>
						<textcolor>grey2</textcolor>
						<shadowcolor>black</shadowcolor>
						<visible>Weather.IsFetched</visible>
					</control>
					<control type="label">
						<description>high value</description>
						<posx>110</posx>
						<posy>50</posy>
						<height>20</height>
						<label>$INFO[Window.Property(Day1.HighTemp)]$INFO[System.TemperatureUnits]</label>
						<font>Font_Reg20</font>
						<align>left</align>
						<aligny>center</aligny>
						<textcolor>white</textcolor>
						<shadowcolor>black</shadowcolor>
						<visible>!IsEmpty(Window.Property(Day1.HighTemp))</visible>
					</control>
					<control type="label">
						<description>low label</description>
						<posx>220</posx>
						<posy>50</posy>
						<height>20</height>
						<font>Font_Reg20</font>
						<align>left</align>
						<aligny>center</aligny>
						<label>$LOCALIZE[418] :</label>
						<textcolor>grey2</textcolor>
						<shadowcolor>black</shadowcolor>
						<visible>Weather.IsFetched</visible>
					</control>
					<control type="label">
						<description>low value</description>
						<posx>290</posx>
						<posy>50</posy>
						<height>20</height>
						<label>$INFO[Window.Property(Day1.LowTemp)]$INFO[System.TemperatureUnits]</label>
						<font>Font_Reg20</font>
						<align>left</align>
						<aligny>center</aligny>
						<textcolor>white</textcolor>
						<shadowcolor>black</shadowcolor>
						<visible>!IsEmpty(Window.Property(Day1.LowTemp))</visible>
					</control>
					<control type="label">
						<description>conditions label</description>
						<posx>40</posx>
						<posy>80</posy>
						<width>320</width>
						<height>20</height>
						<info>Window.Property(Day1.Outlook)</info>
						<font>Font_Reg20</font>
						<align>left</align>
						<aligny>center</aligny>
						<textcolor>white</textcolor>
						<shadowcolor>black</shadowcolor>
					</control>
					<control type="image">
            <posx>0</posx>
						<posy>123</posy>
						<width>460</width>
            <height>1</height>
            <colordiffuse>30f0f0f0</colordiffuse>
            <texture>home/nowplaying/nowplayline.png</texture>
          </control>
				</control>
				<control type="group">
					<description>day 2</description>
					<posx>20</posx>
					<posy>320</posy>
					<control type="label">
						<description>Day label</description>
						<posx>0</posx>
						<posy>0</posy>
						<width>460</width>
						<height>35</height>
						<font>Font_Bold20</font>
						<info>Window.Property(Day2.Title)</info>
						<align>center</align>
						<aligny>center</aligny>
						<textcolor>white</textcolor>
						<shadowcolor>black</shadowcolor>
					</control>
					<control type="image">
						<description>day icon</description>
						<posx>370</posx>
						<posy>40</posy>
						<height>80</height>
						<width>80</width>
						<info>Window.Property(Day2.OutlookIcon)</info>
						<aspectratio align="right">keep</aspectratio>
					</control>
					<control type="label">
						<description>high label</description>
						<posx>40</posx>
						<posy>50</posy>
						<height>20</height>
						<font>Font_Reg20</font>
						<align>left</align>
						<aligny>center</aligny>
						<label>$LOCALIZE[419] :</label>
						<textcolor>grey2</textcolor>
						<shadowcolor>black</shadowcolor>
						<visible>Weather.IsFetched</visible>
					</control>
					<control type="label">
						<description>high value</description>
						<posx>110</posx>
						<posy>50</posy>
						<height>20</height>
						<label>$INFO[Window.Property(Day2.HighTemp)]$INFO[System.TemperatureUnits]</label>
						<font>Font_Reg20</font>
						<align>left</align>
						<aligny>center</aligny>
						<textcolor>white</textcolor>
						<shadowcolor>black</shadowcolor>
						<visible>!IsEmpty(Window.Property(Day2.HighTemp))</visible>
					</control>
					<control type="label">
						<description>low label</description>
						<posx>220</posx>
						<posy>50</posy>
						<height>20</height>
						<font>Font_Reg20</font>
						<align>left</align>
						<aligny>center</aligny>
						<label>$LOCALIZE[418] :</label>
						<textcolor>grey2</textcolor>
						<shadowcolor>black</shadowcolor>
						<visible>Weather.IsFetched</visible>
					</control>
					<control type="label">
						<description>low value</description>
						<posx>290</posx>
						<posy>50</posy>
						<height>20</height>
						<label>$INFO[Window.Property(Day2.LowTemp)]$INFO[System.TemperatureUnits]</label>
						<font>Font_Reg20</font>
						<align>left</align>
						<aligny>center</aligny>
						<textcolor>white</textcolor>
						<shadowcolor>black</shadowcolor>
						<visible>!IsEmpty(Window.Property(Day2.LowTemp))</visible>
					</control>
					<control type="label">
						<description>conditions label</description>
						<posx>40</posx>
						<posy>80</posy>
						<width>320</width>
						<height>20</height>
						<info>Window.Property(Day2.Outlook)</info>
						<font>Font_Reg20</font>
						<align>left</align>
						<aligny>center</aligny>
						<shadowcolor>black</shadowcolor>
						<textcolor>white</textcolor>
					</control>
					<control type="image">
						<posx>0</posx>
						<posy>123</posy>
						<width>460</width>
            <height>1</height>
            <colordiffuse>30f0f0f0</colordiffuse>
            <texture>home/nowplaying/nowplayline.png</texture>
          </control>
				</control>
				<control type="group">
					<description>day 3</description>
					<posx>20</posx>
					<posy>450</posy>
					<control type="label">
						<description>Day label</description>
						<posx>0</posx>
						<posy>0</posy>
						<width>460</width>
						<height>35</height>
						<font>Font_Bold20</font>
						<info>Window.Property(Day3.Title)</info>
						<align>center</align>
						<aligny>center</aligny>
						<textcolor>white</textcolor>
						<shadowcolor>black</shadowcolor>
					</control>
					<control type="image">
						<description>day icon</description>
						<posx>370</posx>
						<posy>40</posy>
						<height>80</height>
						<width>80</width>
						<info>Window.Property(Day3.OutlookIcon)</info>
						<aspectratio align="right">keep</aspectratio>
					</control>
					<control type="label">
						<description>high label</description>
						<posx>40</posx>
						<posy>50</posy>
						<height>20</height>
						<font>Font_Reg20</font>
						<align>left</align>
						<aligny>center</aligny>
						<label>$LOCALIZE[419] :</label>
						<textcolor>grey2</textcolor>
						<shadowcolor>black</shadowcolor>
						<visible>Weather.IsFetched</visible>
					</control>
					<control type="label">
						<description>high value</description>
						<posx>110</posx>
						<posy>50</posy>
						<height>20</height>
						<label>$INFO[Window.Property(Day3.HighTemp)]$INFO[System.TemperatureUnits]</label>
						<font>Font_Reg20</font>
						<align>left</align>
						<aligny>center</aligny>
						<textcolor>white</textcolor>
						<shadowcolor>black</shadowcolor>
						<visible>!IsEmpty(Window.Property(Day3.HighTemp))</visible>
					</control>
					<control type="label">
						<description>low label</description>
						<posx>220</posx>
						<posy>50</posy>
						<height>20</height>
						<font>Font_Reg20</font>
						<align>left</align>
						<aligny>center</aligny>
						<label>$LOCALIZE[418] :</label>
						<textcolor>grey2</textcolor>
						<shadowcolor>black</shadowcolor>
						<visible>Weather.IsFetched</visible>
					</control>
					<control type="label">
						<description>low value</description>
						<posx>290</posx>
						<posy>50</posy>
						<height>20</height>
						<label>$INFO[Window.Property(Day3.LowTemp)]$INFO[System.TemperatureUnits]</label>
						<font>Font_Reg20</font>
						<align>left</align>
						<aligny>center</aligny>
						<textcolor>white</textcolor>
						<shadowcolor>black</shadowcolor>
						<visible>!IsEmpty(Window.Property(Day3.LowTemp))</visible>
					</control>
					<control type="label">
						<description>conditions label</description>
						<posx>40</posx>
						<posy>80</posy>
						<width>320</width>
						<height>20</height>
						<info>Window.Property(Day3.Outlook)</info>
						<font>Font_Reg20</font>
						<align>left</align>
						<aligny>center</aligny>
						<textcolor>white</textcolor>
						<shadowcolor>black</shadowcolor>
					</control>
				</control>
			</control>
		</control>
	
		<control type="button" id="50">
			<description>Fake Button to fix Side Menu Navigation</description>
			<onleft>3</onleft>
			<onright>3</onright>
			<onup>3</onup>
			<ondown>3</ondown>
			<visible allowhiddenfocus="true">false</visible>
		</control>
    <include>Furniture_Clock</include>
		<include>Furniture_NowPlayingWidget</include>
	</controls>
</window>
