<window id="20">
	<defaultcontrol always="true">2</defaultcontrol>
	<allowoverlay>no</allowoverlay>
	<controls>
		<include>CommonSettingsBackground</include>
		<control type="group">
      <include>Animation_OpenCloseZoom</include>
      <include>Furniture_SettingsBackPanel</include>
      <control type="button" id ="4">
				<description>Enable Login screen</description>
				<posx>42</posx>
				<posy>90</posy>
        <width>216</width>
        <height>55</height>
        <textoffsety>0</textoffsety>
        <textoffsetx>30</textoffsetx>
				<label>20096</label>
				<font>Font_Bold24</font>
				<align>left</align>
				<aligny>top</aligny>
        <textcolor>FFf5f5f5</textcolor>
        <focusedcolor>FF262728</focusedcolor>
        <texturenofocus border="5">-</texturenofocus>
				<texturefocus border="5">settings/settings_leftmenufocus.png</texturefocus>
				<onleft>2</onleft>
				<onright>2</onright>
				<onup>4</onup>
				<ondown>4</ondown>
				<enable>!Window.IsVisible(ProfileSettings)</enable>
			</control>
			<control type="label">
				<posx>250</posx>
				<posy>120</posy>
				<width>240</width>
				<height>25</height>
				<font>Font_Reg20</font>
				<textcolor>FF262728</textcolor>
				<align>right</align>
				<aligny>center</aligny>
				<label>[UPPERCASE]$LOCALIZE[305][/UPPERCASE]</label>
				<visible>System.HasLoginScreen</visible>
			</control>
			<control type="label">
				<posx>250</posx>
				<posy>120</posy>
				<width>240</width>
				<height>25</height>
				<font>Font_Reg20</font>
				<textcolor>FF262728</textcolor>
				<align>right</align>
				<aligny>center</aligny>
        <label>[UPPERCASE]$LOCALIZE[1223][/UPPERCASE]</label>
        <visible>!System.HasLoginScreen</visible>
			</control>
			<control type="group">
				<posx>30</posx>
				<posy>210</posy>
				<control type="image">
					<posx>5</posx>
					<posy>0</posy>
					<width>240</width>
					<height>200</height>
					<aspectratio>keep</aspectratio>
					<texture fallback="unknown-user.png">$INFO[Container(2).Listitem.Icon]</texture>
				</control>
				<control type="label">
					<posx>0</posx>
					<posy>220</posy>
					<width>240</width>
					<height>20</height>
					<font>Font_Bold16</font>
					<textcolor>grey2</textcolor>
					<align>center</align>
					<aligny>center</aligny>
					<label>$LOCALIZE[31319]</label>
				</control>
				<control type="label">
					<posx>0</posx>
					<posy>245</posy>
					<width>240</width>
					<height>20</height>
					<font>Font_Reg20</font>
					<textcolor>white</textcolor>
					<align>center</align>
					<aligny>center</aligny>
					<label>$INFO[Container(2).ListItem.Label]</label>
				</control>
				<control type="label">
					<posx>0</posx>
					<posy>280</posy>
					<width>240</width>
					<height>30</height>
					<font>Font_Bold16</font>
					<textcolor>grey2</textcolor>
					<align>center</align>
					<aligny>center</aligny>
					<label>$LOCALIZE[31320]</label>
				</control>
				<control type="label">
					<posx>0</posx>
					<posy>305</posy>
					<width>240</width>
					<height>30</height>
					<font>Font_Reg20</font>
					<textcolor>white</textcolor>
					<align>center</align>
					<aligny>center</aligny>
					<label fallback="13170">$INFO[Container(2).ListItem.Label2]</label>
				</control>
			</control>
			<control type="label">
				<description>header label</description>
        <posx>239</posx>
        <posy>80</posy>
        <width>994</width>
        <font>Font_ShowcaseMainLabel2</font>
				<label>[UPPERCASE]$LOCALIZE[10034][/UPPERCASE]</label>
				<align>center</align>
				<aligny>center</aligny>
				<textcolor>white</textcolor>
				<shadowcolor>black</shadowcolor>
			</control>
			<control type="list" id="2">
        <posx>258</posx>
        <posy>120</posy>
        <width>936</width>
        <height>523</height>
        <onleft>4</onleft>
				<onright>60</onright>
				<onup>53</onup>
				<ondown>53</ondown>
				<viewtype label="21371">list</viewtype>
				<pagecontrol>60</pagecontrol>
				<scrolltime>200</scrolltime>
        <itemlayout height="49">
          <control type="image">
            <posx>0</posx>
            <posy>0</posy>
            <width>936</width>
            <height>49</height>
            <texture>settings/settings_radiobuttonoff.png</texture>
          </control>
          <control type="label">
            <posx>50</posx>
            <posy>0</posy>
            <width>936</width>
            <height>49</height>
            <font>Font_Reg18</font>
            <aligny>center</aligny>
            <textcolor>FF939597</textcolor>
            <align>left</align>
            <aligny>center</aligny>
            <label>$INFO[ListItem.Label] ($INFO[ListItem.Label2])</label>
            <visible>!IsEmpty(ListItem.Label2)</visible>
          </control>
          <control type="label">
            <posx>50</posx>
            <posy>0</posy>
            <width>936</width>
            <height>49</height>
            <font>Font_Reg18</font>
            <aligny>center</aligny>
            <textcolor>FF939597</textcolor>
            <align>left</align>
            <aligny>center</aligny>
            <label>$INFO[ListItem.Label]</label>
            <visible>IsEmpty(ListItem.Label2)</visible>
          </control>
        </itemlayout>
        <focusedlayout height="49">
          <control type="image">
            <posx>0</posx>
            <posy>0</posy>
            <width>936</width>
            <height>49</height>
            <texture>settings/settings_radiobuttonofffocus.png</texture>
            <visible>!Control.HasFocus(4)</visible>
          </control>
          <control type="label">
            <posx>50</posx>
            <posy>0</posy>
            <width>936</width>
            <height>49</height>
            <font>Font_Reg18</font>
            <aligny>center</aligny>
            <textcolor>FFFFFFFF</textcolor>
            <align>left</align>
            <aligny>center</aligny>
            <label>$INFO[ListItem.Label] ($INFO[ListItem.Label2])</label>
            <visible>!IsEmpty(ListItem.Label2)</visible>
          </control>
          <control type="label">
            <posx>50</posx>
            <posy>0</posy>
            <width>936</width>
            <height>49</height>
            <font>Font_Reg18</font>
            <aligny>center</aligny>
            <textcolor>FFFFFFFF</textcolor>
            <align>left</align>
            <aligny>center</aligny>
            <label>$INFO[ListItem.Label]</label>
            <visible>IsEmpty(ListItem.Label2)</visible>
          </control>
        </focusedlayout>
			</control>
			<control type="scrollbar" id="60">
				<posx>1060</posx>
				<posy>60</posy>
				<width>25</width>
				<height>530</height>
				<texturesliderbackground border="0,14,0,14">views/ScrollBarV.png</texturesliderbackground>
				<texturesliderbar border="0,14,0,14">views/ScrollBarV_bar.png</texturesliderbar>
				<texturesliderbarfocus border="0,14,0,14">views/ScrollBarV_bar_focus.png</texturesliderbarfocus>
				<textureslidernib>views/ScrollBarNib.png</textureslidernib>
				<textureslidernibfocus>views/ScrollBarNib.png</textureslidernibfocus>
				<onleft>2</onleft>
				<onright>4</onright>
				<showonepage>false</showonepage>
				<orientation>vertical</orientation>
			</control>
		</control>
    <include>Furniture_NowPlayingWidget</include>
    <include condition="Skin.HasSetting(globaltime)">Furniture_Clock</include>
  </controls>
</window>
