<includes>

  <include name="LowList">
    <control type="group">
      <visible>Control.IsVisible(511)</visible>
      <!--<control type="group">
        <visible>Player.HasVideo</visible>
        <control type="image">
          <posx>0</posx>
          <posy>0</posy>
          <width>1280</width>
          <height>720</height>
          <colordiffuse>FF000000</colordiffuse>
          <texture>common/black.png</texture>
        </control>
        <control type="videowindow">
          <posx>0</posx>
          <posy>0</posy>
          <width>1280</width>
          <height>720</height>
        </control>
      </control>-->
      <control type="group">
        <description>Low List Furniture</description>
        <animation effect="slide" start="0,0" end="0,-143" time="150" condition="Skin.HasSetting(highlist)+Control.HasFocus(7002)">Conditional</animation>
        <animation effect="slide" start="0,0" end="0,-33" time="150" condition="!Skin.HasSetting(highlist)+Control.HasFocus(7002)">Conditional</animation>
        <control type="image">
          <description>Low List Spot Light</description>
          <posx>30</posx>
          <posy>503</posy>
          <width>1350</width>
          <height>404</height>
          <texture>views/showcase_spot.png</texture>
          <include>Animation_CommonFade</include>
          <animation effect="slide" start="0,0" end="0,-110" time="150" condition="!Skin.HasSetting(highlist)">Conditional</animation>
          <animation effect="fade" start="100" end="55" time="50" condition="!Skin.HasSetting(listpanelthin)">Conditional</animation>
          <animation effect="fade" start="100" end="30" time="50" condition="Skin.HasSetting(listpanelthin)">Conditional</animation>
        </control>
        <control type="image">
          <description>Low List Background Panel</description>
          <posx>0</posx>
          <posy>503</posy>
          <width>1280</width>
          <height>404</height>
          <aspectratio scalediffuse="false">stretch</aspectratio>
          <texture>views/lowlist_panelback.png</texture>
          <include>Animation_CommonFade</include>
          <animation effect="slide" start="0,0" end="0,-110" time="150" condition="!Skin.HasSetting(highlist)">Conditional</animation>
          <animation effect="fade" start="100" end="80" time="50" condition="!Skin.HasSetting(listpanelthin)">Conditional</animation>
          <animation effect="fade" start="100" end="35" time="50" condition="Skin.HasSetting(listpanelthin)">Conditional</animation>
        </control>

        <control type="image">
          <description>Right Slim Background Bar</description>
          <posx>752</posx>
          <posy>503</posy>
          <width>44</width>
          <height>327</height>
          <texture>views/listpanel_detailwide.png</texture>
          <animation effect="slide" start="0,0" end="0,-110" time="150" condition="!Skin.HasSetting(highlist)">Conditional</animation>
          <visible>!Control.HasFocus(7002)+!Container.Content(tvshows)+!Container.Content(seasons)</visible>
        </control>
        <!--<control type="image">
        <description>Right Full Background Bar</description>
        <posx>699</posx>
        <posy>503</posy>
        <width>97</width>
        <height>327</height>
        <texture>!views/listpanel_detailwide.png</texture>
        <animation effect="slide" start="0,0" end="0,-110" time="150" condition="!Skin.HasSetting(highlist)">Conditional</animation>
      </control>-->
        <control type="image">
          <posx>885</posx>
          <posy>363</posy>
          <width>360</width>
          <height>140</height>
          <aspectratio>stretch</aspectratio>
          <fadetime>400</fadetime>
          <texture background="true">$INFO[ListItem.Path,,../logo.png]</texture>
          <visible>!Window.IsActive(videofiles)+Container.Content(episodes)</visible>
          <animation effect="slide" start="0,0" end="0,-110" time="150" condition="!Skin.HasSetting(highlist)">Conditional</animation>
        </control>
        <control type="image">
          <posx>885</posx>
          <posy>363</posy>
          <width>360</width>
          <height>140</height>
          <aspectratio>stretch</aspectratio>
          <fadetime>400</fadetime>
          <texture background="true">$INFO[ListItem.Path,,/logo.png]</texture>
          <visible>!Window.IsActive(videofiles)+Container.Content(tvshows)</visible>
          <animation effect="slide" start="0,0" end="0,-110" time="150" condition="!Skin.HasSetting(highlist)">Conditional</animation>
        </control>
      </control>
      <control type="group">
        <description>Low List info Furniture</description>
        <visible>Control.HasFocus(7002)</visible>
        <control type="image">
          <posx>300</posx>
          <posy>400</posy>
          <height>1</height>
          <width>960</width>
          <colordiffuse>66FFFFFF</colordiffuse>
          <texture background="true">views/listpanel_line.png</texture>
        </control>
        <control type="image">
          <posx>300</posx>
          <posy>650</posy>
          <height>1</height>
          <width>960</width>
          <colordiffuse>66FFFFFF</colordiffuse>
          <texture background="true">views/listpanel_line.png</texture>
        </control>
        <control type="image">
          <posx>300</posx>
          <posy>450</posy>
          <height>1</height>
          <width>265</width>
          <colordiffuse>66FFFFFF</colordiffuse>
          <texture background="true">views/listpanel_line.png</texture>
        </control>
        <control type="image">
          <posx>300</posx>
          <posy>500</posy>
          <height>1</height>
          <width>265</width>
          <colordiffuse>66FFFFFF</colordiffuse>
          <texture background="true">views/listpanel_line.png</texture>
        </control>
        <control type="image">
          <posx>300</posx>
          <posy>550</posy>
          <height>1</height>
          <width>265</width>
          <colordiffuse>66FFFFFF</colordiffuse>
          <texture background="true">views/listpanel_line.png</texture>
        </control>
        <control type="image">
          <posx>300</posx>
          <posy>600</posy>
          <height>1</height>
          <width>265</width>
          <colordiffuse>66FFFFFF</colordiffuse>
          <texture background="true">views/listpanel_line.png</texture>
        </control>
        <control type="largeimage">
          <posx>575</posx>
          <posy>410</posy>
          <width>409</width>
          <height>230</height>
          <aspectratio>scale</aspectratio>
          <fadetime>400</fadetime>
          <texture background="true">$INFO[ListItem.property(fanart_image)]</texture>
          <visible>!Container.Content(episodes)</visible>
        </control>
        <control type="largeimage">
          <posx>575</posx>
          <posy>410</posy>
          <width>409</width>
          <height>230</height>
          <aspectratio>scale</aspectratio>
          <fadetime>400</fadetime>
          <texture background="true">$INFO[ListItem.Thumb]</texture>
          <visible>Container.Content(episodes)</visible>
        </control>
        <control type="multiimage">
          <posx>575</posx>
          <posy>410</posy>
          <width>409</width>
          <height>230</height>
          <aspectratio>scale</aspectratio>
          <imagepath background="true">$INFO[ListItem.Path]/extrathumbs/</imagepath>
          <timeperimage>8000</timeperimage>
          <randomize>true</randomize>
          <fadetime>1000</fadetime>
          <visible>!Container.Content(episodes)</visible>
        </control>
      </control>
        <control type="group">
          <description>Low List Info infolabels</description>
          <visible>Control.HasFocus(7002)+Container.Content(movies)+!Skin.HasSetting(usecases)</visible>
          <control type="fadelabel">
            <posx>300</posx>
            <posy>360</posy>
            <height>40</height>
            <width>960</width>
            <font>Font_Bold28</font>
            <align>center</align>
            <aligny>center</aligny>
            <textcolor>abFFFFFF</textcolor>
            <label>[UPPERCASE]$INFO[ListItem.Tagline][/UPPERCASE]</label>
          </control>
          <control type="fadelabel">
            <posx>300</posx>
            <posy>650</posy>
            <height>70</height>
            <width>545</width>
            <font>Font_OSDTitle2</font>
            <align>left</align>
            <aligny>center</aligny>
            <textcolor>abFFFFFF</textcolor>
            <label>[UPPERCASE]$INFO[ListItem.Title][/UPPERCASE]</label>
          </control>
          <control type="label">
            <posx>300</posx>
            <posy>400</posy>
            <height>25</height>
            <width>265</width>
            <aligny>center</aligny>
            <font>Font_Info</font>
            <textcolor>abFFFFFF</textcolor>
            <label>$LOCALIZE[20339]:</label>
          </control>
          <control type="label">
            <posx>300</posx>
            <posy>425</posy>
            <height>25</height>
            <width>265</width>
            <aligny>top</aligny>
            <font>Font_Info</font>
            <textcolor>white</textcolor>
            <label fallback="312577">$INFO[ListItem.Director]</label>
          </control>
          <control type="label">
            <posx>300</posx>
            <posy>450</posy>
            <height>25</height>
            <width>265</width>
            <aligny>center</aligny>
            <font>Font_Info</font>
            <textcolor>abFFFFFF</textcolor>
            <label>$LOCALIZE[20417]:</label>
          </control>
          <control type="label">
            <posx>300</posx>
            <posy>475</posy>
            <height>25</height>
            <width>265</width>
            <aligny>top</aligny>
            <font>Font_Info</font>
            <textcolor>white</textcolor>
            <label fallback="312577">$INFO[ListItem.Writer]</label>
          </control>
          <control type="label">
            <posx>300</posx>
            <posy>500</posy>
            <height>25</height>
            <width>265</width>
            <aligny>center</aligny>
            <font>Font_Info</font>
            <textcolor>abFFFFFF</textcolor>
            <label>$LOCALIZE[368]:</label>
          </control>
          <control type="label">
            <posx>300</posx>
            <posy>525</posy>
            <height>25</height>
            <width>265</width>
            <aligny>top</aligny>
            <font>Font_Info</font>
            <textcolor>white</textcolor>
            <label fallback="312577">$INFO[ListItem.RatingAndVotes] • $LOCALIZE[13409] #$INFO[ListItem.Top250]</label>
            <visible>!IsEmpty(ListItem.Top250)</visible>
          </control>
          <control type="label">
            <posx>300</posx>
            <posy>525</posy>
            <height>25</height>
            <width>265</width>
            <aligny>top</aligny>
            <font>Font_Info</font>
            <textcolor>white</textcolor>
            <label fallback="312577">$INFO[ListItem.RatingAndVotes]</label>
            <visible>IsEmpty(ListItem.Top250)</visible>
          </control>
          <control type="label">
            <posx>300</posx>
            <posy>550</posy>
            <height>25</height>
            <width>265</width>
            <aligny>center</aligny>
            <font>Font_Info</font>
            <textcolor>abFFFFFF</textcolor>
            <label>$LOCALIZE[2050]:</label>
          </control>
          <control type="label">
            <posx>300</posx>
            <posy>575</posy>
            <height>25</height>
            <width>265</width>
            <aligny>top</aligny>
            <font>Font_Info</font>
            <textcolor>white</textcolor>
            <label fallback="312577">$INFO[ListItem.Duration] $LOCALIZE[12391]</label>
            <visible>!IsEmpty(ListItem.Duration)</visible>
          </control>
          <control type="label">
            <posx>300</posx>
            <posy>575</posy>
            <height>25</height>
            <width>265</width>
            <aligny>top</aligny>
            <font>Font_Info</font>
            <textcolor>white</textcolor>
            <label>$LOCALIZE[312577]</label>
            <visible>IsEmpty(ListItem.Duration)</visible>
          </control>
          <control type="label">
            <posx>300</posx>
            <posy>600</posy>
            <height>25</height>
            <width>265</width>
            <aligny>center</aligny>
            <font>Font_Info</font>
            <textcolor>abFFFFFF</textcolor>
            <label>$LOCALIZE[345]:</label>
          </control>
          <control type="label">
            <posx>300</posx>
            <posy>625</posy>
            <height>25</height>
            <width>265</width>
            <aligny>top</aligny>
            <font>Font_Info</font>
            <textcolor>white</textcolor>
            <label fallback="312577">$INFO[ListItem.Year]</label>
          </control>
          <control type="textbox">
            <posx>1000</posx>
            <posy>403</posy>
            <width>260</width>
            <height>245</height>
            <font>Font_Info</font>
            <label>$INFO[ListItem.Plot]</label>
            <textcolor>abFFFFFF</textcolor>
            <autoscroll delay="8000" time="2000" repeat="8000">Skin.HasSetting(AutoScroll)</autoscroll>
          </control>
        </control>
      <control type="group">
        <description>Low List Info infolabels</description>
        <visible>Control.HasFocus(7002)+Container.Content(movies)+Skin.HasSetting(usecases)</visible>
        <control type="fadelabel">
          <posx>310</posx>
          <posy>360</posy>
          <height>40</height>
          <width>960</width>
          <font>Font_Bold28</font>
          <align>center</align>
          <aligny>center</aligny>
          <textcolor>abFFFFFF</textcolor>
          <label>[UPPERCASE]$INFO[ListItem.Tagline][/UPPERCASE]</label>
        </control>
        <control type="fadelabel">
          <posx>310</posx>
          <posy>650</posy>
          <height>70</height>
          <width>545</width>
          <font>Font_OSDTitle2</font>
          <align>left</align>
          <aligny>center</aligny>
          <textcolor>abFFFFFF</textcolor>
          <label>[UPPERCASE]$INFO[ListItem.Title][/UPPERCASE]</label>
        </control>
        <control type="label">
          <posx>310</posx>
          <posy>400</posy>
          <height>25</height>
          <width>255</width>
          <aligny>center</aligny>
          <font>Font_Info</font>
          <textcolor>abFFFFFF</textcolor>
          <label>$LOCALIZE[20339]:</label>
        </control>
        <control type="label">
          <posx>310</posx>
          <posy>425</posy>
          <height>25</height>
          <width>255</width>
          <aligny>top</aligny>
          <font>Font_Info</font>
          <textcolor>white</textcolor>
          <label fallback="312577">$INFO[ListItem.Director]</label>
        </control>
        <control type="label">
          <posx>310</posx>
          <posy>450</posy>
          <height>25</height>
          <width>255</width>
          <aligny>center</aligny>
          <font>Font_Info</font>
          <textcolor>abFFFFFF</textcolor>
          <label>$LOCALIZE[20417]:</label>
        </control>
        <control type="label">
          <posx>310</posx>
          <posy>475</posy>
          <height>25</height>
          <width>255</width>
          <aligny>top</aligny>
          <font>Font_Info</font>
          <textcolor>white</textcolor>
          <label fallback="312577">$INFO[ListItem.Writer]</label>
        </control>
        <control type="label">
          <posx>310</posx>
          <posy>500</posy>
          <height>25</height>
          <width>255</width>
          <aligny>center</aligny>
          <font>Font_Info</font>
          <textcolor>abFFFFFF</textcolor>
          <label>$LOCALIZE[368]:</label>
        </control>
        <control type="label">
          <posx>310</posx>
          <posy>525</posy>
          <height>25</height>
          <width>255</width>
          <aligny>top</aligny>
          <font>Font_Info</font>
          <textcolor>white</textcolor>
          <label fallback="312577">$INFO[ListItem.RatingAndVotes] • $LOCALIZE[13409] #$INFO[ListItem.Top250]</label>
          <visible>!IsEmpty(ListItem.Top250)</visible>
        </control>
        <control type="label">
          <posx>310</posx>
          <posy>525</posy>
          <height>25</height>
          <width>255</width>
          <aligny>top</aligny>
          <font>Font_Info</font>
          <textcolor>white</textcolor>
          <label fallback="312577">$INFO[ListItem.RatingAndVotes]</label>
          <visible>IsEmpty(ListItem.Top250)</visible>
        </control>
        <control type="label">
          <posx>310</posx>
          <posy>550</posy>
          <height>25</height>
          <width>255</width>
          <aligny>center</aligny>
          <font>Font_Info</font>
          <textcolor>abFFFFFF</textcolor>
          <label>$LOCALIZE[2050]:</label>
        </control>
        <control type="label">
          <posx>310</posx>
          <posy>575</posy>
          <height>25</height>
          <width>255</width>
          <aligny>top</aligny>
          <font>Font_Info</font>
          <textcolor>white</textcolor>
          <label fallback="312577">$INFO[ListItem.Duration] $LOCALIZE[12391]</label>
          <visible>!IsEmpty(ListItem.Duration)</visible>
        </control>
        <control type="label">
          <posx>310</posx>
          <posy>575</posy>
          <height>25</height>
          <width>255</width>
          <aligny>top</aligny>
          <font>Font_Info</font>
          <textcolor>white</textcolor>
          <label>$LOCALIZE[312577]</label>
          <visible>IsEmpty(ListItem.Duration)</visible>
        </control>
        <control type="label">
          <posx>310</posx>
          <posy>600</posy>
          <height>25</height>
          <width>255</width>
          <aligny>center</aligny>
          <font>Font_Info</font>
          <textcolor>abFFFFFF</textcolor>
          <label>$LOCALIZE[345]:</label>
        </control>
        <control type="label">
          <posx>310</posx>
          <posy>625</posy>
          <height>25</height>
          <width>255</width>
          <aligny>top</aligny>
          <font>Font_Info</font>
          <textcolor>white</textcolor>
          <label fallback="312577">$INFO[ListItem.Year]</label>
        </control>
        <control type="textbox">
          <posx>1000</posx>
          <posy>403</posy>
          <width>260</width>
          <height>245</height>
          <font>Font_Info</font>
          <label>$INFO[ListItem.Plot]</label>
          <textcolor>abFFFFFF</textcolor>
          <autoscroll delay="8000" time="2000" repeat="8000">Skin.HasSetting(AutoScroll)</autoscroll>
        </control>
      </control>
      <control type="group">
          <description>Low List Info infolabels</description>
          <visible>Control.HasFocus(7002)+Container.Content(episodes)</visible>
          <control type="fadelabel">
            <posx>300</posx>
            <posy>360</posy>
            <height>40</height>
            <width>960</width>
            <font>Font_Bold28</font>
            <align>center</align>
            <aligny>center</aligny>
            <textcolor>abFFFFFF</textcolor>
            <label>[UPPERCASE]$INFO[ListItem.Title][/UPPERCASE]</label>
          </control>
          <control type="fadelabel">
            <posx>300</posx>
            <posy>650</posy>
            <height>70</height>
            <width>545</width>
            <font>Font_OSDTitle2</font>
            <align>left</align>
            <aligny>center</aligny>
            <textcolor>abFFFFFF</textcolor>
            <label>[UPPERCASE]$INFO[ListItem.TVShowTitle][/UPPERCASE]</label>
          </control>
          <control type="label">
            <posx>300</posx>
            <posy>400</posy>
            <height>25</height>
            <width>265</width>
            <aligny>center</aligny>
            <font>Font_Info</font>
            <textcolor>abFFFFFF</textcolor>
            <label>$LOCALIZE[20339]:</label>
          </control>
          <control type="label">
            <posx>300</posx>
            <posy>425</posy>
            <height>25</height>
            <width>265</width>
            <aligny>top</aligny>
            <font>Font_Info</font>
            <textcolor>white</textcolor>
            <label fallback="312577">$INFO[ListItem.Director]</label>
          </control>
          <control type="label">
            <posx>300</posx>
            <posy>450</posy>
            <height>25</height>
            <width>265</width>
            <aligny>center</aligny>
            <font>Font_Info</font>
            <textcolor>abFFFFFF</textcolor>
            <label>$LOCALIZE[20417]:</label>
          </control>
          <control type="label">
            <posx>300</posx>
            <posy>475</posy>
            <height>25</height>
            <width>265</width>
            <aligny>top</aligny>
            <font>Font_Info</font>
            <textcolor>white</textcolor>
            <label fallback="312577">$INFO[ListItem.Writer]</label>
          </control>
          <control type="label">
            <posx>300</posx>
            <posy>500</posy>
            <height>25</height>
            <width>265</width>
            <aligny>center</aligny>
            <font>Font_Info</font>
            <textcolor>abFFFFFF</textcolor>
            <label>$LOCALIZE[563]:</label>
          </control>
          <control type="label">
            <posx>300</posx>
            <posy>525</posy>
            <height>25</height>
            <width>265</width>
            <aligny>top</aligny>
            <font>Font_Info</font>
            <textcolor>white</textcolor>
            <label fallback="312577">$INFO[ListItem.RatingAndVotes]</label>
          </control>
          <control type="label">
            <posx>300</posx>
            <posy>550</posy>
            <height>25</height>
            <width>265</width>
            <aligny>center</aligny>
            <font>Font_Info</font>
            <textcolor>abFFFFFF</textcolor>
            <label>$LOCALIZE[2050]:</label>
          </control>
          <control type="label">
            <posx>300</posx>
            <posy>575</posy>
            <height>25</height>
            <width>265</width>
            <aligny>top</aligny>
            <font>Font_Info</font>
            <textcolor>white</textcolor>
            <label fallback="312577">$INFO[ListItem.Duration] $LOCALIZE[12391]</label>
            <visible>!IsEmpty(ListItem.Duration)</visible>
          </control>
          <control type="label">
            <posx>300</posx>
            <posy>575</posy>
            <height>25</height>
            <width>265</width>
            <aligny>top</aligny>
            <font>Font_Info</font>
            <textcolor>white</textcolor>
            <label>$LOCALIZE[312577]</label>
            <visible>IsEmpty(ListItem.Duration)</visible>
          </control>
          <control type="label">
            <posx>300</posx>
            <posy>600</posy>
            <height>25</height>
            <width>265</width>
            <aligny>center</aligny>
            <font>Font_Info</font>
            <textcolor>abFFFFFF</textcolor>
            <label>$LOCALIZE[20416]:</label>
          </control>
          <control type="label">
            <posx>300</posx>
            <posy>625</posy>
            <height>25</height>
            <width>265</width>
            <aligny>top</aligny>
            <font>Font_Info</font>
            <textcolor>white</textcolor>
            <label fallback="312577">$INFO[ListItem.Premiered]</label>
          </control>
          <control type="textbox">
            <posx>1000</posx>
            <posy>403</posy>
            <width>260</width>
            <height>245</height>
            <font>Font_Info</font>
            <label>$INFO[ListItem.Plot]</label>
            <textcolor>abFFFFFF</textcolor>
            <autoscroll delay="8000" time="2000" repeat="8000">Skin.HasSetting(AutoScroll)</autoscroll>
          </control>
        </control>
      <control type="group">
        <posx>25</posx>
        <posy>155</posy>
        <visible>Player.HasVideo</visible>
        <animation effect="slide" tween="cubic" easing="inout" time="1300" start="-800,0" end="0,0" delay="1000">Visible</animation>
        <animation effect="slide" tween="cubic" easing="inout" time="1300" start="-800,0" end="0,0" delay="1000">WindowOpen</animation>
        <animation effect="slide" start="0,0" end="0,-110" time="150" condition="!Skin.HasSetting(highlist)">Conditional</animation>
        <include>Animation_CommonFade</include>
        <control type="image">
          <description>gradient</description>
          <posx>254</posx>
          <posy>-11</posy>
          <width>775</width>
          <height>342</height>
          <texture>home/nowplaying/OverlayDialogBackground.png</texture>
        </control>
        <control type="image">
          <posx>280</posx>
          <posy>10</posy>
          <width>720</width>
          <height>300</height>
          <texture>common/black.png</texture>
        </control>
        <control type="videowindow">
          <posx>280</posx>
          <posy>10</posy>
          <width>720</width>
          <height>300</height>
        </control>
      </control>
      <control type="group">
        <description>Media icon</description>
        <posx>10</posx>
        <posy>381</posy>
        <animation effect="slide" start="0,0" end="-22,0" time="400" easing="inout" tween="cubic" condition="Control.HasFocus(69)">Conditional</animation>
        <animation effect="slide" time="1000" start="-600,0" end="0,0" tween="cubic" easing="out">WindowOpen</animation>
        <animation effect="fade" time="400" start="0" end="100">Visible</animation>
        <animation effect="fade" time="400" start="100" end="0">Hidden</animation>
        <visible>[Container.Content(movies)+!Skin.HasSetting(usecases)]|Container.Content(tvshows)|Container.Content(seasons)</visible>
        <control type="largeimage">
          <description>Poster Icon Mask</description>
          <posx>0</posx>
          <posy>-87</posy>
          <width>266</width>
          <height>400</height>
          <texture diffuse="thumbs/movieposter_mask.png">common/black.png</texture>
          <bordertexture border="-172">thumbs/movieposter_frame.png</bordertexture>
          <fadetime>400</fadetime>
          <visible>!Container.Content(years) + !Container.Content(studios)</visible>
        </control>
        <control type="largeimage">
          <description>POSTER icon</description>
          <posx>0</posx>
          <posy>-87</posy>
          <width>266</width>
          <height>400</height>
          <aspectratio scalediffuse="false">stretch</aspectratio>
          <texture background="true" fallback="DefaultVideoBigPoster.png" diffuse="thumbs/movieposter_mask.png">$INFO[ListItem.Icon]</texture>
          <fadetime>400</fadetime>
          <visible>[Skin.HasSetting(TVShowsUsePosters)+[Container.Content(tvshows)|Container.Content(episodes)]]|Container.Content(movies)|Container.Content(seasons)</visible>
        </control>
        <control type="largeimage">
          <description>POSTER icon</description>
          <posx>0</posx>
          <posy>-87</posy>
          <width>266</width>
          <height>400</height>
          <aspectratio scalediffuse="false">stretch</aspectratio>
          <texture background="true" fallback="DefaultVideoBigPoster.png" diffuse="thumbs/movieposter_mask.png">$INFO[ListItem.Path,,poster.jpg]</texture>
          <fadetime>400</fadetime>
          <visible>!Skin.HasSetting(TVShowsUsePosters)+[Container.Content(tvshows)|Container.Content(episodes)]</visible>
        </control>
        <control type="largeimage">
          <description>POSTER icon</description>
          <posx>0</posx>
          <posy>-87</posy>
          <width>266</width>
          <height>400</height>
          <aspectratio scalediffuse="false">stretch</aspectratio>
          <texture background="true" diffuse="thumbs/movieposter_mask.png">thumbs/poster_glass_noreflect.png</texture>
          <fadetime>400</fadetime>
        </control>
        <control type="largeimage">
          <description>POSTER icon</description>
          <posx>0</posx>
          <posy>313</posy>
          <width>266</width>
          <height>400</height>
          <aspectratio scalediffuse="false">stretch</aspectratio>
          <texture background="true" flipy="true" fallback="DefaultVideoBigPoster.png" diffuse="thumbs/movieposter_mask_reflect.png">$INFO[ListItem.Icon]</texture>
          <fadetime>400</fadetime>
          <visible>[Skin.HasSetting(TVShowsUsePosters)+[Container.Content(tvshows)|Container.Content(episodes)]]|Container.Content(movies)|Container.Content(seasons)</visible>
        </control>
        <control type="largeimage">
          <description>POSTER icon</description>
          <posx>0</posx>
          <posy>313</posy>
          <width>266</width>
          <height>400</height>
          <aspectratio scalediffuse="false">stretch</aspectratio>
          <texture background="true" flipy="true" fallback="DefaultVideoBigPoster.png" diffuse="thumbs/movieposter_mask_reflect.png">$INFO[ListItem.Path,,poster.jpg]</texture>
          <fadetime>400</fadetime>
          <visible>!Skin.HasSetting(TVShowsUsePosters)+[Container.Content(tvshows)|Container.Content(episodes)]</visible>
        </control>
        <control type="largeimage">
          <description>POSTER icon</description>
          <posx>30</posx>
          <posy>25</posy>
          <width>233</width>
          <height>176</height>
          <texture background="true">thumbs/play-button.png</texture>
          <fadetime>400</fadetime>
          <visible>!IsEmpty(ListItem.Trailer)+!Control.HasFocus(7001)+Skin.HasSetting(bigtrailerbutton)</visible>
          <animation effect="fade" start="35" end="35" condition="!Control.HasFocus(7001)">Conditional</animation>
        </control>
        <control type="largeimage">
          <description>POSTER icon</description>
          <posx>30</posx>
          <posy>25</posy>
          <width>233</width>
          <height>176</height>
          <texture background="true">thumbs/play-button.png</texture>
          <fadetime>400</fadetime>
          <visible>!IsEmpty(ListItem.Trailer)+Control.HasFocus(7001)</visible>
          <animation effect="fade" start="50" end="20" time="1000" pulse="true" condition="Control.HasFocus(7001)">Conditional</animation>
        </control>
      </control>
      <control type="group">
        <description>Media icon</description>
        <posx>7</posx>
        <posy>381</posy>
        <animation effect="slide" start="0,0" end="-30,0" time="400" easing="inout" tween="cubic" condition="Control.HasFocus(69)">Conditional</animation>
        <animation effect="slide" time="1000" start="-600,0" end="0,0" tween="cubic" easing="out">WindowOpen</animation>
        <animation effect="fade" time="400" start="0" end="100">Visible</animation>
        <animation effect="fade" time="400" start="100" end="0">Hidden</animation>
        <visible>Container.Content(movies)+Skin.HasSetting(usecases)</visible>
        <control type="largeimage">
          <description>POSTER icon</description>
          <posx>-6</posx>
          <posy>-137</posy>
          <width>305</width>
          <height>480</height>
          <aspectratio scalediffuse="false">stretch</aspectratio>
          <texture background="true" fallback="thumbs/boxes/default_case.png">thumbs/boxes/$INFO[ListItem.VideoResolution].png</texture>
          <fadetime>400</fadetime>
        </control>
        <control type="largeimage">
          <description>POSTER icon</description>
          <posx>0</posx>
          <posy>-87</posy>
          <width>280</width>
          <height>397</height>
          <aspectratio scalediffuse="false">stretch</aspectratio>
          <texture background="true" fallback="DefaultVideoBigPoster.png" diffuse="thumbs/boxes/case_mask.png">$INFO[ListItem.Icon]</texture>
          <fadetime>400</fadetime>
          <visible>Skin.HasSetting(TVShowsUsePosters)|Container.Content(movies)|Container.Content(seasons)</visible>
        </control>
        <control type="largeimage">
          <description>POSTER icon</description>
          <posx>-6</posx>
          <posy>-137</posy>
          <width>305</width>
          <height>480</height>
          <aspectratio scalediffuse="false">stretch</aspectratio>
          <texture background="true" fallback="thumbs/boxes/default_case.png">thumbs/boxes/Overlay.png</texture>
          <fadetime>400</fadetime>
        </control>
          <control type="largeimage">
            <description>POSTER icon</description>
            <posx>30</posx>
            <posy>25</posy>
            <width>233</width>
            <height>176</height>
            <texture background="true">thumbs/play-button.png</texture>
            <fadetime>400</fadetime>
            <visible>!IsEmpty(ListItem.Trailer)+!Control.HasFocus(7001)+Skin.HasSetting(bigtrailerbutton)</visible>
            <animation effect="fade" start="35" end="35" condition="!Control.HasFocus(7001)">Conditional</animation>
          </control>
          <control type="largeimage">
            <description>POSTER icon</description>
            <posx>30</posx>
            <posy>25</posy>
            <width>233</width>
            <height>176</height>
            <texture background="true">thumbs/play-button.png</texture>
            <fadetime>400</fadetime>
            <visible>!IsEmpty(ListItem.Trailer)+Control.HasFocus(7001)</visible>
            <animation effect="fade" start="50" end="20" time="1000" pulse="true" condition="Control.HasFocus(7001)">Conditional</animation>
          </control>
       </control>
      <control type="group">
        <description>Season and TV show thumb</description>
        <visible>Container.Content(episodes)+Control.HasFocus(7002)</visible>
        <posx>10</posx>
        <posy>381</posy>
        <animation effect="slide" time="1000" start="-600,0" end="0,0" tween="cubic" easing="out">WindowOpen</animation>
        <control type="largeimage">
          <description>POSTER icon</description>
          <posx>0</posx>
          <posy>-87</posy>
          <width>266</width>
          <height>400</height>
          <aspectratio scalediffuse="false">stretch</aspectratio>
          <texture background="true" fallback="DefaultVideoBigPoster.png" diffuse="thumbs/movieposter_mask.png">$INFO[Container.TvshowThumb]</texture>
          <fadetime>400</fadetime>
          <visible>Skin.HasSetting(TVShowsUsePosters)+IsEmpty(Container.SeasonThumb)</visible>
        </control>
        <control type="largeimage">
          <description>POSTER icon</description>
          <posx>0</posx>
          <posy>-87</posy>
          <width>266</width>
          <height>400</height>
          <aspectratio scalediffuse="false">stretch</aspectratio>
          <texture background="true" fallback="DefaultVideoBigPoster.png" diffuse="thumbs/movieposter_mask.png">$INFO[ListItem.Path,,../poster.jpg]</texture>
          <fadetime>400</fadetime>
          <visible>!Skin.HasSetting(TVShowsUsePosters)+IsEmpty(Container.SeasonThumb)</visible>
        </control>
        <control type="largeimage">
          <description>POSTER icon</description>
          <posx>0</posx>
          <posy>-87</posy>
          <width>266</width>
          <height>400</height>
          <aspectratio scalediffuse="false">stretch</aspectratio>
          <texture background="true" diffuse="thumbs/movieposter_mask.png">$INFO[Container.SeasonThumb]</texture>
          <fadetime>400</fadetime>
        </control>
        <control type="largeimage">
          <description>POSTER icon</description>
          <posx>0</posx>
          <posy>-87</posy>
          <width>266</width>
          <height>400</height>
          <aspectratio scalediffuse="false">stretch</aspectratio>
          <texture background="true" diffuse="thumbs/movieposter_mask.png">thumbs/poster_glass_noreflect.png</texture>
          <fadetime>400</fadetime>
        </control>
        <control type="largeimage">
          <description>POSTER icon</description>
          <posx>0</posx>
          <posy>313</posy>
          <width>266</width>
          <height>400</height>
          <aspectratio scalediffuse="false">stretch</aspectratio>
          <texture background="true" flipy="true" fallback="DefaultVideoBigPoster.png" diffuse="thumbs/movieposter_mask_reflect.png">$INFO[Container.TvshowThumb]</texture>
          <fadetime>400</fadetime>
          <visible>Skin.HasSetting(TVShowsUsePosters)+IsEmpty(Container.SeasonThumb)</visible>
        </control>
        <control type="largeimage">
          <description>POSTER icon</description>
          <posx>0</posx>
          <posy>313</posy>
          <width>266</width>
          <height>400</height>
          <aspectratio scalediffuse="false">stretch</aspectratio>
          <texture background="true" flipy="true" fallback="DefaultVideoBigPoster.png" diffuse="thumbs/movieposter_mask_reflect.png">$INFO[ListItem.Path,,../poster.jpg]</texture>
          <fadetime>400</fadetime>
          <visible>!Skin.HasSetting(TVShowsUsePosters)+IsEmpty(Container.SeasonThumb)</visible>
        </control>
        <control type="largeimage">
          <description>POSTER icon</description>
          <posx>0</posx>
          <posy>313</posy>
          <width>266</width>
          <height>400</height>
          <aspectratio scalediffuse="false">stretch</aspectratio>
          <texture background="true" flipy="true" diffuse="thumbs/movieposter_mask_reflect.png">$INFO[Container.SeasonThumb]</texture>
          <fadetime>400</fadetime>
        </control>
      </control>
      <control type="group">
        <posx>10</posx>
        <posy>525</posy>
        <animation effect="slide" start="0,0" end="0,-70" time="150" condition="!Skin.HasSetting(highlist)">Conditional</animation>
        <animation type="Visible">
          <effect type="fade" time="450" start="0" end="100"/>
          <effect type="slide" start="0,-50" end="0,0" time="200"/>
        </animation>
        <animation effect="slide" start="0,0" end="-30,0" time="400" condition="Control.HasFocus(69)">Conditional</animation>
        <visible>Container.Content(episodes)+!Control.HasFocus(7002)</visible>
        <control type="largeimage">
          <posx>0</posx>
          <posy>0</posy>
          <width>280</width>
          <height>158</height>
          <bordertexture border="-20">thumbs/multiplex_tvborder.png</bordertexture>
          <texture diffuse="thumbs/multiplex_tvmask.png" background="true">$INFO[ListItem.Icon]</texture>
          <aspectratio scalediffuse="false">scale</aspectratio>
        </control>
        <control type="largeimage">
          <posy>159</posy>
          <posx>0</posx>
          <width>280</width>
          <height>158</height>
          <texture background="true" flipy="true" diffuse="thumbs/multiplex_tvmaskreflect.png">$INFO[ListItem.Icon]</texture>
          <aspectratio scalediffuse="false">scale</aspectratio>
        </control>
      </control>


      <control type="group">
        <description>Media Flags</description>
        <control type="image">
          <posx>850</posx>
          <posy>658</posy>
          <include>AudioFlagsVars</include>
          <texture fallback="flags/studios/default-studio.png">$INFO[ListItem.Studio,flags/studios/,.png]</texture>
          <visible>!IsEmpty(ListItem.Studio)+Skin.HasSetting(highlist)|[!Skin.HasSetting(highlist)+Control.HasFocus(7002)]|[!Skin.HasSetting(highlist)+[Container.Content(tvshows)|Container.Content(seasons)]]</visible>
        </control>
        <control type="group">
          <posx>850</posx>
          <posy>658</posy>
          <visible>Skin.HasSetting(sourceflags)+!Skin.HasSetting(highlist)+!Control.HasFocus(7002)</visible>
          <control type="image">
            <include>AudioFlagsVars</include>
            <texture>flags/source/sdtv.png</texture>
            <visible>SubString(ListItem.filename,PDTV) | SubString(ListItem.filename,sdtv)</visible>
          </control>
          <control type="image">
            <include>AudioFlagsVars</include>
            <texture>flags/source/hdtv.png</texture>
            <visible>SubString(ListItem.Filename,hdtv)</visible>
          </control>
          <control type="image">
            <include>AudioFlagsVars</include>
            <texture>flags/source/hddvd.png</texture>
            <visible>SubString(ListItem.Filename,hddvd) | SubString(ListItem.Filename,hd-dvd)</visible>
          </control>
          <control type="image">
            <include>AudioFlagsVars</include>
            <texture>flags/source/bluray.png</texture>
            <visible>SubString(ListItem.Filename,bluray) | SubString(ListItem.Filename,blu-ray) | SubString(ListItem.Filename,bdrip)</visible>
          </control>
          <control type="image">
            <include>AudioFlagsVars</include>
            <texture>flags/source/dvd.png</texture>
            <visible>[SubString(ListItem.Filename,dvd) + !SubString(ListItem.Filename,hddvd) + !SubString(ListItem.Filename,hd-dvd) + !SubString(ListItem.Filename,bluray)] | [SubString(ListItem.Filename,.iso,Right) + !SubString(ListItem.Filename,bluray)] | SubString(ListItem.Filename,.ifo,Right)</visible>
          </control>
          <control type="image">
            <include>AudioFlagsVars</include>
            <texture>flags/source/dvb.png</texture>
            <visible>SubString(ListItem.Filename,dvb)</visible>
          </control>
          <control type="image">
            <include>AudioFlagsVars</include>
            <texture>flags/source/web-dl.png</texture>
            <visible>SubString(ListItem.Filename,web-dl)</visible>
          </control>
        </control>
        <control type="image">
          <posx>850</posx>
          <posy>658</posy>
          <include>AudioFlagsVars</include>
          <texture>$INFO[ListItem.VideoCodec,flags/videocodec/,.png]</texture>
          <visible>[!Skin.HasSetting(sourceflags)+!Skin.HasSetting(highlist)+!Control.HasFocus(7002)]|[!Skin.HasSetting(highlist)+!Control.HasFocus(7002)+!SubString(ListItem.filename,PDTV)+!SubString(ListItem.filename,sdtv)+!SubString(ListItem.Filename,hdtv)+!SubString(ListItem.Filename,hddvd)+!SubString(ListItem.Filename,hd-dvd)+!SubString(ListItem.Filename,bluray)+!SubString(ListItem.Filename,blu-ray)+!SubString(ListItem.Filename,bdrip)+!SubString(ListItem.Filename,dvd)+!SubString(ListItem.Filename,dvb)+!SubString(ListItem.Filename,.iso,Right)+!SubString(ListItem.Filename,.ifo+!SubString(ListItem.Filename,web-dl)]</visible>
        </control>
        <control type="image">
          <posx>950</posx>
          <posy>658</posy>
          <include>AudioFlagsVars</include>
          <texture>$INFO[ListItem.VideoAspect,flags/aspectratio/,.png]</texture>
          <visible>!Skin.HasSetting(highlist)+!Control.HasFocus(7002)</visible>
        </control>
        <control type="group">
          <description>Rating Flags</description>
          <posx>950</posx>
          <posy>658</posy>
          <visible>Skin.HasSetting(highlist)|[!Skin.HasSetting(highlist)+Control.HasFocus(7002)]|[!Skin.HasSetting(highlist)+[Container.Content(tvshows)|Container.Content(seasons)]]</visible>
          <control type="image">
            <include>FloorRatingVars</include>
            <texture>flags/rating/MPAA_NR_Certificate_US.png</texture>
            <visible>[SubString(ListItem.mpaa,US:NR) | SubString(ListItem.mpaa,USA:NR) | SubString(ListItem.mpaa,Rated NR | SubString(ListItem.mpaa,NR)| IsEmpty(ListItem.Mpaa)]+!IsEmpty(ListItem.Title)</visible>
          </control>
          <control type="image">
            <include>FloorRatingVars</include>
            <texture>flags/rating/MPAA_NR_Certificate_US.png</texture>
            <visible>[SubString(ListItem.mpaa,US:NR) | SubString(ListItem.mpaa,USA:NR) | SubString(ListItem.mpaa,Rated NR | SubString(ListItem.mpaa,NR)| IsEmpty(ListItem.Mpaa)]+!IsEmpty(ListItem.Title)</visible>
          </control>
          <control type="image">
            <include>FloorRatingVars</include>
            <texture>flags/rating/MPAA_G_Certificate_US.png</texture>
            <visible>SubString(ListItem.mpaa,US:G) | SubString(ListItem.mpaa,USA:G) | SubString(ListItem.mpaa,Rated G)</visible>
          </control>
          <control type="image">
            <include>FloorRatingVars</include>
            <texture>flags/rating/MPAA_PG_Certificate_US.png</texture>
            <visible>[Substring(ListItem.mpaa,Rated PG) | StringCompare(ListItem.Mpaa,PG)] + !substring(ListItem.mpaa,PG-13)</visible>
          </control>
          <control type="image">
            <include>FloorRatingVars</include>
            <texture>flags/rating/MPAA_PG-13_Certificate_US.png</texture>
            <visible>SubString(ListItem.mpaa,PG-13)</visible>
          </control>
          <control type="image">
            <include>FloorRatingVars</include>
            <texture>flags/rating/MPAA_R_Certificate_US.png</texture>
            <visible>SubString(ListItem.mpaa,US:R) | SubString(ListItem.mpaa,USA:R) | SubString(ListItem.mpaa,Rated R) | StringCompare(ListItem.Mpaa,R)</visible>
          </control>
          <control type="image">
            <include>FloorRatingVars</include>
            <texture>flags/rating/MPAA_NC-17_Certificate_US.png</texture>
            <visible>SubString(ListItem.mpaa,US:NC-17) | SubString(ListItem.mpaa,USA:NC-17) | SubString(ListItem.mpaa,Rated NC-17)</visible>
          </control>
          <control type="image">
            <include>FloorRatingVars</include>
            <texture>flags/rating/TV-G_Certificate_US.png</texture>
            <visible>substring(ListItem.mpaa,TV-G)</visible>
          </control>
          <control type="image">
            <include>FloorRatingVars</include>
            <texture>flags/rating/TV-PG_Certificate_US.png</texture>
            <visible>substring(ListItem.mpaa,TV-PG)</visible>
          </control>
          <control type="image">
            <include>FloorRatingVars</include>
            <texture>flags/rating/TV-14_Certificate_US.png</texture>
            <visible>substring(ListItem.mpaa,TV-14)</visible>
          </control>
          <control type="image">
            <include>FloorRatingVars</include>
            <texture>flags/rating/TV-MA_Certificate_US.png</texture>
            <visible>substring(ListItem.mpaa,TV-MA)</visible>
          </control>
          <!--UK-->
          <control type="image">
            <include>FloorRatingVars</include>
            <texture>flags/rating/BBFC_U_Certificate_UK.png</texture>
            <visible>SubString(ListItem.mpaa,UK:U)</visible>
          </control>
          <control type="image">
            <include>FloorRatingVars</include>
            <texture>flags/rating/BBFC_PG_Certificate_UK.png</texture>
            <visible>SubString(ListItem.mpaa,UK:PG)</visible>
          </control>
          <control type="image">
            <include>FloorRatingVars</include>
            <texture>flags/rating/BBFC_12_Certificate_UK.png</texture>
            <visible>SubString(ListItem.mpaa,UK:12) + !SubString(ListItem.mpaa,UK:12A)</visible>
          </control>
          <control type="image">
            <include>FloorRatingVars</include>
            <texture>flags/rating/BBFC_12A_Certificate_UK.png</texture>
            <visible>SubString(ListItem.mpaa,UK:12A)</visible>
          </control>
          <control type="image">
            <include>FloorRatingVars</include>
            <texture>flags/rating/BBFC_15_Certificate_UK.png</texture>
            <visible>SubString(ListItem.mpaa,UK:15)</visible>
          </control>
          <control type="image">
            <include>FloorRatingVars</include>
            <texture>flags/rating/BBFC_18_Certificate_UK.png</texture>
            <visible>SubString(ListItem.mpaa,UK:18)</visible>
          </control>
          <!--Germany-->
          <control type="image">
            <include>FloorRatingVars</include>
            <texture>flags/rating/FSK-0.png</texture>
            <visible>SubString(ListItem.mpaa,Germany:0) | SubString(ListItem.mpaa,o.A)</visible>
          </control>
          <control type="image">
            <include>FloorRatingVars</include>
            <texture>flags/rating/FSK-6.png</texture>
            <visible>SubString(ListItem.mpaa,Germany:6) | SubString(ListItem.mpaa,ab 6)</visible>
          </control>
          <control type="image">
            <include>FloorRatingVars</include>
            <texture>flags/rating/FSK-12.png</texture>
            <visible>SubString(ListItem.mpaa,Germany:12) | SubString(ListItem.mpaa,ab 12)</visible>
          </control>
          <control type="image">
            <include>FloorRatingVars</include>
            <texture>flags/rating/FSK-16.png</texture>
            <visible>SubString(ListItem.mpaa,Germany:16) | SubString(ListItem.mpaa,ab 16)</visible>
          </control>
          <control type="image">
            <include>FloorRatingVars</include>
            <texture>flags/rating/FSK-18.png</texture>
            <visible>SubString(ListItem.mpaa,Germany:18) | SubString(ListItem.mpaa,ab 18)</visible>
          </control>
        </control>
        <control type="image">
          <posx>1050</posx>
          <posy>658</posy>
          <include>AudioFlagsVars</include>
          <texture>$INFO[ListItem.VideoResolution,flags/resolution/,.png]</texture>
        </control>
        <control type="group">
          <description>Audio Flags</description>
          <posx>1150</posx>
          <posy>658</posy>
            <control type="image">
          <include>AudioFlagsVars</include>
          <texture>flags/audio/$INFO[ListItem.AudioCodec].png</texture>
          <visible>!substring(ListItem.AudioCodec,ac3)</visible>
        </control>
        <control type="image">
          <include>AudioFlagsVars</include>
          <texture>flags/audio/dolbydigital.png</texture>
          <visible>substring(ListItem.AudioCodec,ac3)+!substring(ListItem.AudioChannels,2)</visible>
        </control>
        <control type="image">
          <include>AudioFlagsVars</include>
          <texture>flags/audio/dolbypro.png</texture>
          <visible>substring(ListItem.AudioCodec,ac3)+substring(ListItem.AudioChannels,2)</visible>
        </control>
        </control>
      </control>
      <control type="group">
        <description>Info labels</description>
        <visible>!Control.HasFocus(7002)</visible>
        <control type="label">
          <posx>850</posx>
          <posy>632</posy>
          <height>13</height>
          <width>215</width>
          <font>Font_Bold20</font>
          <textcolor>abFFFFFF</textcolor>
          <label>$INFO[ListItem.Year]</label>
          <visible>Container.Content(movies)</visible>
        </control>
        <control type="label">
          <posx>850</posx>
          <posy>632</posy>
          <height>13</height>
          <width>215</width>
          <font>Font_Bold20</font>
          <textcolor>abFFFFFF</textcolor>
          <label>$INFO[ListItem.Premiered]</label>
          <visible>Container.Content(episodes)</visible>
        </control>
        <control type="label">
          <posx>1260</posx>
          <posy>632</posy>
          <height>13</height>
          <width>215</width>
          <align>right</align>
          <font>Font_Bold20</font>
          <textcolor>abFFFFFF</textcolor>
          <label>[LOWERCASE]$INFO[ListItem.Duration] $LOCALIZE[12391][/LOWERCASE]</label>
          <visible>!IsEmpty(ListItem.Duration)</visible>
        </control>
        <control type="group">
          <visible>!Skin.HasSetting(highlist)+!IsEmpty(ListItem.Title)+!Container.Content(tvshows)+!Container.Content(seasons)</visible>
          <animation effect="fade" start="0" end="70" time="400">VisibleChange</animation>
          <control type="label">
            <posx>850</posx>
            <posy>525</posy>
            <height>13</height>
            <width>430</width>
            <font>Font_Info</font>
            <textcolor>abFFFFFF</textcolor>
            <label>$LOCALIZE[20339]:</label>
          </control>
          <control type="label">
            <posx>937</posx>
            <posy>525</posy>
            <height>13</height>
            <width>323</width>
            <font>Font_Info</font>
            <textcolor>white</textcolor>
            <label fallback="312577">$INFO[ListItem.Director]</label>
          </control>
          <control type="label">
            <posx>850</posx>
            <posy>550</posy>
            <height>13</height>
            <width>430</width>
            <font>Font_Info</font>
            <textcolor>abFFFFFF</textcolor>
            <label>$LOCALIZE[20417]:</label>
          </control>
          <control type="label">
            <posx>937</posx>
            <posy>550</posy>
            <height>13</height>
            <width>323</width>
            <font>Font_Info</font>
            <textcolor>white</textcolor>
            <label fallback="312577">$INFO[ListItem.Writer]</label>
          </control>
          <control type="group">
            <control type="label">
              <posx>850</posx>
              <posy>575</posy>
              <height>13</height>
              <width>430</width>
              <font>Font_Info</font>
              <textcolor>abFFFFFF</textcolor>
              <label>$LOCALIZE[572]:</label>
            </control>
            <control type="fadelabel">
              <posx>937</posx>
              <posy>575</posy>
              <height>13</height>
              <width>323</width>
              <font>Font_Info</font>
              <textcolor>white</textcolor>
              <label fallback="312577">$INFO[ListItem.Studio]</label>
            </control>
            <control type="label">
              <posx>850</posx>
              <posy>600</posy>
              <height>13</height>
              <width>430</width>
              <font>Font_Info</font>
              <textcolor>abFFFFFF</textcolor>
              <label>MPAA:</label>
            </control>
            <control type="fadelabel">
              <posx>937</posx>
              <posy>600</posy>
              <height>13</height>
              <width>323</width>
              <font>Font_Info</font>
              <textcolor>white</textcolor>
              <label fallback="Not Rated">$INFO[ListItem.Mpaa]</label>
            </control>
          </control>
        </control>
        <control type="group">
          <posy>36</posy>
          <visible>!Skin.HasSetting(highlist)+!IsEmpty(ListItem.Title)+Container.Content(tvshows)</visible>
          <animation effect="fade" start="0" end="70" time="400">VisibleChange</animation>
          <control type="label">
            <posx>850</posx>
            <posy>525</posy>
            <height>13</height>
            <width>430</width>
            <font>Font_Info</font>
            <textcolor>abFFFFFF</textcolor>
            <label>$LOCALIZE[515]:</label>
          </control>
          <control type="label">
            <posx>937</posx>
            <posy>525</posy>
            <height>13</height>
            <width>323</width>
            <font>Font_Info</font>
            <textcolor>white</textcolor>
            <label fallback="312577">$INFO[ListItem.Genre]</label>
          </control>
          <control type="label">
            <posx>850</posx>
            <posy>550</posy>
            <height>13</height>
            <width>430</width>
            <font>Font_Info</font>
            <textcolor>abFFFFFF</textcolor>
            <label>$LOCALIZE[312576]:</label>
          </control>
          <control type="label">
            <posx>937</posx>
            <posy>550</posy>
            <height>13</height>
            <width>323</width>
            <font>Font_Info</font>
            <textcolor>white</textcolor>
            <label fallback="312577">$INFO[ListItem.Premiered]</label>
          </control>
          <control type="group">
            <control type="label">
              <posx>850</posx>
              <posy>575</posy>
              <height>13</height>
              <width>430</width>
              <font>Font_Info</font>
              <textcolor>abFFFFFF</textcolor>
              <label>$LOCALIZE[563]:</label>
            </control>
            <control type="fadelabel">
              <posx>937</posx>
              <posy>575</posy>
              <height>13</height>
              <width>323</width>
              <font>Font_Info</font>
              <textcolor>white</textcolor>
              <label fallback="312577">$INFO[ListItem.Rating]</label>
            </control>
            <control type="label">
              <posx>850</posx>
              <posy>600</posy>
              <height>13</height>
              <width>430</width>
              <font>Font_Info</font>
              <textcolor>abFFFFFF</textcolor>
              <label>$LOCALIZE[20360]:</label>
            </control>
            <control type="label">
              <posx>937</posx>
              <posy>600</posy>
              <height>13</height>
              <width>323</width>
              <font>Font_Info</font>
              <textcolor>white</textcolor>
              <label>$INFO[ListItem.Property(TotalEpisodes)] ($LOCALIZE[16101]: $INFO[ListItem.Property(UnWatchedEpisodes)])</label>
            </control>
          </control>
        </control>
        <control type="group">
          <description>ListItem Info</description>
          <animation effect="slide" start="0,0" end="0,-110" time="150" condition="!Skin.HasSetting(highlist)">Conditional</animation>
          <control type="textbox">
            <posx>850</posx>
            <posy>510</posy>
            <width>425</width>
            <height>117</height>
            <font>Font_Info</font>
            <label>$INFO[ListItem.PlotOutline]</label>
            <textcolor>d0FFFFFF</textcolor>
            <autoscroll delay="8000" time="2000" repeat="8000">Skin.HasSetting(AutoScroll)</autoscroll>
            <visible>!IsEmpty(ListItem.PlotOutline)</visible>
          </control>
          <control type="textbox">
            <posx>850</posx>
            <posy>510</posy>
            <width>425</width>
            <height>117</height>
            <font>Font_Info</font>
            <label>$INFO[ListItem.Plot]</label>
            <textcolor>d0FFFFFF</textcolor>
            <autoscroll delay="8000" time="2000" repeat="8000">Skin.HasSetting(AutoScroll)</autoscroll>
            <visible>IsEmpty(ListItem.PlotOutline)+!Container.Content(tvshows)</visible>
          </control>
          <control type="textbox">
            <posx>850</posx>
            <posy>510</posy>
            <width>425</width>
            <height>153</height>
            <font>Font_Info</font>
            <label>$INFO[ListItem.Plot]</label>
            <textcolor>d0FFFFFF</textcolor>
            <autoscroll delay="8000" time="2000" repeat="8000">Skin.HasSetting(AutoScroll)</autoscroll>
            <visible>Container.Content(tvshows)</visible>
          </control>
          <control type="textbox">
            <posx>850</posx>
            <posy>510</posy>
            <width>425</width>
            <height>153</height>
            <font>Font_Info</font>
            <label>$INFO[Container.ShowPlot]</label>
            <textcolor>d0FFFFFF</textcolor>
            <autoscroll delay="8000" time="2000" repeat="8000">Skin.HasSetting(AutoScroll)</autoscroll>
            <visible>Container.Content(seasons)</visible>
          </control>
        </control>
      </control>
      <control type="fixedlist" id="511">
        <posx>300</posx>
        <posy>503</posy>
        <width>651</width>
        <height>320</height>
        <onleft>69</onleft>
        <onright>7002</onright>
        <onup>511</onup>
        <ondown>511</ondown>
        <orientation>vertical</orientation>
        <viewtype label="$LOCALIZE[31153]">BigWrap</viewtype>
        <pagecontrol>69</pagecontrol>
        <scrolltime>200</scrolltime>
        <preloaditems>2</preloaditems>
        <focusposition>1</focusposition>
        <visible>Container.Content(movies)|Container.Content(episodes)|Container.Content(seasons)|Container.Content(tvshows)</visible>
        <animation effect="slide" start="0,0" end="0,-110" time="150" condition="!Skin.HasSetting(highlist)">Conditional</animation>
        <animation effect="fade" start="100" end="0" time="50" condition="Control.HasFocus(7002)">Conditional</animation>
        <itemlayout height="44" width="550">
          <control type="image">
            <posx>1</posx>
            <posy>43</posy>
            <height>1</height>
            <width>530</width>
            <texture background="true">views/listpanel_line.png</texture>
          </control>
          <control type="label">
            <posx>20</posx>
            <posy>0</posy>
            <width>430</width>
            <height>44</height>
            <align>left</align>
            <aligny>center</aligny>
            <include>listcolornofocus</include>
            <font>Font_Bold16</font>
            <label>[UPPERCASE]$INFO[ListItem.Label][/UPPERCASE]</label>
          </control>
          <control type="label">
            <posx>473</posx>
            <posy>0</posy>
            <width>53</width>
            <height>44</height>
            <align>center</align>
            <aligny>center</aligny>
            <include>listcolornofocus</include>
            <font>Font_Bold16</font>
            <label>[UPPERCASE]$INFO[ListItem.Label2][/UPPERCASE]</label>
            <visible>!Container.Content(tvshows)</visible>
          </control>
          <control type="label">
            <posx>495</posx>
            <posy>0</posy>
            <width>430</width>
            <height>44</height>
            <align>right</align>
            <aligny>center</aligny>
            <include>listcolornofocus</include>
            <font>Font_Info</font>
            <label>$INFO[ListItem.Property(TotalEpisodes)] $LOCALIZE[20359] ($LOCALIZE[16101]: $INFO[ListItem.Property(UnWatchedEpisodes)])</label>
            <visible>Container.Content(seasons)+!IsEmpty(ListItem.Title)+!IntegerGreaterThan(ListItem.Property(TotalEpisodes),1)</visible>
          </control>
          <control type="label">
            <posx>495</posx>
            <posy>0</posy>
            <width>430</width>
            <height>44</height>
            <align>right</align>
            <aligny>center</aligny>
            <include>listcolornofocus</include>
            <font>Font_Info</font>
            <label>$INFO[ListItem.Property(TotalEpisodes)] $LOCALIZE[20360] ($LOCALIZE[16101]: $INFO[ListItem.Property(UnWatchedEpisodes)])</label>
            <visible>Container.Content(seasons)+!IsEmpty(ListItem.Title)+IntegerGreaterThan(ListItem.Property(TotalEpisodes),1)</visible>
          </control>
          <control type="image">
            <posx>503</posx>
            <posy>13</posy>
            <width>20</width>
            <height>20</height>
            <visible>!IsEmpty(ListItem.Overlay)</visible>
            <info>ListItem.Overlay</info>
          </control>
        </itemlayout>
        <focusedlayout height="44" width="550">
          <control type="image">
            <posx>1</posx>
            <posy>43</posy>
            <height>1</height>
            <width>530</width>
            <texture background="true">views/listpanel_line.png</texture>
          </control>
          <control type="image">
            <posx>6</posx>
            <posy>-3</posy>
            <width>523</width>
            <height>50</height>
            <aspectratio scalediffuse="false">scale</aspectratio>
            <texture background="true">views/listpanel_selectbar.png</texture>
          </control>
          <control type="label">
            <posx>20</posx>
            <posy>0</posy>
            <width>430</width>
            <height>44</height>
            <align>left</align>
            <aligny>center</aligny>
            <include>listcolorfocus</include>
            <font>Font_Bold16</font>
            <label>[UPPERCASE]$INFO[ListItem.Label][/UPPERCASE]</label>
            <animation effect="slide" start="0,-10" end="0,-10" time="150" condition="Container.Content(movies)">Conditional</animation>
          </control>
          <control type="label">
            <posx>20</posx>
            <posy>8</posy>
            <width>430</width>
            <height>44</height>
            <align>left</align>
            <aligny>center</aligny>
            <include>listcolorfocus</include>
            <font>Font_Info</font>
            <label>$INFO[ListItem.Genre]</label>
            <visible>[Container.Content(movies)+IsEmpty(ListItem.Trailer)]|Control.HasFocus(7001)</visible>
          </control>
          <control type="fadelabel">
            <posx>20</posx>
            <posy>8</posy>
            <width>430</width>
            <height>44</height>
            <align>left</align>
            <aligny>center</aligny>
            <scrollout>false</scrollout>
            <pauseatend>3000</pauseatend>
            <include>listcolorfocus</include>
            <font>Font_Info</font>
            <label>$INFO[ListItem.Genre]</label>
            <label>$LOCALIZE[31237]</label>
            <visible>Container.Content(movies)+!Control.HasFocus(7001)+!IsEmpty(ListItem.Trailer)</visible>
          </control>
          <control type="label">
            <posx>473</posx>
            <posy>0</posy>
            <width>53</width>
            <height>44</height>
            <align>center</align>
            <aligny>center</aligny>
            <include>listcolorfocus</include>
            <font>Font_Bold16</font>
            <label>[UPPERCASE]$INFO[ListItem.Label2][/UPPERCASE]</label>
            <visible>!Container.Content(tvshows)</visible>
          </control>
          <control type="label">
            <posx>495</posx>
            <posy>0</posy>
            <width>430</width>
            <height>44</height>
            <align>right</align>
            <aligny>center</aligny>
            <include>listcolorfocus</include>
            <font>Font_Info</font>
            <label>$INFO[ListItem.Property(TotalEpisodes)] $LOCALIZE[20359] ($LOCALIZE[16101]: $INFO[ListItem.Property(UnWatchedEpisodes)])</label>
            <visible>Container.Content(seasons)+!IsEmpty(ListItem.Title)+!IntegerGreaterThan(ListItem.Property(TotalEpisodes),1)</visible>
          </control>
          <control type="label">
            <posx>495</posx>
            <posy>0</posy>
            <width>430</width>
            <height>44</height>
            <align>right</align>
            <aligny>center</aligny>
            <include>listcolorfocus</include>
            <font>Font_Info</font>
            <label>$INFO[ListItem.Property(TotalEpisodes)] $LOCALIZE[20360] ($LOCALIZE[16101]: $INFO[ListItem.Property(UnWatchedEpisodes)])</label>
            <visible>Container.Content(seasons)+!IsEmpty(ListItem.Title)+IntegerGreaterThan(ListItem.Property(TotalEpisodes),1)</visible>
          </control>
          <control type="image">
            <posx>503</posx>
            <posy>13</posy>
            <width>20</width>
            <height>20</height>
            <visible>!IsEmpty(ListItem.Overlay)</visible>
            <info>ListItem.Overlay</info>
          </control>
        </focusedlayout>
      </control>
      <control type="scrollbar" id="69">
        <posx>265</posx>
        <posy>394</posy>
        <width>27</width>
        <height>327</height>
        <visible allowhiddenfocus="true">Control.HasFocus(69)+!Skin.HasSetting(highlist)</visible>
        <texturesliderbackground border="0,14,0,14">views/ScrollBarV.png</texturesliderbackground>
        <texturesliderbar border="2,16,2,16">views/ScrollBarV_bar.png</texturesliderbar>
        <texturesliderbarfocus border="2,16,2,16">views/ScrollBarV_bar_focus.png</texturesliderbarfocus>
        <textureslidernib>-</textureslidernib>
        <textureslidernibfocus>-</textureslidernibfocus>
        <onleft>7000</onleft>
        <onright>511</onright>
        <showonepage>false</showonepage>
        <orientation>vertical</orientation>
        <animation effect="fade" start="0" end="70" time="400">Focus</animation>
        <enable>!Skin.HasSetting(highlist)</enable>
      </control>
      <control type="scrollbar" id="69">
        <posx>265</posx>
        <posy>504</posy>
        <width>27</width>
        <height>220</height>
        <visible allowhiddenfocus="true">Control.HasFocus(69)+Skin.HasSetting(highlist)</visible>
        <texturesliderbackground border="0,14,0,14">views/ScrollBarV.png</texturesliderbackground>
        <texturesliderbar border="2,16,2,16">views/ScrollBarV_bar.png</texturesliderbar>
        <texturesliderbarfocus border="2,16,2,16">views/ScrollBarV_bar_focus.png</texturesliderbarfocus>
        <textureslidernib>-</textureslidernib>
        <textureslidernibfocus>-</textureslidernibfocus>
        <onleft>7000</onleft>
        <onright>511</onright>
        <showonepage>false</showonepage>
        <orientation>vertical</orientation>
        <animation effect="fade" start="0" end="70" time="400">Focus</animation>
        <enable>Skin.HasSetting(highlist)</enable>
      </control>
    </control>
  </include>
</includes>