<?xml version="1.0"?>
<window id="100">
  <defaultcontrol>10</defaultcontrol>
  <zorder>4</zorder>
  <coordinates>
    <system>1</system>
    <posx>0</posx>
    <posy>0</posy>
  </coordinates>
  <include>Animation_DialogPopup</include>
  <controls>
    <control type="group">
      <include>Dialogs_Group</include>
      <include>Dialogs_Tablet</include>
      <include>Dialogs_Exclam</include>
      <control type="label" id="2">
        <include>Dialogs_Label1</include>
        <animation effect="slide" start="0,0" end="0,10" time="0" condition="IsEmpty(Control.GetLabel(3)) + IsEmpty(Control.GetLabel(4))">Conditional</animation>
      </control>
      <control type="label" id="3">
        <include>Dialogs_Label2</include>
        <animation effect="slide" start="0,10" end="0,5" time="0" condition="IsEmpty(Control.GetLabel(4))">Conditional</animation>
      </control>
      <control type="label" id="4">
        <include>Dialogs_Label3</include>
      </control>
      <control type="button" id="10">
        <posx>220</posx>
        <posy>50</posy>
        <width>98</width>
        <align>center</align>
        <textcolor>abFFFFFF</textcolor>
        <font>Font_Reg18</font>
        <label>106</label>
        <texturefocus>-</texturefocus>
        <texturenofocus>-</texturenofocus>
        <scroll>true</scroll>
        <onleft>11</onleft>
        <onright>11</onright>
        <onup>11</onup>
        <ondown>11</ondown>
        <include>Animation_CommonFade</include>
        <animation effect="slide" start="0,0" end="0,0" time="0" condition="!IsEmpty(Control.GetLabel(3)) + IsEmpty(Control.GetLabel(4))">Conditional</animation>
        <visible allowhiddenfocus="true">Control.HasFocus(10)</visible>
      </control>
      <control type="button" id="11">
        <posx>220</posx>
        <posy>50  </posy>
        <width>98</width>
        <align>center</align>
        <textcolor>abFFFFFF</textcolor>
        <font>Font_Reg18</font>
        <label>107</label>
        <scroll>true</scroll>
        <onleft>10</onleft>
        <onright>10</onright>
        <texturefocus>-</texturefocus>
        <texturenofocus>-</texturenofocus>
        <onup>10</onup>
        <ondown>10</ondown>
        <include>Animation_CommonFade</include>
        <animation effect="slide" start="0,0" end="0,0" time="0" condition="!IsEmpty(Control.GetLabel(3)) + IsEmpty(Control.GetLabel(4))">Conditional</animation>
        <visible allowhiddenfocus="true">Control.HasFocus(11)</visible>
      </control>
      <control type="label">
        <posx>184</posx>
        <posy>-11</posy>
        <height>163</height>
        <width>50</width>
        <align>center</align>
        <textcolor>abFFFFFF</textcolor>
        <aligny>center</aligny>
        <label>&lt;</label>
        <font>Font_Reg19</font>
      </control>
      <control type="label">
        <posx>306</posx>
        <posy>-11</posy>
        <textcolor>abFFFFFF</textcolor>
        <height>163</height>
        <width>50</width>
        <align>center</align>
        <aligny>center</aligny>
        <label>&gt;</label>
        <font>Font_Reg19</font>
      </control>
    </control>
  </controls>
</window>
