<window id="2003">
  <defaultcontrol>9000</defaultcontrol>
  <allowoverlay>no</allowoverlay>
  <coordinates>
    <system>1</system>
    <posx>0</posx>
    <posy>0</posy>
  </coordinates>
  <include>Animation_CommonFade</include>
	<controls>
  
   
		<control type="group">
			<visible>!Window.IsVisible(FileBrowser)</visible>
      <control type="image">
        <width>1280</width>
        <height>720</height>
        <texture>common/darkgrey.png</texture>
      </control>
      <control type="image">
        <description>background image</description>
        <posx>486</posx>
        <posy>0</posy>
        <width>795</width>
        <height>720</height>
        <texture>info/info_rightpanelbottom.png</texture>
        <visible>IsEmpty(listitem.property(fanart_image))</visible>
      </control>
      <control type="largeimage">
        <posx>254</posx>
        <posy>0</posy>
        <width>1280</width>
        <height>720</height>
        <fadetime>500</fadetime>
        <texture>$INFO[listitem.property(fanart_image)]</texture>
        <visible>!IsEmpty(listitem.property(fanart_image))</visible>
      </control>
      <control type="image">
        <description>Cover image</description>
        <posx>0</posx>
        <posy>0</posy>
        <width>486</width>
        <height>720</height>
        <texture>info/movieinfogradient.png</texture>
        <aspectratio>stretch</aspectratio>
      </control>
      <control type="largeimage">
        <description>Cover image</description>
        <posx>0</posx>
        <posy>0</posy>
        <width>486</width>
        <height>720</height>
        <texture>$INFO[listitem.Icon]</texture>
        <aspectratio>stretch</aspectratio>
        <visible>!Container.Content(episodes)+Skin.HasSetting(TVShowsUsePosters)</visible>
      </control>
      <control type="largeimage">
        <description>Cover image</description>
        <posx>0</posx>
        <posy>0</posy>
        <width>486</width>
        <height>720</height>
        <texture>$INFO[listitem.Icon]</texture>
        <aspectratio>stretch</aspectratio>
        <visible>Container.Content(movies)+!Skin.HasSetting(TVShowsUsePosters)</visible>
      </control>
      <control type="largeimage">
        <description>Cover image</description>
        <posx>0</posx>
        <posy>0</posy>
        <width>486</width>
        <height>720</height>
        <texture>$INFO[Container.TvshowThumb]</texture>
        <aspectratio>stretch</aspectratio>
        <visible>Container.Content(episodes)+Skin.HasSetting(TVShowsUsePosters)</visible>
      </control>
      <control type="group">
        <posx>30</posx>
        <animation effect="slide" start="430" end="0" time="700" tween="cubic" easing="out" delay="400">WindowOpen</animation>
        <visible>Container.Content(tvshows)+!Skin.HasSetting(TVShowsUsePosters)</visible>
        <control type="image">
          <description>Cover image</description>
          <width>420</width>
          <height>78</height>
          <posy>360</posy>
          <texture>$INFO[listitem.thumb]</texture>
          <aspectratio>stretch</aspectratio>
        </control>
        <control type="image">
          <description>Cover image</description>
          <posy>438</posy>
          <width>420</width>
          <height>78</height>
          <texture flipy="true" diffuse="thumbs/Thumb_Mask6.png">$INFO[listitem.thumb]</texture>
          <aspectratio>stretch</aspectratio>
        </control>
      </control>
      <control type="group">
        <posx>55</posx>
        <animation effect="rotatey" time="0" start="-20" end="-20" center="20,0" condition="true">Conditional</animation>
        <animation effect="slide" start="430" end="0" time="700" tween="cubic" easing="out" delay="400">WindowOpen</animation>
        <visible>Container.Content(episodes)+!Skin.HasSetting(TVShowsUsePosters)</visible>
        <control type="image">
          <description>Cover image</description>
          <width>370</width>
          <height>210</height>
          <posy>350</posy>
          <texture>$INFO[listitem.thumb]</texture>
          <bordertexture border="-40">info/musicinfoshadow.png</bordertexture>
          <aspectratio>stretch</aspectratio>
        </control>
        <control type="image">
          <description>Cover image</description>
          <posy>560</posy>
          <width>370</width>
          <height>210</height>
          <texture flipy="true" diffuse="thumbs/Thumb_Mask6.png">$INFO[listitem.thumb]</texture>
          <aspectratio>stretch</aspectratio>
        </control>
      </control>
      <control type="image">
        <description>background image</description>
        <posx>486</posx>
        <posy>0</posy>
        <width>795</width>
        <height>720</height>
        <texture>info/info_rightpaneltop.png</texture>
      </control>
      <!-- Movie info -->
      <control type="group">
        <posx>550</posx>
        <posy>45</posy>
        <width>695</width>
        <height>569</height>
        <visible>Container.Content(movies)</visible>
        <control type="image">
          <description>background image</description>
          <posx>0</posx>
          <posy>60</posy>
          <width>695</width>
          <height>569</height>
          <texture>info/info_panellines_movie.png</texture>
        </control>
        <control type="group">
          <description>Rating flags</description>
          <posx>7</posx>
          <posy>68</posy>
        <control type="image">
          <width>166</width>
          <height>38</height>
          <texture>flags/rating/mpaa_r.png</texture>
          <visible>SubString(ListItem.mpaa,US:R) | SubString(ListItem.mpaa,USA:R) | SubString(ListItem.mpaa,Rated R) | StringCompare(ListItem.Mpaa,R)</visible>
          <colordiffuse>FF868686</colordiffuse>
        </control>
        <control type="image">
          <width>166</width>
          <height>38</height>
          <texture>flags/rating/mpaa_pg13.png</texture>
          <visible>SubString(ListItem.mpaa,PG-13)</visible>
          <colordiffuse>FF868686</colordiffuse>
        </control>
        <control type="image">
          <width>166</width>
          <height>38</height>
          <texture>flags/rating/mpaa_pg.png</texture>
          <visible>[Substring(ListItem.mpaa,Rated PG) | StringCompare(ListItem.Mpaa,PG)] + !substring(ListItem.mpaa,PG-13)</visible>
          <colordiffuse>FF868686</colordiffuse>
        </control>
        <control type="image">
          <width>166</width>
          <height>38</height>
          <texture>flags/rating/mpaa_nc17.png</texture>
          <visible>SubString(ListItem.mpaa,US:NC-17) | SubString(ListItem.mpaa,USA:NC-17) | SubString(ListItem.mpaa,Rated NC-17)</visible>
          <colordiffuse>FF868686</colordiffuse>
        </control>
        <control type="image">
          <width>166</width>
          <height>38</height>
          <texture>flags/rating/mpaa_g.png</texture>
          <visible>SubString(ListItem.mpaa,US:G) | SubString(ListItem.mpaa,USA:G) | SubString(ListItem.mpaa,Rated G)</visible>
          <colordiffuse>FF868686</colordiffuse>
        </control>
        </control>
        <control type="label">
          <description>Movie title</description>
          <posx>0</posx>
          <posy>-10</posy>
          <width>700</width>
          <font>Font_ShowcaseMainLabel2</font>
          <label>[UPPERCASE]$INFO[ListItem.Title][/UPPERCASE]</label>
          <textcolor>FFececec</textcolor>
          <animation effect="slide" start="0,30" end="0,30" condition="IsEmpty(ListItem.Tagline)">Conditional</animation>
        </control>
        <control type="label">
          <description>Tagline</description>
          <posx>0</posx>
          <posy>30</posy>
          <width>700</width>
          <font>Font_Reg20</font>
          <label>$INFO[ListItem.Tagline]</label>
          <textcolor>FFececec</textcolor>
        </control>
        <control type="label">
          <description>Movie year</description>
          <posx>181</posx>
          <posy>58</posy>
          <align>center</align>
          <width>109</width>
          <height>53</height>
          <aligny>center</aligny>
          <font>Font_OSDTitle2</font>
          <label fallback="-">$INFO[ListItem.Year]</label>
          <textcolor>FF868686</textcolor>
        </control>
        <control type="label">
          <description>Genre</description>
          <posx>310</posx>
          <posy>58</posy>
          <width>370</width>
          <align>left</align>
          <aligny>center</aligny>
          <font>Font_Reg20</font>
          <label fallback="312577">[UPPERCASE]$INFO[ListItem.Genre][/UPPERCASE]</label>
          <textcolor>FF868686</textcolor>
          <height>56</height>
        </control>
        <control type="label">
          <description>Directed by:</description>
          <posy>113</posy>
          <posx>3</posx>
          <width>110</width>
          <height>29</height>
          <align>left</align>
          <aligny>center</aligny>
          <font>Font_Info</font>
          <textcolor>FF868686</textcolor>
          <label>$LOCALIZE[20339]:</label>
        </control>
        <control type="label">
          <description>Written by:</description>
          <posy>141</posy>
          <posx>3</posx>
          <width>110</width>
          <height>29</height>
          <align>left</align>
          <aligny>center</aligny>
          <font>Font_Info</font>
          <textcolor>FF868686</textcolor>
          <label>$LOCALIZE[20417]:</label>
        </control>
        <control type="label">
          <description>Duration:</description>
          <posy>169</posy>
          <posx>3</posx>
          <width>110</width>
          <height>29</height>
          <align>left</align>
          <aligny>center</aligny>
          <font>Font_Info</font>
          <textcolor>FF868686</textcolor>
          <label>$LOCALIZE[2050]:</label>
        </control>
        <control type="label">
          <description>Starring:</description>
          <posy>197</posy>
          <posx>3</posx>
          <width>110</width>
          <height>29</height>
          <align>left</align>
          <aligny>center</aligny>
          <font>Font_Info</font>
          <textcolor>FF868686</textcolor>
          <label>$LOCALIZE[206]:</label>
        </control>
        <control type="label">
          <description>Director</description>
          <posy>113</posy>
          <posx>120</posx>
          <width>500</width>
          <height>29</height>
          <align>left</align>
          <aligny>center</aligny>
          <font>Font_Info</font>
          <textcolor>FFececec</textcolor>
          <label fallback="312577">$INFO[ListItem.Director]</label>
        </control>
        <control type="label">
          <description>Writer</description>
          <posy>142</posy>
          <posx>120</posx>
          <width>500</width>
          <height>29</height>
          <align>left</align>
          <aligny>center</aligny>
          <font>Font_Info</font>
          <textcolor>FFececec</textcolor>
          <label fallback="312577">$INFO[ListItem.Writer]</label>
        </control>
        <control type="label">
          <description>Duration</description>
          <posy>170</posy>
          <posx>120</posx>
          <width>500</width>
          <height>29</height>
          <align>left</align>
          <aligny>center</aligny>
          <font>Font_Info</font>
          <textcolor>FFececec</textcolor>
          <label>$INFO[ListItem.Duration] $LOCALIZE[12391]</label>
          <visible>!IsEmpty(ListItem.Duration)</visible>
        </control>
        <control type="label">
          <description>Duration fallback</description>
          <posy>170</posy>
          <posx>120</posx>
          <width>500</width>
          <height>29</height>
          <align>left</align>
          <aligny>center</aligny>
          <font>Font_Info</font>
          <textcolor>FFececec</textcolor>
          <label>$LOCALIZE[312577]</label>
          <visible>IsEmpty(ListItem.Duration)</visible>
        </control>
        <control type="textbox">
          <description>Cast</description>
          <posx>120</posx>
          <posy>198</posy>
          <width>500</width>
          <height>115</height>
          <align>left</align>
          <font>Font_Info</font>
          <label fallback="312577">$INFO[ListItem.CastAndRole]</label>
          <textcolor>FFececec</textcolor>
        </control>
        <control type="textbox">
          <description>Plot</description>
          <posx>3</posx>
          <posy>356</posy>
          <width>630</width>
          <height>212</height>
          <align>left</align>
          <font>Font_Info</font>
          <label fallback="312577">$INFO[ListItem.Plot]</label>
          <autoscroll delay="15000" time="1000" repeat="10000">Skin.HasSetting(AutoScroll)</autoscroll>
          <textcolor>FFececec</textcolor>
          <visible>!Control.IsVisible(50)</visible>
        </control>
        <include>Furniture_MovieInfoMediaFlags</include>
        <control type="image">
          <description>IMDB rating</description>
          <posx>411</posx>
          <posy>589</posy>
          <width>151</width>
          <height>30</height>
          <texture>stars/$INFO[ListItem.Rating].png</texture>
          <colordiffuse>FF7c7c7c</colordiffuse>
          <animation effect="slide" start="-58,0" end="-58,0" time="0" condition="Control.IsVisible(91) + Control.IsVisible(92) + !Control.IsVisible(93) + Control.IsVisible(94)">Conditional</animation>
          <animation effect="slide" start="-323,0" end="-323,0" time="0" condition="!Control.IsVisible(91) + !Control.IsVisible(92) + !Control.IsVisible(93) + Control.IsVisible(94)">Conditional</animation>
          <animation effect="slide" start="-302,0" end="-302,0" time="0" condition="Control.IsVisible(91) + !Control.IsVisible(92) + !Control.IsVisible(93) + !Control.IsVisible(94)">Conditional</animation>
          <animation effect="slide" start="-150,0" end="-150,0" time="0" condition="Control.IsVisible(91) + Control.IsVisible(92) + !Control.IsVisible(93) + !Control.IsVisible(94)">Conditional</animation>
          <animation effect="slide" start="-260,0" end="-260,0" time="0" condition="!Control.IsVisible(91) + Control.IsVisible(92) + !Control.IsVisible(93) + !Control.IsVisible(94)">Conditional</animation>
          <animation effect="slide" start="-88,0" end="-88,0" time="0" condition="Control.IsVisible(91) + Control.IsVisible(92) + Control.IsVisible(93) + !Control.IsVisible(94)">Conditional</animation>
          <animation effect="slide" start="-108,0" end="-108,0" time="0" condition="!Control.IsVisible(91) + Control.IsVisible(92) + Control.IsVisible(93) + Control.IsVisible(94)">Conditional</animation>
          <animation effect="slide" start="-200,0" end="-200,0" time="0" condition="!Control.IsVisible(91) + Control.IsVisible(92) + Control.IsVisible(93) + !Control.IsVisible(94)">Conditional</animation>
          <animation effect="slide" start="-407,0" end="-407,0" time="0" condition="![Control.IsVisible(91) | Control.IsVisible(92) | Control.IsVisible(93) | Control.IsVisible(94)]">Conditional</animation>
          <animation effect="slide" start="-261,0" end="-261,0" time="0" condition="!Control.IsVisible(91) + !Control.IsVisible(92) + Control.IsVisible(93) + Control.IsVisible(94)">Conditional</animation>
          <animation effect="slide" start="-148,0" end="-148,0" time="0" condition="Control.IsVisible(91) + !Control.IsVisible(92) + Control.IsVisible(93) + Control.IsVisible(94)">Conditional</animation>
          <animation effect="slide" start="-350,0" end="-350,0" time="0" condition="!Control.IsVisible(91) + !Control.IsVisible(92) + Control.IsVisible(93) + !Control.IsVisible(94)">Conditional</animation>
          <animation effect="slide" start="-238,0" end="-238,0" time="0" condition="Control.IsVisible(91) + !Control.IsVisible(92) + Control.IsVisible(93) + !Control.IsVisible(94)">Conditional</animation>
          <animation effect="slide" start="-177,0" end="-177,0" time="0" condition="!Control.IsVisible(91) + Control.IsVisible(92) + !Control.IsVisible(93) + Control.IsVisible(94)">Conditional</animation>
        </control>
      </control>
      <!-- TV Show info -->
      <control type="group">
        <posx>550</posx>
        <posy>45</posy>
        <width>695</width>
        <height>569</height>
        <visible>Container.Content(tvshows)</visible>
        <control type="image">
          <description>background image</description>
          <posx>0</posx>
          <posy>60</posy>
          <width>695</width>
          <height>569</height>
          <texture>info/info_panellines_movie.png</texture>
        </control>
        <control type="label">
          <description>Movie title</description>
          <posx>0</posx>
          <posy>-10</posy>
          <width>700</width>
          <font>Font_ShowcaseMainLabel2</font>
          <label>[UPPERCASE]$INFO[ListItem.Title][/UPPERCASE]</label>
          <textcolor>FFececec</textcolor>
        </control>
        <control type="label">
          <description>Movie year</description>
          <posx>181</posx>
          <posy>58</posy>
          <align>center</align>
          <width>109</width>
          <height>53</height>
          <aligny>center</aligny>
          <font>Font_OSDTitle2</font>
          <label fallback="-">$INFO[ListItem.Year]</label>
          <textcolor>FF868686</textcolor>
        </control>
        <control type="label">
          <description>Rating</description>
          <posx>3</posx>
          <posy>58</posy>
          <width>370</width>
          <align>left</align>
          <aligny>center</aligny>
          <font>Font_OSDTitle2</font>
          <label fallback="312577">[UPPERCASE]$INFO[ListItem.mpaa][/UPPERCASE]</label>
          <textcolor>FF868686</textcolor>
          <height>56</height>
        </control>
        <control type="label">
          <description>Genre</description>
          <posx>310</posx>
          <posy>58</posy>
          <width>370</width>
          <align>left</align>
          <aligny>center</aligny>
          <font>Font_Reg20</font>
          <label fallback="312577">[UPPERCASE]$INFO[ListItem.Genre][/UPPERCASE]</label>
          <textcolor>FF868686</textcolor>
          <height>56</height>
        </control>
        <control type="label">
          <description>Premiered</description>
          <posy>113</posy>
          <posx>3</posx>
          <width>110</width>
          <height>29</height>
          <align>left</align>
          <aligny>center</aligny>
          <font>Font_Info</font>
          <textcolor>FF868686</textcolor>
          <label>$LOCALIZE[312576]:</label>
        </control>
        <control type="label">
          <description>Rating</description>
          <posy>141</posy>
          <posx>3</posx>
          <width>110</width>
          <height>29</height>
          <align>left</align>
          <aligny>center</aligny>
          <font>Font_Info</font>
          <textcolor>FF868686</textcolor>
          <label>$LOCALIZE[563]:</label>
        </control>
        <control type="label">
          <description>Total Episodes</description>
          <posy>169</posy>
          <posx>3</posx>
          <width>110</width>
          <height>29</height>
          <align>left</align>
          <aligny>center</aligny>
          <font>Font_Info</font>
          <textcolor>FF868686</textcolor>
          <label>$LOCALIZE[16101]:</label>
        </control>
        <control type="label">
          <description>Starring:</description>
          <posy>197</posy>
          <posx>3</posx>
          <width>110</width>
          <height>29</height>
          <align>left</align>
          <aligny>center</aligny>
          <font>Font_Info</font>
          <textcolor>FF868686</textcolor>
          <label>$LOCALIZE[206]:</label>
        </control>
        <control type="label">
          <description>Premiered</description>
          <posy>113</posy>
          <posx>120</posx>
          <width>500</width>
          <height>29</height>
          <align>left</align>
          <aligny>center</aligny>
          <font>Font_Info</font>
          <textcolor>FFececec</textcolor>
          <label fallback="312577">$INFO[ListItem.Premiered]</label>
        </control>
        <control type="label">
          <description>Rating</description>
          <posy>142</posy>
          <posx>120</posx>
          <width>500</width>
          <height>29</height>
          <align>left</align>
          <aligny>center</aligny>
          <font>Font_Info</font>
          <textcolor>FFececec</textcolor>
          <label fallback="312577">$INFO[ListItem.Rating]</label>
        </control>
        <control type="label">
          <description>Episodes</description>
          <posy>170</posy>
          <posx>120</posx>
          <width>500</width>
          <height>29</height>
          <align>left</align>
          <aligny>center</aligny>
          <font>Font_Info</font>
          <textcolor>FFececec</textcolor>
          <label>$INFO[ListItem.Property(UnWatchedEpisodes)] ($INFO[ListItem.Property(TotalEpisodes)])</label>
        </control>
        <control type="textbox">
          <description>Cast</description>
          <posx>120</posx>
          <posy>198</posy>
          <width>500</width>
          <height>115</height>
          <align>left</align>
          <font>Font_Info</font>
          <label fallback="312577">$INFO[ListItem.CastAndRole]</label>
          <textcolor>FFececec</textcolor>
        </control>
        <control type="textbox">
          <description>Plot</description>
          <posx>3</posx>
          <posy>356</posy>
          <width>630</width>
          <height>212</height>
          <align>left</align>
          <font>Font_Info</font>
          <label fallback="312577">$INFO[ListItem.Plot]</label>
          <autoscroll delay="15000" time="1000" repeat="10000">Skin.HasSetting(AutoScroll)</autoscroll>
          <textcolor>FFececec</textcolor>
          <visible>!Control.IsVisible(50)</visible>
        </control>
        <control type="image">
          <description>IMDB rating</description>
          <posx>0</posx>
          <posy>575</posy>
          <width>90</width>
          <height>60</height>
          <texture>flags/studios/$INFO[ListItem.Studio].png</texture>
          <colordiffuse>FF7c7c7c</colordiffuse>
        </control>
        <control type="image">
          <description>IMDB rating</description>
          <posx>411</posx>
          <posy>589</posy>
          <width>151</width>
          <height>30</height>
          <texture>stars/$INFO[ListItem.Rating].png</texture>
          <colordiffuse>FF7c7c7c</colordiffuse>
          <animation effect="slide" start="-58,0" end="-58,0" time="0" condition="Control.IsVisible(91) + Control.IsVisible(92) + !Control.IsVisible(93) + Control.IsVisible(94)">Conditional</animation>
          <animation effect="slide" start="-323,0" end="-323,0" time="0" condition="!Control.IsVisible(91) + !Control.IsVisible(92) + !Control.IsVisible(93) + Control.IsVisible(94)">Conditional</animation>
          <animation effect="slide" start="-302,0" end="-302,0" time="0" condition="Control.IsVisible(91) + !Control.IsVisible(92) + !Control.IsVisible(93) + !Control.IsVisible(94)">Conditional</animation>
          <animation effect="slide" start="-150,0" end="-150,0" time="0" condition="Control.IsVisible(91) + Control.IsVisible(92) + !Control.IsVisible(93) + !Control.IsVisible(94)">Conditional</animation>
          <animation effect="slide" start="-260,0" end="-260,0" time="0" condition="!Control.IsVisible(91) + Control.IsVisible(92) + !Control.IsVisible(93) + !Control.IsVisible(94)">Conditional</animation>
          <animation effect="slide" start="-88,0" end="-88,0" time="0" condition="Control.IsVisible(91) + Control.IsVisible(92) + Control.IsVisible(93) + !Control.IsVisible(94)">Conditional</animation>
          <animation effect="slide" start="-108,0" end="-108,0" time="0" condition="!Control.IsVisible(91) + Control.IsVisible(92) + Control.IsVisible(93) + Control.IsVisible(94)">Conditional</animation>
          <animation effect="slide" start="-200,0" end="-200,0" time="0" condition="!Control.IsVisible(91) + Control.IsVisible(92) + Control.IsVisible(93) + !Control.IsVisible(94)">Conditional</animation>
          <animation effect="slide" start="-407,0" end="-407,0" time="0" condition="![Control.IsVisible(91) | Control.IsVisible(92) | Control.IsVisible(93) | Control.IsVisible(94)]">Conditional</animation>
          <animation effect="slide" start="-261,0" end="-261,0" time="0" condition="!Control.IsVisible(91) + !Control.IsVisible(92) + Control.IsVisible(93) + Control.IsVisible(94)">Conditional</animation>
          <animation effect="slide" start="-148,0" end="-148,0" time="0" condition="Control.IsVisible(91) + !Control.IsVisible(92) + Control.IsVisible(93) + Control.IsVisible(94)">Conditional</animation>
          <animation effect="slide" start="-350,0" end="-350,0" time="0" condition="!Control.IsVisible(91) + !Control.IsVisible(92) + Control.IsVisible(93) + !Control.IsVisible(94)">Conditional</animation>
          <animation effect="slide" start="-238,0" end="-238,0" time="0" condition="Control.IsVisible(91) + !Control.IsVisible(92) + Control.IsVisible(93) + !Control.IsVisible(94)">Conditional</animation>
          <animation effect="slide" start="-177,0" end="-177,0" time="0" condition="!Control.IsVisible(91) + Control.IsVisible(92) + !Control.IsVisible(93) + Control.IsVisible(94)">Conditional</animation>
        </control>
      </control>
      <!-- Episode info -->
      <control type="group">
        <posx>550</posx>
        <posy>45</posy>
        <width>695</width>
        <height>569</height>
        <visible>Container.Content(episodes)</visible>
        <control type="image">
          <description>background image</description>
          <posx>0</posx>
          <posy>60</posy>
          <width>695</width>
          <height>569</height>
          <texture>info/info_panellines_movie.png</texture>
        </control>
        <control type="label">
          <description>Rating</description>
          <posx>3</posx>
          <posy>58</posy>
          <width>370</width>
          <align>left</align>
          <aligny>center</aligny>
          <font>Font_OSDTitle2</font>
          <label fallback="312577">[UPPERCASE]$INFO[ListItem.mpaa][/UPPERCASE]</label>
          <textcolor>FF868686</textcolor>
          <height>56</height>
        </control>
        <control type="label">
          <description>Movie title</description>
          <posx>0</posx>
          <posy>-10</posy>
          <width>700</width>
          <font>Font_ShowcaseMainLabel2</font>
          <label>[UPPERCASE]$INFO[ListItem.Title][/UPPERCASE]</label>
          <textcolor>FFececec</textcolor>
          <animation effect="slide" start="0,30" end="0,30" condition="IsEmpty(ListItem.Tagline)">Conditional</animation>
        </control>
        <control type="label">
          <description>Tagline</description>
          <posx>0</posx>
          <posy>30</posy>
          <width>700</width>
          <font>Font_Reg20</font>
          <label>$INFO[ListItem.Tagline]</label>
          <textcolor>FFececec</textcolor>
        </control>
        <control type="label">
          <description>Movie year</description>
          <posx>181</posx>
          <posy>58</posy>
          <align>center</align>
          <width>109</width>
          <height>53</height>
          <aligny>center</aligny>
          <font>Font_OSDTitle2</font>
          <label fallback="-">$INFO[ListItem.Year]</label>
          <textcolor>FF868686</textcolor>
        </control>
        <control type="label">
          <description>Genre</description>
          <posx>310</posx>
          <posy>58</posy>
          <width>370</width>
          <align>left</align>
          <aligny>center</aligny>
          <font>Font_OSDTitle2</font>
          <label fallback="312577">$LOCALIZE[20359] [UPPERCASE]$INFO[ListItem.Episode][/UPPERCASE]</label>
          <textcolor>FF868686</textcolor>
          <height>56</height>
        </control>
        <control type="label">
          <description>Directed by:</description>
          <posy>113</posy>
          <posx>3</posx>
          <width>110</width>
          <height>29</height>
          <align>left</align>
          <aligny>center</aligny>
          <font>Font_Info</font>
          <textcolor>FF868686</textcolor>
          <label>$LOCALIZE[20339]:</label>
        </control>
        <control type="label">
          <description>Written by:</description>
          <posy>141</posy>
          <posx>3</posx>
          <width>110</width>
          <height>29</height>
          <align>left</align>
          <aligny>center</aligny>
          <font>Font_Info</font>
          <textcolor>FF868686</textcolor>
          <label>$LOCALIZE[20417]:</label>
        </control>
        <control type="label">
          <description>Duration:</description>
          <posy>169</posy>
          <posx>3</posx>
          <width>110</width>
          <height>29</height>
          <align>left</align>
          <aligny>center</aligny>
          <font>Font_Info</font>
          <textcolor>FF868686</textcolor>
          <label>$LOCALIZE[2050]:</label>
        </control>
        <control type="label">
          <description>Starring:</description>
          <posy>197</posy>
          <posx>3</posx>
          <width>110</width>
          <height>29</height>
          <align>left</align>
          <aligny>center</aligny>
          <font>Font_Info</font>
          <textcolor>FF868686</textcolor>
          <label>$LOCALIZE[206]:</label>
        </control>
        <control type="label">
          <description>Director</description>
          <posy>113</posy>
          <posx>120</posx>
          <width>500</width>
          <height>29</height>
          <align>left</align>
          <aligny>center</aligny>
          <font>Font_Info</font>
          <textcolor>FFececec</textcolor>
          <label fallback="312577">$INFO[ListItem.Director]</label>
        </control>
        <control type="label">
          <description>Writer</description>
          <posy>142</posy>
          <posx>120</posx>
          <width>500</width>
          <height>29</height>
          <align>left</align>
          <aligny>center</aligny>
          <font>Font_Info</font>
          <textcolor>FFececec</textcolor>
          <label fallback="312577">$INFO[ListItem.Writer]</label>
        </control>
        <control type="label">
          <description>Duration</description>
          <posy>170</posy>
          <posx>120</posx>
          <width>500</width>
          <height>29</height>
          <align>left</align>
          <aligny>center</aligny>
          <font>Font_Info</font>
          <textcolor>FFececec</textcolor>
          <label>$INFO[ListItem.Duration] $LOCALIZE[12391]</label>
          <visible>!IsEmpty(ListItem.Duration)</visible>
        </control>
        <control type="label">
          <description>Duration fallback</description>
          <posy>170</posy>
          <posx>120</posx>
          <width>500</width>
          <height>29</height>
          <align>left</align>
          <aligny>center</aligny>
          <font>Font_Info</font>
          <textcolor>FFececec</textcolor>
          <label>$LOCALIZE[312577]</label>
          <visible>IsEmpty(ListItem.Duration)</visible>
        </control>
        <control type="textbox">
          <description>Cast</description>
          <posx>120</posx>
          <posy>198</posy>
          <width>500</width>
          <height>115</height>
          <align>left</align>
          <font>Font_Info</font>
          <label fallback="312577">$INFO[ListItem.CastAndRole]</label>
          <textcolor>FFececec</textcolor>
        </control>
        <control type="textbox">
          <description>Plot</description>
          <posx>3</posx>
          <posy>356</posy>
          <width>630</width>
          <height>212</height>
          <align>left</align>
          <font>Font_Info</font>
          <label fallback="312577">$INFO[ListItem.Plot]</label>
          <autoscroll delay="15000" time="1000" repeat="10000">Skin.HasSetting(AutoScroll)</autoscroll>
          <textcolor>FFececec</textcolor>
          <visible>!Control.IsVisible(50)</visible>
        </control>
        <include>Furniture_MovieInfoMediaFlags</include>
        <control type="image">
          <description>IMDB rating</description>
          <posx>411</posx>
          <posy>589</posy>
          <width>151</width>
          <height>30</height>
          <texture>stars/$INFO[ListItem.Rating].png</texture>
          <colordiffuse>FF7c7c7c</colordiffuse>
          <animation effect="slide" start="-58,0" end="-58,0" time="0" condition="Control.IsVisible(91) + Control.IsVisible(92) + !Control.IsVisible(93) + Control.IsVisible(94)">Conditional</animation>
          <animation effect="slide" start="-323,0" end="-323,0" time="0" condition="!Control.IsVisible(91) + !Control.IsVisible(92) + !Control.IsVisible(93) + Control.IsVisible(94)">Conditional</animation>
          <animation effect="slide" start="-302,0" end="-302,0" time="0" condition="Control.IsVisible(91) + !Control.IsVisible(92) + !Control.IsVisible(93) + !Control.IsVisible(94)">Conditional</animation>
          <animation effect="slide" start="-150,0" end="-150,0" time="0" condition="Control.IsVisible(91) + Control.IsVisible(92) + !Control.IsVisible(93) + !Control.IsVisible(94)">Conditional</animation>
          <animation effect="slide" start="-260,0" end="-260,0" time="0" condition="!Control.IsVisible(91) + Control.IsVisible(92) + !Control.IsVisible(93) + !Control.IsVisible(94)">Conditional</animation>
          <animation effect="slide" start="-88,0" end="-88,0" time="0" condition="Control.IsVisible(91) + Control.IsVisible(92) + Control.IsVisible(93) + !Control.IsVisible(94)">Conditional</animation>
          <animation effect="slide" start="-108,0" end="-108,0" time="0" condition="!Control.IsVisible(91) + Control.IsVisible(92) + Control.IsVisible(93) + Control.IsVisible(94)">Conditional</animation>
          <animation effect="slide" start="-200,0" end="-200,0" time="0" condition="!Control.IsVisible(91) + Control.IsVisible(92) + Control.IsVisible(93) + !Control.IsVisible(94)">Conditional</animation>
          <animation effect="slide" start="-407,0" end="-407,0" time="0" condition="![Control.IsVisible(91) | Control.IsVisible(92) | Control.IsVisible(93) | Control.IsVisible(94)]">Conditional</animation>
          <animation effect="slide" start="-261,0" end="-261,0" time="0" condition="!Control.IsVisible(91) + !Control.IsVisible(92) + Control.IsVisible(93) + Control.IsVisible(94)">Conditional</animation>
          <animation effect="slide" start="-148,0" end="-148,0" time="0" condition="Control.IsVisible(91) + !Control.IsVisible(92) + Control.IsVisible(93) + Control.IsVisible(94)">Conditional</animation>
          <animation effect="slide" start="-350,0" end="-350,0" time="0" condition="!Control.IsVisible(91) + !Control.IsVisible(92) + Control.IsVisible(93) + !Control.IsVisible(94)">Conditional</animation>
          <animation effect="slide" start="-238,0" end="-238,0" time="0" condition="Control.IsVisible(91) + !Control.IsVisible(92) + Control.IsVisible(93) + !Control.IsVisible(94)">Conditional</animation>
          <animation effect="slide" start="-177,0" end="-177,0" time="0" condition="!Control.IsVisible(91) + Control.IsVisible(92) + !Control.IsVisible(93) + Control.IsVisible(94)">Conditional</animation>
        </control>
      </control>
      <control type="grouplist" id="9000">
        <posx>548</posx>
        <posy>369</posy>
        <width>770</width>
        <height>29</height>
        <itemgap>2</itemgap>
        <align>left</align>
        <orientation>horizontal</orientation>
        <onleft>9000</onleft>
        <onright>9000</onright>
        <onup>49</onup>
        <ondown>50</ondown>
        <control type="togglebutton" id="8">
          <description>Play/browse to Show</description>
          <include>Objects_FSInfoButton</include>
          <label>$LOCALIZE[208]</label>
          <altlabel>1024</altlabel>
          <visible>!Container.Content(Movies) | [Container.Content(Movies) + !system.hasaddon(script.cinema.experience)] | [Container.Content(Movies) + SubString(Container.FolderPath,plugin)]</visible>
        </control>
        <control type="button" id="19">
          <description>Play/browse to Show</description>
          <include>Objects_FSInfoButton</include>
          <label>$LOCALIZE[208]</label>
          <onclick>Playlist.Clear</onclick>
          <onclick>Dialog.Close(MovieInformation)</onclick>
          <onclick>XBMC.RunScript(script.cinema.experience)</onclick>
          <visible>Container.Content(Movies) + system.hasaddon(script.cinema.experience) + !SubString(Container.FolderPath,plugin)</visible>
        </control>
        <control type="button" id="5">
          <description>Cast/Review</description>
          <include>Objects_FSInfoButton</include>
          <label>$LOCALIZE[206]</label>
        </control>
        <control type="button" id="6">
          <description>Refresh</description>
          <include>Objects_FSInfoButton</include>
          <label>$LOCALIZE[184]</label>
        </control>
        <control type="button" id="10">
          <description>Get Thumb</description>
          <include>Objects_FSInfoButton</include>
          <label>$LOCALIZE[13405]</label>
        </control>
        <control type="button" id="12">
          <description>Get Fanart</description>
          <include>Objects_FSInfoButton</include>
          <label>$LOCALIZE[20413]</label>
        </control>
        <control type="button" id="11">
          <description>Play Trailer</description>
          <include>Objects_FSInfoButton</include>
          <label>$LOCALIZE[20410]</label>
          <visible>!IsEmpty(ListItem.Trailer)</visible>
        </control>
       </control>
      <control type="image">
        <description>Actor image</description>
        <posx>550</posx>
        <posy>410</posy>
        <width>200</width>
        <height>200</height>
        <texture>$INFO[Container(50).Listitem.Icon]</texture>
        <aspectratio>keep</aspectratio>
        <visible>Control.IsVisible(50)</visible>
      </control>
      <control type="panel" id="50">
        <posx>750</posx>
        <posy>400</posy>
        <width>370</width>
        <height>206</height>
        <onleft>9000</onleft>
        <onright>61</onright>
        <onup>61</onup>
        <ondown>9000</ondown>
        <viewtype label="">list</viewtype>
        <pagecontrol>61</pagecontrol>
        <scrolltime>200</scrolltime>
        <orientation>vertical</orientation>
        <itemlayout height="30" width="430">
        <control type="label">
            <posx>10</posx>
            <posy>0</posy>
            <width>410</width>
            <height>30</height>
            <font>Font_Info</font>
            <align>left</align>
            <aligny>center</aligny>
            <textcolor>FF868686</textcolor>
            <info>ListItem.Label</info>
          </control>
        </itemlayout>
        <focusedlayout height="30" width="430">
          <control type="label">
            <posx>10</posx>
            <posy>0</posy>
            <width>410</width>
            <height>30</height>
            <font>Font_Info</font>
            <align>left</align>
            <aligny>center</aligny>
            <selectedcolor>white</selectedcolor>
            <info>ListItem.Label</info>
          </control>
        </focusedlayout>
      </control>
			</control>
	</controls>
</window>
