<window id="135">
  <defaultcontrol>9000</defaultcontrol>
 
  <include>Animation_CommonFade</include>
  <controls>

    <control type="image">
      <posx>0</posx>
      <posy>0</posy>
      <width>1280</width>
      <height>720</height>
      <texture>common/darkgrey.png</texture>
    </control>

    <control type="image">
      <posx>0</posx>
      <posy>83</posy>
      <width>580</width>
      <height>637</height>
      <texture>info/musicinfogradient.png</texture>
    </control>

    <control type="group">
      <posx>55</posx>
      <animation effect="rotatey" time="0" start="-20" end="-20" center="20,0" condition="true">Conditional</animation>
      <animation effect="slide" start="430" end="0" time="700" tween="cubic" easing="out" delay="400">WindowOpen</animation>
      <control type="image">
        <description>Cover image</description>
        <width>370</width>
        <height>400</height>
        <posy>160</posy>
        <texture>$INFO[listitem.thumb]</texture>
        <bordertexture border="-77">info/musicinfoshadow.png</bordertexture>
        <aspectratio>stretch</aspectratio>
      </control>
      <control type="image">
        <description>Cover image</description>
        <posy>560</posy>
        <width>370</width>
        <height>400</height>
        <texture flipy="true" diffuse="thumbs/Thumb_Mask6.png">$INFO[listitem.thumb]</texture>
        <aspectratio>stretch</aspectratio>
      </control>
    </control>

    <control type="image">
      <description>background image</description>
      <posx>508</posx>
      <posy>0</posy>
      <width>772</width>
      <height>720</height>
      <texture>info/info_rightpanelbottom.png</texture>
      <visible>IsEmpty(listitem.property(fanart_image))</visible>
    </control>
    <control type="largeimage">
      <posx>508</posx>
      <posy>0</posy>
      <width>772</width>
      <height>720</height>
      <fadetime>500</fadetime>
      <texture>$INFO[Listitem.Property(Fanart_Image)]</texture>
      <aspectratio>scale</aspectratio>
    </control>
    <control type="image">
      <description>background image</description>
      <posx>508</posx>
      <posy>0</posy>
      <width>772</width>
      <height>720</height>
      <texture>info/info_rightpaneltop.png</texture>
    </control>

    <control type="group">
      <posx>550</posx>
      <posy>45</posy>
      <width>695</width>
      <height>569</height>

      <control type="image">
        <description>background image</description>
        <posx>0</posx>
        <posy>60</posy>
        <width>695</width>
        <height>560</height>
        <texture>info/info_music_panellines.png</texture>
      </control>

      <control type="label">
        <description>Song title</description>
        <posx>0</posx>
        <posy>0</posy>
        <width>700</width>
        <font>Font_ShowcaseMainLabel2</font>
        <label>[UPPERCASE]$INFO[ListItem.Title][/UPPERCASE]</label>
	<textcolor>FFececec</textcolor>
      </control>

      <control type="label">
        <description>Artist title</description>
        <posx>0</posx>
        <posy>64</posy>
        <width>700</width>
        <font>Font_ShowcaseMainLabel2</font>
        <label>$INFO[ListItem.Artist]</label>
	<textcolor>FFececec</textcolor>
      </control>

      <control type="label">
        <description>Year</description>
        <posx>0</posx>
        <posy>99</posy>
        <width>96</width>
        <height>53</height>
        <align>left</align>
        <aligny>center</aligny>
        <font>Font_OSDTitle2</font>
        <label fallback="-">$INFO[ListItem.Year]</label>
	<textcolor>FF868686</textcolor>
        <animation effect="slide" start="40,0" end="40,0" time="0" condition="IsEmpty(ListItem.Year)">Conditional</animation>
      </control>

      <control type="label">
        <description>Genre</description>
        <posx>113</posx>
        <posy>99</posy>
        <width>370</width>
        <align>left</align>
        <aligny>center</aligny>
        <font>Font_ShowcaseMainLabel2</font>
        <label fallback="312577">[UPPERCASE]$INFO[ListItem.Genre][/UPPERCASE]</label>
        <textcolor>FF868686</textcolor>
        <height>56</height>
      </control>

      <control type="label">
        <description>Track:</description>
        <posy>154</posy>
        <label>554</label>
        <posx>3</posx>
        <width>110</width>
        <height>29</height>
        <align>left</align>
        <aligny>center</aligny>
        <font>Font_Info</font>
        <textcolor>FF868686</textcolor>
      </control>

      <control type="label">
        <description>Duration:</description>
        <posy>183</posy>
        <label>180</label>
        <posx>3</posx>
        <width>110</width>
        <height>29</height>
        <align>left</align>
        <aligny>center</aligny>
        <font>Font_Info</font>
        <textcolor>FF868686</textcolor>
      </control>

      <control type="label">
        <description>Track value</description>
        <posy>154</posy>
        <label fallback="312577">$INFO[ListItem.TrackNumber]</label>
        <posx>120</posx>
        <width>500</width>
        <height>29</height>
        <align>left</align>
        <aligny>center</aligny>
        <font>Font_Info</font>
        <textcolor>FFececec</textcolor>
      </control>

      <control type="label">
        <description>Duration value</description>
        <posy>183</posy>
        <label fallback="312577">$INFO[ListItem.Duration]</label>
        <posx>120</posx>
        <width>500</width>
        <height>29</height>
        <align>left</align>
        <aligny>center</aligny>
        <font>Font_Info</font>
        <textcolor>FFececec</textcolor>
      </control>

      <control type="grouplist" id="9000">
        <posx>3</posx>
        <posy>222</posy>
        <width>570</width>
        <height>29</height>
        <texturenofocus>-</texturenofocus>
        <texturefocus>-</texturefocus>
        <alttexturenofocus>-</alttexturenofocus>
        <alttexturefocus>-</alttexturefocus>
        <pulseonselect>false</pulseonselect>
        <textcolor>FF868686</textcolor>
        <disabledcolor>3cFFFFFF</disabledcolor>
        <textoffsetx>0</textoffsetx>
        <orientation>horizontal</orientation>
        <align>left</align>
        <font>Font_Reg22</font>
        <control type="button" id="12">
          <label>10523</label>
          <include>Objects_FSInfoButton</include>
          <onup>IncreaseRating</onup>
          <ondown>DecreaseRating</ondown>
        </control>

        <control type="button" id="13">
          <label>$LOCALIZE[13405]</label>
          <include>Objects_FSInfoButton</include>
          <onup>IncreaseRating</onup>
          <ondown>DecreaseRating</ondown>
          <visible>!Skin.HasSetting(kiosk)</visible>
        </control>

        <control type="button" id="10">
          <label>12321</label>
          <include>Objects_FSInfoButton</include>
          <onup>IncreaseRating</onup>
          <ondown>DecreaseRating</ondown>
        </control>

        <control type="button" id="11">
          <label>222</label>
          <include>Objects_FSInfoButton</include>
          <onup>IncreaseRating</onup>
          <ondown>DecreaseRating</ondown>
        </control>
      </control>

      <control type="textbox" id="4">
        <description>Comment</description>
        <posx>3</posx>
        <posy>264</posy>
        <width>630</width>
        <height>262</height>
        <align>left</align>
        <font>Font_FSInfoPlot</font>
        <autoscroll delay="3000" time="1000" repeat="10000">Skin.HasSetting(allowscroll)</autoscroll>
        <label fallback="31428">$INFO[ListItem.Comment]</label>
	<textcolor>FFececec</textcolor>
      </control>

      <control type="label">
        <description>Rating instruction</description>
        <posy>525</posy>
        <width>800</width>
        <label>31431</label>
        <include>Objects_FSInfoLabel</include>
      </control>

      <control type="label">
        <description>Rating:</description>
        <posx>3</posx>
        <posy>576</posy>
        <width>110</width>
        <height>29</height>
        <align>left</align>
        <font>Font_FSIMDB</font>
        <label>31417</label>
	<textcolor>FF868686</textcolor>
      </control>

      <control type="image">
        <description>Star rating</description>
        <posx>76</posx>
        <posy>566</posy>
        <width>201</width>
        <height>43</height>
        <info>ListItem.StarRating</info>
      </control>

    </control>

    <!--<include>Background_ContextBlack</include>-->

  </controls>
</window>