<?xml version="1.0"?>
<includes>
  <include name="Media_Menu">
    <control type="group" id="9000">
      <animation effect="zoom" start="0" end="100" time="300">Visible</animation>
      <animation effect="zoom" start="100" end="0" time="300">Hidden</animation>
      <control type="image" id="74">
        <posx>0</posx>
        <posy>0</posy>
        <width>1280</width>
        <height>720</height>
        <colordiffuse>AAFFFFFF</colordiffuse>
        <texture>common/black.png</texture>
        <visible>ControlGroup(9010).HasFocus|ControlGroup(9003).HasFocus</visible>
        <animation effect="fade" start="0" end="100" time="3000">Visible</animation>
        <animation effect="fade" start="100" end="0" time="300">Hidden</animation>
      </control>
      <control type="image">
        <posx>440</posx>
        <posy>213</posy>
        <width>400</width>
        <height>270</height>
        <texture>views/listpanel_back_noreflect.png</texture>
        <visible>ControlGroup(9010).HasFocus|ControlGroup(9003).HasFocus</visible>
      </control>
      <control type="label">
        <posx>1200</posx>
        <posy>14</posy>
        <height>25</height>
        <label>$INFO[System.Time]</label>
        <font>Font_Reg24</font>
        <textcolor>d0FFFFFF</textcolor>
        <align>right</align>
        <aligny>center</aligny>
        <visible>ControlGroup(9010).HasFocus|ControlGroup(9003).HasFocus</visible>
      </control>
      <control type="group">
        <visible>!Player.Playing</visible>
      <control type="group">
        <visible>Window.IsActive(2)</visible>
        <visible allowhiddenfocus="true">ControlGroup(9003).HasFocus|ControlGroup(9010).HasFocus</visible>
        <control type="image">
          <posx>49</posx>
          <posy>13</posy>
          <width>44</width>
          <height>30</height>
          <texture>common/logo_pics.png</texture>
        </control>
        <control type="label">
          <posx>111</posx>
          <posy>14</posy>
          <height>25</height>
          <label>[UPPERCASE]$LOCALIZE[1][/UPPERCASE]</label>
          <font>Font_Reg24</font>
          <textcolor>d0FFFFFF</textcolor>
          <align>left</align>
          <aligny>center</aligny>
        </control>
      </control>
      <control type="group">
        <visible>Window.IsActive(40)</visible>
        <visible allowhiddenfocus="true">ControlGroup(9003).HasFocus|ControlGroup(9010).HasFocus</visible>
        <control type="image">
          <posx>49</posx>
          <posy>13</posy>
          <width>53</width>
          <height>30</height>
          <texture>common/logo_games.png</texture>
        </control>
        <control type="label">
          <posx>111</posx>
          <posy>14</posy>
          <height>25</height>
          <label>[UPPERCASE]$LOCALIZE[24001][/UPPERCASE]</label>
          <font>Font_Reg24</font>
          <textcolor>d0FFFFFF</textcolor>
          <align>left</align>
          <aligny>center</aligny>
        </control>
      </control>
      <control type="group">
        <visible>Window.IsActive(25)|Window.IsActive(24)</visible>
        <visible allowhiddenfocus="true">ControlGroup(9003).HasFocus|ControlGroup(9010).HasFocus</visible>
        <control type="image">
          <posx>49</posx>
          <posy>13</posy>
          <width>44</width>
          <height>30</height>
          <texture>common/logo_movies.png</texture>
        </control>
        <control type="label">
          <posx>111</posx>
          <posy>14</posy>
          <height>25</height>
          <label>[UPPERCASE]$LOCALIZE[3][/UPPERCASE]</label>
          <font>Font_Reg24</font>
          <textcolor>d0FFFFFF</textcolor>
          <align>left</align>
          <aligny>center</aligny>
          <visible>Window.IsActive(24)</visible>
        </control>
        <control type="label">
          <posx>111</posx>
          <posy>14</posy>
          <height>25</height>
          <label>[UPPERCASE]$LOCALIZE[20342][/UPPERCASE]</label>
          <font>Font_Reg24</font>
          <textcolor>d0FFFFFF</textcolor>
          <align>left</align>
          <aligny>center</aligny>
          <visible>Window.IsActive(25)+Container.Content(movies)</visible>
        </control>
        <control type="label">
          <posx>111</posx>
          <posy>14</posy>
          <height>25</height>
          <label>[UPPERCASE]$LOCALIZE[20343][/UPPERCASE]</label>
          <font>Font_Reg24</font>
          <textcolor>d0FFFFFF</textcolor>
          <align>left</align>
          <aligny>center</aligny>
          <visible>Window.IsActive(25)+Container.Content(tvshows)</visible>
        </control>
        <control type="label">
          <posx>111</posx>
          <posy>14</posy>
          <height>25</height>
          <label>[UPPERCASE][UPPERCASE]$LOCALIZE[20343] • $LOCALIZE[20373][/UPPERCASE]</label>
          <font>Font_Reg24</font>
          <textcolor>d0FFFFFF</textcolor>
          <align>left</align>
          <aligny>center</aligny>
          <visible>Window.IsActive(25)+Container.Content(seasons)</visible>
        </control>
        <control type="label">
          <posx>111</posx>
          <posy>14</posy>
          <height>25</height>
          <label>[UPPERCASE]$INFO[ListItem.TVShowTitle] • $LOCALIZE[20373] $INFO[ListItem.Season][/UPPERCASE]</label>
          <font>Font_Reg24</font>
          <textcolor>d0FFFFFF</textcolor>
          <align>left</align>
          <aligny>center</aligny>
          <visible>Window.IsActive(25)+Container.Content(episodes)</visible>
        </control>

      </control>
      <control type="group">
        <visible>Window.IsActive(502)</visible>
        <visible allowhiddenfocus="true">ControlGroup(9003).HasFocus|ControlGroup(9010).HasFocus</visible>

        <control type="image">
          <posx>49</posx>
          <posy>13</posy>
          <width>44</width>
          <height>30</height>
          <texture>common/logo_music.png</texture>
        </control>
        <control type="label">
          <posx>111</posx>
          <posy>14</posy>
          <height>25</height>
          <label>[UPPERCASE]$LOCALIZE[132][/UPPERCASE]</label>
          <font>Font_Reg24</font>
          <textcolor>d0FFFFFF</textcolor>
          <align>left</align>
          <aligny>center</aligny>
          <visible>Container.Content(albums)</visible>
        </control>
        <control type="label">
          <posx>111</posx>
          <posy>14</posy>
          <height>25</height>
          <label>[UPPERCASE]$INFO[ListItem.Artist] • $INFO[ListItem.Album][/UPPERCASE]</label>
          <font>Font_Reg24</font>
          <textcolor>d0FFFFFF</textcolor>
          <align>left</align>
          <aligny>center</aligny>
          <visible>Container.Content(songs)</visible>
        </control>
      </control>
      </control>
      <control type="grouplist" id="9003">
        <posx>445</posx>
        <posy>226</posy>
        <width>185</width>
        <height>295</height>
        <itemgap>0</itemgap>
        <orientation>vertical</orientation>
        <scroll>true</scroll>
        <onleft>SetFocus(50)</onleft>
        <onright>9010</onright>
        <onup>9003</onup>
        <ondown>9003</ondown>
        <include>Animation_CommonFade</include>
        <visible allowhiddenfocus="true">ControlGroup(9003).HasFocus|ControlGroup(9010).HasFocus</visible>

        <control type="button" id="2">
          <description>View As button</description>
          <include>Objects_MediaMenuButton</include>
          <label>-</label>
        </control>
        <control type="button" id="3">
          <description>Sort by button</description>
          <include>Objects_MediaMenuButton</include>
          <label>103</label>
        </control>
        <control type="togglebutton" id="4">
          <description>Sort asc</description>
          <label>Sort: Ascending</label>
          <altlabel>Sort: Descending</altlabel>
          <aligny>center</aligny>
          <include>Objects_MediaMenuButton</include>
        </control>
        <control type="radiobutton" id ="5">
          <description>Enable auto-updates</description>
          <include>Objects_MediaMenuButton</include>
          <radiowidth>65</radiowidth>
          <radioheight>65</radioheight>
          <radioposx>125</radioposx>
          <label>24063</label>
          <visible>Window.IsActive(Addonbrowser)</visible>
        </control>
        <control type="radiobutton" id ="6">
          <description>No notifications</description>
          <include>Objects_MediaMenuButton</include>
          <radiowidth>65</radiowidth>
          <radioheight>65</radioheight>
          <radioposx>125</radioposx>
          <label>25000</label>
          <visible>Window.IsActive(Addonbrowser)</visible>
        </control>
        <control type="radiobutton" id="20">
          <description>Shuffle button</description>
          <include>Objects_MediaMenuButton</include>
          <radiowidth>65</radiowidth>
          <radioheight>65</radioheight>
          <radioposx>125</radioposx>
          <label>191</label>
          <visible>Window.IsActive(500)</visible>
        </control>
        <control type="button" id="26">
          <description>Repeat button</description>
          <include>Objects_MediaMenuButton</include>
          <radiowidth>65</radiowidth>
          <radioheight>65</radioheight>
          <radioposx>125</radioposx>
          <label>-</label>
          <visible>Window.IsActive(500)</visible>
        </control>
        <control type="button" id="21">
          <description>Save button</description>
          <label>190</label>
          <include>Objects_MediaMenuButton</include>
          <radiowidth>65</radiowidth>
          <radioheight>65</radioheight>
          <radioposx>125</radioposx>
          <visible>Window.IsActive(500)</visible>
        </control>
        <control type="button" id="22">
          <description>Clear button</description>
          <label>192</label>
          <onclick>ReplaceWindow(music)</onclick>
          <include>Objects_MediaMenuButton</include>
          <radiowidth>65</radiowidth>
          <radioheight>65</radioheight>
          <radioposx>125</radioposx>
          <visible>Window.IsActive(500)</visible>
        </control>
        <control type="radiobutton" id="99">
          <description>Library button</description>
          <label>$LOCALIZE[29800]</label>
          <onclick>ReplaceWindow(VideoFiles)</onclick>
          <selected>Window.IsVisible(VideoLibrary)</selected>
          <include>Objects_MediaMenuButton</include>
          <radiowidth>65</radiowidth>
          <radioheight>65</radioheight>
          <radioposx>125</radioposx>
          <onup>SetFocus(4)</onup>
          <visible>Window.IsActive(VideoLibrary)</visible>
        </control>
        <control type="radiobutton" id="100">
          <description>Library button</description>
          <include>Objects_MediaMenuButton</include>
          <label>$LOCALIZE[29800]</label>
          <onclick>ReplaceWindow(MusicFiles)</onclick>
          <selected>Window.IsVisible(MusicLibrary)</selected>
          <radioposx>125</radioposx>
          <radiowidth>65</radiowidth>
          <radioheight>65</radioheight>
          <onup>SetFocus(4)</onup>
          <visible>Window.IsActive(MusicLibrary)</visible>
        </control>
        <control type="radiobutton" id="101">
          <description>Library button</description>
          <label>$LOCALIZE[29800]</label>
          <onclick>ReplaceWindow(VideoLibrary)</onclick>
          <selected>Window.IsVisible(VideoLibrary)</selected>
          <include>Objects_MediaMenuButton</include>
          <radiowidth>65</radiowidth>
          <radioheight>65</radioheight>
          <radioposx>125</radioposx>
          <visible>Window.IsActive(VideoFiles)</visible>
        </control>
        <control type="radiobutton" id="102">
          <description>Library button</description>
          <include>Objects_MediaMenuButton</include>
          <label>$LOCALIZE[29800]</label>
          <onclick>ReplaceWindow(MusicLibrary)</onclick>
          <selected>Window.IsVisible(MusicLibrary)</selected>
          <radioposx>125</radioposx>
          <radiowidth>65</radiowidth>
          <onup>SetFocus(4)</onup>
          <radioheight>65</radioheight>
          <visible>Window.IsActive(MusicFiles)</visible>
        </control>
        <control type="radiobutton" id="16">
          <description>PartyMode</description>
          <label>589</label>
          <include>Objects_MediaMenuButton</include>
          <radiowidth>65</radiowidth>
          <radioheight>65</radioheight>
          <radioposx>125</radioposx>
          <visible>!Window.IsActive(Addonbrowser)</visible>
        </control>
        <control type="radiobutton" id="19">
          <description>Filter</description>
          <radiowidth>65</radiowidth>
          <radioheight>65</radioheight>
          <radioposx>125</radioposx>
          <include>Objects_MediaMenuButton</include>
          <label>587</label>
          <visible>!Window.IsActive(Addonbrowser)</visible>
        </control>
        <control type="button" id="8">
          <description>Search</description>
          <include>Objects_MediaMenuButton</include>
          <label>137</label>
          <visible>!Window.IsActive(Addonbrowser)</visible>
        </control>
      </control>

      <control type="grouplist" id="9010">
        <posx>650</posx>
        <posy>226</posy>
        <width>185</width>
        <height>295</height>
        <itemgap>0</itemgap>
        <orientation>vertical</orientation>
        <scroll>false</scroll>
        <onup>9010</onup>
        <ondown>9010</ondown>
        <onleft>9003</onleft>
        <onright>SetFocus(50)</onright>
        <include>Animation_CommonFade</include>
        <visible allowhiddenfocus="true">ControlGroup(9003).HasFocus|ControlGroup(9010).HasFocus</visible>
        <control type="radiobutton" id="14">
          <description>Watched Toggle</description>
          <radiowidth>65</radiowidth>
          <radioheight>65</radioheight>
          <radioposx>125</radioposx>
          <include>Objects_MediaMenuButton2</include>
          <label>20367</label>
          <visible>Window.IsActive(25)</visible>
        </control>
        <control type="radiobutton" id="17">
          <description>Flatten</description>
          <radiowidth>65</radiowidth>
          <radioheight>65</radioheight>
          <radioposx>125</radioposx>
          <include>Objects_MediaMenuButton2</include>
          <label>20411</label>
          <visible>!Window.IsActive(Addonbrowser)</visible>
        </control>
        <control type="radiobutton" id="11">
          <description>Unlock Shares</description>
          <radiowidth>65</radiowidth>
          <radioheight>65</radioheight>
          <radioposx>125</radioposx>
          <include>Objects_MediaMenuButton2</include>
          <label>20336</label>
          <onclick>xbmc.mastermode</onclick>
          <selected>system.ismaster</selected>
          <visible>system.haslocks</visible>
        </control>
        <control type="radiobutton" id="228">
          <description>Toggle Fanart</description>
          <radiowidth>65</radiowidth>
          <radioheight>65</radioheight>
          <radioposx>125</radioposx>
          <include>Objects_MediaMenuButton2</include>
          <label>Slim List</label>
          <onclick>Skin.ToggleSetting(sliminfolist)</onclick>
          <selected>Skin.HasSetting(sliminfolist)</selected>
          <visible>Control.IsVisible(505)</visible>
        </control>
        <control type="radiobutton" id="206">
          <description>Toggle MoviesFanart</description>
          <radiowidth>65</radiowidth>
          <radioheight>65</radioheight>
          <radioposx>125</radioposx>
          <include>Objects_MediaMenuButton2</include>
          <label>Infopanel</label>
          <onclick>Skin.ToggleSetting(showcaseinfoon)</onclick>
          <selected>Skin.HasSetting(showcaseinfoon)</selected>
          <visible>[Control.IsVisible(501)|Control.IsVisible(504)]+Container.Content(movies)</visible>
        </control>
        <control type="radiobutton" id="207">
          <description>Toggle MoviesFanart</description>
          <radiowidth>65</radiowidth>
          <radioheight>65</radioheight>
          <radioposx>125</radioposx>
          <include>Objects_MediaMenuButton2</include>
          <label>Infopanel</label>
          <onclick>Skin.ToggleSetting(showcaseinfoontv)</onclick>
          <selected>Skin.HasSetting(showcaseinfoontv)</selected>
          <visible>[Control.IsVisible(501)|Control.IsVisible(504)]+Container.Content(tvshows)</visible>
        </control>
        <control type="radiobutton" id="226">
          <description>Toggle Fanart</description>
          <radiowidth>65</radiowidth>
          <radioheight>65</radioheight>
          <radioposx>125</radioposx>
          <include>Objects_MediaMenuButton2</include>
          <label>Auto Hide</label>
          <onclick>Skin.ToggleSetting(infopaneauto)</onclick>
          <selected>Skin.HasSetting(infopaneauto)</selected>
          <visible>[Control.IsVisible(501)|Control.IsVisible(504)|Control.isVisible(503)]+Container.Content(movies)+Skin.HasSetting(showcaseinfoon)</visible>
        </control>
        <control type="radiobutton" id="227">
          <description>Toggle Fanart</description>
          <radiowidth>65</radiowidth>
          <radioheight>65</radioheight>
          <radioposx>125</radioposx>
          <include>Objects_MediaMenuButton2</include>
          <label>Auto Hide</label>
          <onclick>Skin.ToggleSetting(infopaneautotv)</onclick>
          <selected>Skin.HasSetting(infopaneautotv)</selected>
          <visible>[Control.IsVisible(501)|Control.IsVisible(504)|Control.isVisible(503)]+Container.Content(tvshows)+Skin.HasSetting(showcaseinfoontv)</visible>
        </control>
        <control type="radiobutton" id="201">
          <description>Toggle MoviesFanart</description>
          <radiowidth>65</radiowidth>
          <radioheight>65</radioheight>
          <radioposx>125</radioposx>
          <include>Objects_MediaMenuButton2</include>
          <label>31307</label>
          <onclick>Skin.ToggleSetting(VideoLibraryMovieFanart)</onclick>
          <selected>Skin.HasSetting(VideoLibraryMovieFanart)</selected>
          <visible>Container.Content(Movies) + !Control.IsVisible(508)+!Control.IsVisible(500)</visible>
        </control>
        <control type="radiobutton" id="202">
          <description>Toggle TVShow Fanart</description>
          <radiowidth>65</radiowidth>
          <radioheight>65</radioheight>
          <radioposx>125</radioposx>
          <include>Objects_MediaMenuButton2</include>
          <label>31307</label>
          <onclick>Skin.ToggleSetting(VideoLibraryTVFanart)</onclick>
          <selected>Skin.HasSetting(VideoLibraryTVFanart)</selected>
          <visible>[Container.Content(TVShows) | Container.Content(Seasons) | Container.Content(Episodes)]+!Control.IsVisible(500)</visible>
        </control>
        <control type="radiobutton" id="203">
          <description>Toggle MusicVideo Fanart</description>
          <radiowidth>65</radiowidth>
          <radioheight>65</radioheight>
          <radioposx>125</radioposx>
          <include>Objects_MediaMenuButton2</include>
          <label>31307</label>
          <onclick>Skin.ToggleSetting(VideoLibraryMusicVideoFanart)</onclick>
          <selected>Skin.HasSetting(VideoLibraryMusicVideoFanart)</selected>
          <visible>Window.IsActive(25)+[Container.Content(MusicVideos) | Container.Content(Artists) | Container.Content(Albums)]</visible>
        </control>
        <control type="radiobutton" id="204">
          <description>Toggle Fanart</description>
          <radiowidth>65</radiowidth>
          <radioheight>65</radioheight>
          <radioposx>125</radioposx>
          <include>Objects_MediaMenuButton2</include>
          <label>No CoverFlow</label>
          <onclick>Skin.ToggleSetting(noflow)</onclick>
          <selected>Skin.HasSetting(noflow)</selected>
          <visible>Control.IsVisible(501)</visible>
        </control>
        <control type="radiobutton" id="205">
          <radiowidth>65</radiowidth>
          <radioheight>65</radioheight>
          <radioposx>125</radioposx>
          <description>Toggle Fanart View Media Info</description>
          <include>Objects_MediaMenuButton2</include>
          <label>No CoverFlow</label>
          <onclick>Skin.ToggleSetting(noflowdvd)</onclick>
          <selected>Skin.HasSetting(noflowdvd)</selected>
          <visible>Control.IsVisible(504)</visible>
        </control>
        <control type="radiobutton" id="223">
          <description>Toggle Fanart</description>
          <radiowidth>65</radiowidth>
          <radioheight>65</radioheight>
          <radioposx>125</radioposx>
          <include>Objects_MediaMenuButton2</include>
          <label>No CoverFlow</label>
          <onclick>Skin.ToggleSetting(noflowalbum)</onclick>
          <selected>Skin.HasSetting(noflowalbum)</selected>
          <visible>Control.IsVisible(509)</visible>
        </control>
        <control type="radiobutton" id="225">
          <description>Toggle Fanart</description>
          <radiowidth>65</radiowidth>
          <radioheight>65</radioheight>
          <radioposx>125</radioposx>
          <include>Objects_MediaMenuButton2</include>
          <label>No CoverFlow</label>
          <onclick>Skin.ToggleSetting(noflowalbumdvd)</onclick>
          <selected>Skin.HasSetting(noflowalbumdvd)</selected>
          <visible>Control.IsVisible(513)</visible>
        </control>
       
        <control type="radiobutton" id="208">
          <description>Toggle Fanart</description>
          <textwidth>170</textwidth>
          <include>Objects_MediaMenuButton2</include>
          <label>31307</label>
          <onclick>Skin.ToggleSetting(MusicLibraryFanart)</onclick>
          <selected>Skin.HasSetting(MusicLibraryFanart)</selected>
          <visible>Window.IsActive(502)+!Control.IsVisible(500)</visible>
          <radiowidth>65</radiowidth>
          <radioheight>65</radioheight>
          <radioposx>125</radioposx>
        </control>
        <control type="radiobutton" id="209">
          <description>Toggle Fanart</description>
          <textwidth>170</textwidth>
          <include>Objects_MediaMenuButton2</include>
          <label>31318</label>
          <onclick>Skin.ToggleSetting(MusicLibraryFanartView512)</onclick>
          <selected>!Skin.HasSetting(MusicLibraryFanartView512)</selected>
          <visible>Window.IsActive(502)+Control.IsVisible(512) + Container.Content(Artists)</visible>
          <radiowidth>65</radiowidth>
          <radioheight>65</radioheight>
          <radioposx>125</radioposx>
        </control>
        <control type="radiobutton" id="210">
          <description>Toggle Listpanel thin</description>
          <textwidth>170</textwidth>
          <include>Objects_MediaMenuButton2</include>
          <label>Thin Panel</label>
          <onclick>Skin.ToggleSetting(listpanelthin)</onclick>
          <selected>Skin.HasSetting(listpanelthin)</selected>
          <visible>Control.IsVisible(50)|Control.IsVisible(505)|Control.IsVisible(511)</visible>
          <radiowidth>65</radiowidth>
          <radioheight>65</radioheight>
          <radioposx>125</radioposx>
        </control>
        <control type="radiobutton" id="230">
          <description>Toggle Listpanel thin</description>
          <textwidth>170</textwidth>
          <include>Objects_MediaMenuButton2</include>
          <label>Lower List</label>
          <onclick>Skin.ToggleSetting(highlist)</onclick>
          <selected>Skin.HasSetting(highlist)</selected>
          <visible>Control.IsVisible(511)</visible>
          <radiowidth>65</radiowidth>
          <radioheight>65</radioheight>
          <radioposx>125</radioposx>
        </control>
        <control type="button" id="211">
          <description>Logo downloader</description>
          <textwidth>170</textwidth>
          <include>Objects_MediaMenuButton2</include>
          <label>Logo's</label>
          <onclick>XBMC.RunScript(script.logo-downloader,mode=bulk,clearart=True,logo=True,showthumb=True)</onclick>
          <visible>Container.Content(tvshows)|Container.Content(seasons)|Container.Content(episodes)</visible>
        </control>
        <control type="radiobutton" id="212">
          <description>Toggle Small Wall</description>
          <textwidth>170</textwidth>
          <include>Objects_MediaMenuButton2</include>
          <label>Small</label>
          <onclick>Skin.ToggleSetting(smallmoviewall)</onclick>
          <onclick>XBMC.ReloadSkin()</onclick>
          <selected>Skin.HasSetting(smallmoviewall)</selected>
          <visible>Control.IsVisible(500)+[Container.Content(movies)|Container.Content(seasons)|Container.Content(tvshows)|Container.Content(episodes)]</visible>
          <radiowidth>65</radiowidth>
          <radioheight>65</radioheight>
          <radioposx>125</radioposx>
        </control>
        <control type="radiobutton" id="216">
          <description>Toggle Small Wall</description>
          <textwidth>170</textwidth>
          <include>Objects_MediaMenuButton2</include>
          <label>Small</label>
          <onclick>Skin.ToggleSetting(smallmusicwall)</onclick>
          <onclick>XBMC.ReloadSkin()</onclick>
          <selected>Skin.HasSetting(smallmusicwall)</selected>
          <visible>Control.IsVisible(500)+[Container.Content(albums)|Container.Content(songs)]</visible>
          <radiowidth>65</radiowidth>
          <radioheight>65</radioheight>
          <radioposx>125</radioposx>
        </control>
     
        <control type="radiobutton" id="213">
          <description>Toggle Dark</description>
          <textwidth>170</textwidth>
          <include>Objects_MediaMenuButton2</include>
          <label>Fanart</label>
          <onclick>Skin.ToggleSetting(transparentwall)</onclick>
          <selected>Skin.HasSetting(transparentwall)</selected>
          <visible>Control.IsVisible(500)</visible>
          <radiowidth>65</radiowidth>
          <radioheight>65</radioheight>
          <radioposx>125</radioposx>
        </control>
        <control type="radiobutton" id="224">
          <description>Toggle Dark</description>
          <textwidth>170</textwidth>
          <include>Objects_MediaMenuButton2</include>
          <label>Slim List</label>
          <onclick>Skin.ToggleSetting(slimlist)</onclick>
          <selected>Skin.HasSetting(slimlist)</selected>
          <visible>Control.IsVisible(50)</visible>
          <radiowidth>65</radiowidth>
          <radioheight>65</radioheight>
          <radioposx>125</radioposx>
        </control>
        <control type="togglebutton" id="215">
          <description>Toggle Info</description>
          <include>Objects_MediaMenuButton2</include>
          <label>Genre</label>
          <aligny>center</aligny>
          <altlabel>Info</altlabel>
          <onclick>Skin.ToggleSetting(wallgenre)</onclick>
          <selected>!Skin.HasSetting(wallgenre)</selected>
          <visible>[Control.IsVisible(500)|Control.IsVisible(501)|Control.IsVisible(504)]+Container.Content(movies)</visible>
          <ondown>SetFocus(14)</ondown>
        </control>
        <control type="radiobutton" id="20">
          <description>Shuffle button</description>
          <textwidth>170</textwidth>
          <include>Objects_MediaMenuButton2</include>
          <label>191</label>
          <visible>Window.IsActive(28)</visible>
        </control>
        <control type="button" id="26">
          <description>Repeat button</description>
          <label>Repeat</label>
          <textwidth>170</textwidth>
          <include>Objects_MediaMenuButton2</include>
          <visible>Window.IsActive(28)</visible>
        </control>
        <control type="button" id="21">
          <description>Save button</description>
          <label>190</label>
          <textwidth>170</textwidth>
          <include>Objects_MediaMenuButton2</include>
          <visible>Window.IsActive(28)</visible>
        </control>
        <control type="button" id="22">
          <description>Clear button</description>
          <label>192</label>
          <onclick>ReplaceWindow(video)</onclick>
          <textwidth>170</textwidth>
          <include>Objects_MediaMenuButton2</include>
          <visible>Window.IsActive(28)</visible>
        </control>
      </control>
    </control>
  </include>
</includes>