<includes>
	<include file="defaults.xml" />
	<include file="ViewsVideoLibrary.xml" />
	<include file="ViewsMusicLibrary.xml" />
	<include file="ViewsFileMode.xml" />
	<include file="ViewsPictures.xml" />
	<include file="Includes_FullscreenWall.xml" />
	<include file="IncludesHomeRecentlyAdded.xml" />
  <include file="Includes_Animations.xml"/>
  <include file="Includes_Showcase.xml"/>
  <include file="Includes_MediaMenu.xml"/>
  <include file="Includes_Showcase_Box.xml"/>

  <constant name="FanartCrossfadeTime">500</constant>
	<constant name="IconCrossfadeTime">400</constant>

  <include name="CommonMediaPlayingBackground">
    <control type="image">
      <posx>0</posx>
      <posy>0</posy>
      <width>1280</width>
      <height>720</height>
      <texture>special://skin/backgrounds/media-overlay.png</texture>
      <visible>Player.HasVideo + !Skin.HasSetting(ShowBackgroundVideo)</visible>
    </control>
    <control type="visualisation">
      <posx>0</posx>
      <posy>0</posy>
      <width>1280</width>
      <height>720</height>
      <visible>Player.HasAudio + !Skin.HasSetting(ShowBackgroundVis)</visible>
    </control>
    <control type="videowindow">
      <posx>0</posx>
      <posy>0</posy>
      <width>1280</width>
      <height>720</height>
      <visible>Player.HasVideo + !Skin.HasSetting(ShowBackgroundVideo)</visible>
    </control>
  </include>
	<include name="CommonVideoBackground">
		<control type="multiimage">
			<posx>0</posx>
			<posy>0</posy>
			<width>1280</width>
			<height>720</height>
			<imagepath fallback="special://skin/backgrounds/videos.jpg" background="true">$INFO[Skin.String(Home_Custom_Back_Video_Folder)]</imagepath>
			<timeperimage>10000</timeperimage>
			<randomize>true</randomize>
			<fadetime>1000</fadetime>
      <include>Animation_OpenCloseZoom</include>
    </control>
		<control type="multiimage">
			<posx>0</posx>
			<posy>0</posy>
			<width>1280</width>
			<height>720</height>
			<imagepath fallback="special://skin/backgrounds/movies.jpg" background="true">$INFO[Skin.String(Home_Custom_Back_Movies_Folder)]</imagepath>
			<timeperimage>10000</timeperimage>
			<randomize>true</randomize>
			<fadetime>1000</fadetime>
			<visible>Container.Content(Movies) + [!IsEmpty(Skin.String(Home_Custom_Back_Movies_Folder)) + Skin.HasSetting(HomeMenuNoMoviesButton)]</visible>
      <include>Animation_OpenCloseZoom</include>
    </control>
		<control type="multiimage">
			<posx>0</posx>
			<posy>0</posy>
			<width>1280</width>
			<height>720</height>
			<imagepath fallback="special://skin/backgrounds/tvshows.jpg" background="true">$INFO[Skin.String(Home_Custom_Back_TVShow_Folder)]</imagepath>
			<timeperimage>10000</timeperimage>
			<randomize>true</randomize>
			<fadetime>1000</fadetime>
			<visible>[Container.Content(TVShows) | Container.Content(Seasons) |Container.Content(Episodes)] + [!IsEmpty(Skin.String(Home_Custom_Back_TVShow_Folder) + Skin.HasSetting(HomeMenuNoTVShowsButton)])</visible>
      <include>Animation_OpenCloseZoom</include>
    </control>
	</include>
	<include name="CommonMusicBackground">
		<control type="multiimage">
			<posx>0</posx>
			<posy>0</posy>
			<width>1280</width>
			<height>720</height>
			<imagepath fallback="special://skin/backgrounds/music.jpg" background="true">$INFO[Skin.String(Home_Custom_Back_Music_Folder)]</imagepath>
			<timeperimage>10000</timeperimage>
			<randomize>true</randomize>
			<fadetime>1000</fadetime>
		</control>
	</include>
	<include name="CommonPictureBackground">
		<control type="multiimage">
			<posx>0</posx>
			<posy>0</posy>
			<width>1280</width>
			<height>720</height>
			<imagepath fallback="special://skin/backgrounds/pictures.jpg" background="true">$INFO[Skin.String(Home_Custom_Back_Pictures_Folder)]</imagepath>
			<timeperimage>10000</timeperimage>
			<randomize>true</randomize>
			<fadetime>1000</fadetime>
		</control>
	</include>
	<include name="CommonProgramsBackground">
		<control type="multiimage">
			<posx>0</posx>
			<posy>0</posy>
			<width>1280</width>
			<height>720</height>
			<imagepath fallback="special://skin/backgrounds/programs.jpg" background="true">$INFO[Skin.String(Home_Custom_Back_Programs_Folder)]</imagepath>
			<timeperimage>10000</timeperimage>
			<randomize>true</randomize>
			<fadetime>1000</fadetime>
		</control>
	</include>
	<include name="CommonScriptBackground">
		<control type="multiimage">
			<posx>0</posx>
			<posy>0</posy>
			<width>1280</width>
			<height>720</height>
			<imagepath fallback="special://skin/backgrounds/scripts.jpg" background="true">$INFO[Skin.String(Home_Custom_Back_Scripts_Folder)]</imagepath>
			<timeperimage>10000</timeperimage>
			<randomize>true</randomize>
			<fadetime>1000</fadetime>
		</control>
	</include>
	<include name="CommonWeatherBackground">
		<control type="multiimage">
			<posx>0</posx>
			<posy>0</posy>
			<width>1280</width>
			<height>720</height>
			<imagepath fallback="special://skin/backgrounds/weather.jpg" background="true">$INFO[Skin.String(Home_Custom_Back_Weather_Folder)]</imagepath>
			<timeperimage>10000</timeperimage>
			<randomize>true</randomize>
			<fadetime>1000</fadetime>
			<visible>![Skin.HasSetting(ShowWeatherFanart) + !IsEmpty(Skin.String(WeatherFanartDir))]</visible>
		</control>
		<control type="multiimage">
			<posx>0</posx>
			<posy>0</posy>
			<width>1280</width>
			<height>720</height>
			<imagepath background="true">$INFO[Skin.String(WeatherFanartDir)]$INFO[Weather.FanartCode]</imagepath>
			<timeperimage>10000</timeperimage>
			<randomize>true</randomize>
			<fadetime>1000</fadetime>
			<visible>Skin.HasSetting(ShowWeatherFanart) + !IsEmpty(Skin.String(WeatherFanartDir))</visible>
			<animation effect="fade" time="200">WindowClose</animation>
		</control>
	</include>
	<include name="CommonSettingsBackground">
		<control type="multiimage">
			<posx>0</posx>
			<posy>0</posy>
			<width>1280</width>
			<height>720</height>
			<imagepath fallback="special://skin/backgrounds/settings.jpg" background="true">$INFO[Skin.String(Home_Custom_Back_Settings_Folder)]</imagepath>
			<timeperimage>10000</timeperimage>
			<randomize>true</randomize>
			<fadetime>1000</fadetime>
		</control>
	</include>

	<include name="BehindDialogFadeOut">
		<control type="image">
			<posx>0</posx>
			<posy>0</posy>
			<width>1280</width>
			<height>720</height>
			<texture>black-back.png</texture>
			<animation effect="fade" time="400">Visible</animation>
			<animation effect="fade" time="200">Hidden</animation>
			<visible>Window.IsActive(MovieInformation) | Window.IsActive(MusicInformation) | Window.IsActive(SongInformation) | Window.IsActive(FileBrowser) | Window.IsActive(TextViewer) | Window.IsActive(AddonSettings) | Window.IsActive(ContentSettings) | Window.IsActive(SelectDialog) | Window.IsActive(FileStackingDialog) | Window.IsActive(MediaSource) | Window.IsActive(PictureInfo) | Window.IsActive(PlayerControls) | Window.IsActive(VirtualKeyboard) | Window.IsActive(NumericInput) | Window.IsActive(ProfileSettings) | Window.IsActive(LockSettings) | Window.IsActive(SmartPlaylistEditor) | Window.IsActive(SmartPlaylistRule) | Window.IsActive(script-Apple_Movie_Trailers-settings.xml) | Window.IsActive(script-Apple_Movie_Trailers-chooser.xml) | Window.IsActive(script-Apple_Movie_Trailers-search.xml) | Window.IsActive(script-Apple_Movie_Trailers-showtimes.xml) | Window.IsActive(script-XBMC_Lyrics-settings.xml) | Window.IsActive(script-RSS_Editor-rssEditor.xml) | Window.IsActive(script-RSS_Editor-setEditor.xml) | Window.IsActive(AddonInformation)</visible>
		</control>
	</include>

	<include name="ButtonInfoDialogsCommonValues">
		<height>40</height>
		<width>170</width>
		<textoffsetx>20</textoffsetx>
		<align>center</align>
		<aligny>center</aligny>
		<font>Font_Reg18</font>
		<texturefocus border="5">dialogs/context_highlight.png</texturefocus>
		<texturenofocus border="5">dialogs/context_nofocus.png</texturenofocus>
		<pulseonselect>false</pulseonselect>
	</include>




  <include name="ScrollOffsetLabel">
    <control type="group">
      <visible>Container.Scrolling + [StringCompare(Container.SortMethod,$LOCALIZE[551]) | StringCompare(Container.SortMethod,$LOCALIZE[561]) | StringCompare(Container.SortMethod,$LOCALIZE[558]) | StringCompare(Container.SortMethod,$LOCALIZE[557]) | StringCompare(Container.SortMethod,$LOCALIZE[556])]</visible>
      <animation effect="slide" start="0,0" end="0,-60" time="100">Visible</animation>
      <animation effect="slide" start="0,-60" end="0,0" delay="400" time="100">Hidden</animation>
      <posx>300r</posx>
      <posy>720</posy>
      <control type="image">
        <posx>0</posx>
        <posy>0</posy>
        <width>70</width>
        <height>65</height>
        <texture border="20,20,20,2">InfoMessagePanel.png</texture>
      </control>
      <control type="label">
        <posx>5</posx>
        <posy>0</posy>
        <width>65</width>
        <height>60</height>
        <align>center</align>
        <aligny>center</aligny>
        <label>$INFO[ListItem.SortLetter]</label>
        <textcolor>white</textcolor>
        <font>Font_ShowcaseMainLabel2</font>
      </control>
    </control>
  </include>

	<include name="backgroundfade">
		 <animation effect="fade" time="600">Visible</animation>
		 <animation effect="fade" time="600">Hidden</animation>
	</include>
	<include name="Window_OpenClose_Animation">
		<animation effect="fade" time="250">WindowOpen</animation>
		<animation effect="fade" time="250">WindowClose</animation>
	</include>
	<include name="dialogeffect">
		<animation effect="fade" time="250">WindowOpen</animation>
		<animation effect="fade" time="250">WindowClose</animation>
	</include>
	<include name="VisibleFadeEffect">
		<animation effect="fade" time="300">Visible</animation>
		<animation effect="fade" time="300">Hidden</animation>
	</include>
  <include name="Objects_OSDSeekForward">
    <posx>470</posx>
    <posy>0</posy>
    <width>499</width>
    <height>28</height>
    <aligny>center</aligny>
    <align>right</align>
    <font>Font_Reg18</font>
    <textcolor>FF363636</textcolor>
    <include>Animation_CommonFade</include>
  </include>
  <include name="Objects_OSDSeekReverse">
    <posx>29</posx>
    <posy>0</posy>
    <width>499</width>
    <height>28</height>
    <aligny>center</aligny>
    <align>left</align>
    <font>Font_Reg18</font>
    <textcolor>FFececec</textcolor>
    <include>Animation_CommonFade</include>
  </include>
  <include name="Dialogs_Group">
    <posx>386</posx>
    <posy>600</posy>
    <width>509</width>
    <height>91</height>
  </include>
  <include name="Dialogs_Tablet">
    <control type="image">
      <posx>0</posx>
      <posy>0</posy>
      <width>509</width>
      <height>91</height>
      <texture>dialogs/scan_backg.png</texture>
    </control>
  </include>
  <include name="Dialogs_Exclam">
    <control type="image">
      <posx>9</posx>
      <posy>9</posy>
      <width>73</width>
      <height>73</height>
      <texture>dialogs/exclam_icon.png</texture>
      <animation effect="fade" start="100" end="70" time="600" pulse="true" condition="true">Conditional</animation>
    </control>
  </include>
  <include name="Dialogs_HardDrive">
    <control type="image">
      <posx>12</posx>
      <posy>4</posy>
      <width>67</width>
      <height>83</height>
      <texture>dialogs/scan_icon.png</texture>
    </control>
  </include>
  <include name="Dialogs_VolumeIcon">
    <control type="image">
      <posx>6</posx>
      <posy>4</posy>
      <width>81</width>
      <height>82</height>
      <texture>dialogs/volume_icon.png</texture>
    </control>
  </include>
  <include name="Dialogs_Progress">
    <description>Progressbar</description>
    <posx>85</posx>
    <posy>3</posy>
    <width>412</width>
    <height>85</height>
    <reveal>true</reveal>
    <texturebg>dialogs/scan_blank.png</texturebg>
    <lefttexture>common/blank.png</lefttexture>
    <midtexture>dialogs/scan_fill.png</midtexture>
    <righttexture>common/blank.png</righttexture>
    <overlaytexture>-</overlaytexture>
  </include>
  <include name="Dialogs_LabelVars">
    <posx>105</posx>
    <width>376</width>
    <height>21</height>
    <textcolor>abFFFFFF</textcolor>
    <align>left</align>
    <font>Font_Info</font>
    <scroll>true</scroll>
  </include>
  <include name="Dialogs_Label1">
    <posy>8</posy>
    <include>Dialogs_LabelVars</include>
  </include>
  <include name="Dialogs_Label2">
    <posy>26</posy>
    <include>Dialogs_LabelVars</include>
  </include>
  <include name="Dialogs_Label3">
    <posy>44</posy>
    <include>Dialogs_LabelVars</include>
  </include>
  <include name="Dialogs_Label4">
    <posy>62</posy>
    <include>Dialogs_LabelVars</include>
  </include>
  <include name="Objects_MediaMenuButton">
    <height>34</height>
    <width>195</width>
    <texturenofocus>-</texturenofocus>
    <texturefocus>settings/listselect.png</texturefocus>
    <alttexturenofocus>-</alttexturenofocus>
    <alttexturefocus>settings/listselect.png</alttexturefocus>
    <pulseonselect>false</pulseonselect>
    <textcolor>60FFFFFF</textcolor>
    <focusedcolor>d0ffffff</focusedcolor>
    <disabledcolor>3cFFFFFF</disabledcolor>
    <textoffsetx>10</textoffsetx>
    <align>left</align>
    <font>Font_Reg19</font>
    <include>Animation_CommonFade</include>
  </include>
  <include name="Objects_MediaMenuButton2">
    <height>34</height>
    <width>195</width>
    <texturenofocus>-</texturenofocus>
    <texturefocus flipx="true">settings/listselect.png</texturefocus>
    <alttexturenofocus>-</alttexturenofocus>
    <alttexturefocus flipx="true">settings/listselect.png</alttexturefocus>
    <pulseonselect>false</pulseonselect>
    <textcolor>60FFFFFF</textcolor>
    <focusedcolor>d0ffffff</focusedcolor>
    <disabledcolor>3cFFFFFF</disabledcolor>
    <textoffsetx>10</textoffsetx>
    <align>left</align>
    <font>Font_Reg19</font>
    <include>Animation_CommonFade</include>
  </include>
  <include name="Objects_ButtonMenu09Group">
    <height>390</height>
  </include>
  <include name="Objects_ButtonMenu10Group">
    <height>429</height>
  </include>
  <include name="Objects_ButtonMenu11Group">
    <height>468</height>
  </include>
  <include name="Objects_ButtonMenu12Group">
    <height>506</height>
  </include>
  <include name="Objects_ContextMenuButton">
    <description>button template</description>
    <posx>0</posx>
    <posy>0</posy>
    <height>39</height>
    <width>308</width>
    <textcolor>abFFFFFF</textcolor>
    <focusedcolor>FFdfdfdf</focusedcolor>
    <texturenofocus>dialogs/context_nofocus.png</texturenofocus>
    <texturefocus>dialogs/context_highlight.png</texturefocus>
    <alttexturefocus>dialogs/context_highlight.png</alttexturefocus>
    <alttexturenofocus>dialogs/context_nofocus.png</alttexturenofocus>
    <align>center</align>
    <aligny>top</aligny>
    <font>Font_Reg19</font>
    <textoffsety>8</textoffsety>
  </include>
  <include name="Objects_FSInfoButton">
    <textcolor>FF868686</textcolor>
    <focusedcolor>FFececec</focusedcolor>
    <disabledcolor>d0202020</disabledcolor>
    <texturenofocus>dialogs/context_nofocus.png</texturenofocus>
    <texturefocus>dialogs/context_highlight.png</texturefocus>
    <align>center</align>
    <textoffsetx>0</textoffsetx>
    <textoffsety>8</textoffsety>
    <width>120</width>
    <height>29</height>
    <aligny>center</aligny>
    <font>Font_Reg19</font>
  </include>
  <include name="Furniture_MovieInfoFlagSource">
    <posx>4</posx>
    <posy>589</posy>
    <width>93</width>
    <height>30</height>
    <colordiffuse>FF7c7c7c</colordiffuse>
  </include>

  <include name="Furniture_MovieInfoFlagSound">
    <posx>115</posx>
    <posy>589</posy>
    <width>131</width>
    <height>30</height>
    <colordiffuse>FF7c7c7c</colordiffuse>
    <animation effect="slide" start="-148,0" end="-148,0" time="0" condition="Control.IsVisible(91) + !Control.IsVisible(92)">Conditional</animation>
    <animation effect="slide" start="-111,0" end="-111,0" time="0" condition="!Control.IsVisible(91)">Conditional</animation>
  </include>
  <include name="Furniture_MovieInfoFlagSubs">
    <posx>263</posx>
    <posy>589</posy>
    <width>39</width>
    <height>30</height>
    <colordiffuse>FF7c7c7c</colordiffuse>
    <animation effect="slide" start="-111,0" end="-111,0" time="0" condition="!Control.IsVisible(91) + Control.IsVisible(92)">Conditional</animation>
    <animation effect="slide" start="-259,0" end="-259,0" time="0" condition="!Control.IsVisible(91) + !Control.IsVisible(92)">Conditional</animation>
    <animation effect="slide" start="-148,0" end="-148,0" time="0" condition="Control.IsVisible(91) + !Control.IsVisible(92)">Conditional</animation>
  </include>

  <include name="Furniture_MovieInfoFlagRes">
    <posx>325</posx>
    <posy>589</posy>
    <width>67</width>
    <height>30</height>
    <colordiffuse>FF7c7c7c</colordiffuse>
    <animation effect="slide" start="-210,0" end="-210,0" time="0" condition="Control.IsVisible(91) + !Control.IsVisible(92) + !Control.IsVisible(93)">Conditional</animation>
    <animation effect="slide" start="-147,0" end="-147,0" time="0" condition="Control.IsVisible(91) + !Control.IsVisible(92) + Control.IsVisible(93)">Conditional</animation>
    <animation effect="slide" start="-260,0" end="-260,0" time="0" condition="!Control.IsVisible(91) + !Control.IsVisible(92) + Control.IsVisible(93)">Conditional</animation>
    <animation effect="slide" start="-110,0" end="-110,0" time="0" condition="!Control.IsVisible(91) + Control.IsVisible(92) + Control.IsVisible(93)">Conditional</animation>
    <animation effect="slide" start="-173,0" end="-173,0" time="0" condition="!Control.IsVisible(91) + Control.IsVisible(92) + !Control.IsVisible(93)">Conditional</animation>
    <animation effect="slide" start="-59,0" end="-59,0" time="0" condition="Control.IsVisible(91) + Control.IsVisible(92) + !Control.IsVisible(93)">Conditional</animation>
    <animation effect="slide" start="-321,0" end="-321,0" time="0" condition="!Control.IsVisible(91) + !Control.IsVisible(92) + !Control.IsVisible(93) + Control.IsVisible(94)">Conditional</animation>
  </include>

  <include name="Furniture_FlagUpright">
    <posy>581</posy>
    <width>1</width>
    <height>47</height>
    <texture>info/info_flagupright.png</texture>
  </include>

  <include name="Furniture_MovieInfoMediaFlags">

    <control type="image">
      <posx>104</posx>
      <include>Furniture_FlagUpright</include>
      <visible>Control.IsVisible(91) + [Control.IsVisible(92) | Control.IsVisible(93) | Control.IsVisible(94) | Skin.HasSetting(inforatings)]</visible>
    </control>
    <control type="image">
      <posx>253</posx>
      <include>Furniture_FlagUpright</include>
      <visible>Control.IsVisible(92) + [Control.IsVisible(93) | Control.IsVisible(94) | Skin.HasSetting(inforatings)]</visible>
      <animation effect="slide" start="-111,0" end="-111,0" time="0" condition="!Control.IsVisible(91)">Conditional</animation>
    </control>
    <control type="image">
      <posx>313</posx>
      <include>Furniture_FlagUpright</include>
      <visible>Control.IsVisible(93) + [Control.IsVisible(94) | Skin.HasSetting(inforatings)]</visible>
      <animation effect="slide" start="-110,0" end="-110,0" time="0" condition="!Control.IsVisible(91) + Control.IsVisible(92) + Control.IsVisible(93)">Conditional</animation>
      <animation effect="slide" start="-259,0" end="-259,0" time="0" condition="!Control.IsVisible(91) + !Control.IsVisible(92)">Conditional</animation>
      <animation effect="slide" start="-148,0" end="-148,0" time="0" condition="Control.IsVisible(91) + !Control.IsVisible(92)">Conditional</animation>
    </control>
    <control type="image">
      <posx>403</posx>
      <include>Furniture_FlagUpright</include>
      <visible>Control.IsVisible(94)</visible>
      <animation effect="slide" start="-110,0" end="-110,0" time="0" condition="!Control.IsVisible(91) + Control.IsVisible(92) + Control.IsVisible(93)">Conditional</animation>
      <animation effect="slide" start="-259,0" end="-259,0" time="0" condition="!Control.IsVisible(91) + !Control.IsVisible(92)">Conditional</animation>
      <animation effect="slide" start="-148,0" end="-148,0" time="0" condition="Control.IsVisible(91) + !Control.IsVisible(92) + Control.IsVisible(93)">Conditional</animation>
      <animation effect="slide" start="-58,0" end="-58,0" time="0" condition="Control.IsVisible(91) + Control.IsVisible(92) + !Control.IsVisible(93)">Conditional</animation>
      <animation effect="slide" start="-64,0" end="-64,0" time="0" condition="!Control.IsVisible(91) + !Control.IsVisible(92) + !Control.IsVisible(93)">Conditional</animation>
      <animation effect="slide" start="-212,0" end="-212,0" time="0" condition="Control.IsVisible(91) + !Control.IsVisible(92) + !Control.IsVisible(93)">Conditional</animation>
      <animation effect="slide" start="-175,0" end="-175,0" time="0" condition="!Control.IsVisible(91) + Control.IsVisible(92) + !Control.IsVisible(93)">Conditional</animation>
    </control>
    <control type="image" id="91">
      <include>Furniture_MovieInfoFlagSource</include>
      <texture>flags/info/bluray.png</texture>
      <visible>SubString(ListItem.Filename,bluray) | SubString(ListItem.Filename,blu-ray) | SubString(ListItem.Filename,bdrip)</visible>
    </control>
    <control type="image" id="91">
      <include>Furniture_MovieInfoFlagSource</include>
      <texture>flags/info/dvd.png</texture>
      <visible>[SubString(ListItem.Filename,dvd) + !SubString(ListItem.Filename,hddvd) + !SubString(ListItem.Filename,hd-dvd) + !SubString(ListItem.Filename,bluray)] | [SubString(ListItem.Filename,.iso,Right) + !SubString(ListItem.Filename,bluray)] | SubString(ListItem.Filename,.ifo,Right)| [SubString(ListItem.Filename,.img,Right) + !SubString(ListItem.Filename,bluray)]</visible>
    </control>
    <control type="image" id="91">
      <include>Furniture_MovieInfoFlagSource</include>
      <texture>flags/info/hdtv.png</texture>
      <visible>substring(listitem.filename,hdtv)</visible>
    </control>
    <control type="image" id="91">
      <include>Furniture_MovieInfoFlagSource</include>
      <texture>flags/info/hddvd.png</texture>
      <visible>SubString(ListItem.Filename,hddvd) | SubString(ListItem.Filename,hd-dvd)</visible>
    </control>
    <control type="image" id="92">
      <include>Furniture_MovieInfoFlagSound</include>
      <texture>flags/info/dd51.png</texture>
      <visible>substring(ListItem.AudioChannels,6) + substring(ListItem.AudioCodec,ac3)</visible>
    </control>
    <control type="image" id="92">
      <include>Furniture_MovieInfoFlagSound</include>
      <texture>flags/info/dd71.png</texture>
      <visible>substring(ListItem.AudioChannels,8) + substring(ListItem.AudioCodec,ac3)</visible>
    </control>
    <control type="image" id="92">
      <include>Furniture_MovieInfoFlagSound</include>
      <texture>flags/info/dts51.png</texture>
      <visible>substring(ListItem.AudioChannels,6) + substring(ListItem.AudioCodec,dca)</visible>
    </control>
    <control type="image" id="92">
      <include>Furniture_MovieInfoFlagSound</include>
      <texture>flags/info/dts71.png</texture>
      <visible>substring(ListItem.AudioChannels,8) + substring(ListItem.AudioCodec,dca)</visible>
    </control>
    <control type="image" id="92">
      <include>Furniture_MovieInfoFlagSound</include>
      <texture>flags/info/dolby20.png</texture>
      <visible>substring(ListItem.AudioChannels,2)</visible>
    </control>
    <control type="image" id="92">
      <include>Furniture_MovieInfoFlagSound</include>
      <texture>flags/info/mono.png</texture>
      <visible>substring(ListItem.AudioChannels,1)</visible>
    </control>
    <control type="image" id="93">
      <include>Furniture_MovieInfoFlagSubs</include>
      <texture>flags/info/cc.png</texture>
      <visible>!IsEmpty(ListItem.SubtitleLanguage)</visible>
    </control>
    <control type="image" id="94">
      <include>Furniture_MovieInfoFlagRes</include>
      <texture>$INFO[ListItem.VideoResolution,flags/info/,.png]</texture>
    </control>
  </include>
  <include name="subcolornofocus">
    <textcolor>ff969696</textcolor>
    <selectedcolor>9b3cd2fd</selectedcolor>
  </include>
  <include name="listcolornofocus">
    <selectedcolor>9b3cd2fd</selectedcolor>
    <textcolor>dcffffff</textcolor>
   
  </include>
  <include name="subcolorfocus">
    <textcolor>ff2e2e2e</textcolor>
    <selectedcolor>ff2e2e2e</selectedcolor>
  </include>
  <include name="listcolorfocus">
    <textcolor>ff2e2e2e</textcolor>
    <selectedcolor>ff2e2e2e</selectedcolor>
  </include>
  <include name="detailcolornofocus">
    <textcolor>dcbdbdbd</textcolor>
    <selectedcolor>dcbdbdbd</selectedcolor>
  </include>
  <include name="detailcolorfocus">
    <textcolor>FF585858</textcolor>
    <selectedcolor>FF585858</selectedcolor>
  </include>
  <include name="Furniture_NowPlayingWidget">
    <control type="group">
      <include>Animation_WidgetZoom</include>
      <animation effect="slide" time="800" start="0,0" end="0,-200" tween="cubic" easing="inout" condition="[Control.IsVisible(53) + !Control.HasFocus(53) + !Control.HasFocus(71)] | [Control.IsVisible(57) + Control.HasFocus(70197)] | Control.IsVisible(7777)">Conditional</animation>
      <visible>Player.HasMedia + !Control.IsVisible(560) + !Control.IsVisible(54)</visible>
      <posx>0</posx>
      <posy>0</posy>
      <control type="image">
        <width>481</width>
        <height>27</height>
        <texture flipy="true" flipx="true">home/timepanel_mid.png</texture>
      </control>
      <control type="progress" id="20">
        <description>Progressbar</description>
        <posx>340</posx>
        <posy>1</posy>
        <width>120</width>
        <height>13</height>
        <texturebg>osd/seek/progress_back.png</texturebg>
        <lefttexture>osd/seek/progress_left.png</lefttexture>
        <midtexture>osd/seek/progress_mid.png</midtexture>
        <righttexture>osd/seek/progress_right.png</righttexture>
        <overlaytexture>-</overlaytexture>
        <info>Player.Progress</info>
      </control>
      <control type="label">
        <posx>90</posx>
        <posy>-3</posy>
        <width>240</width>
        <height>18</height>
        <font>Font_Reg14</font>
        <textcolor>a8FFFFFF</textcolor>
        <scroll>true</scroll>
        <label>[UPPERCASE][COLOR a8FFFFFF]$INFO[MusicPlayer.Artist][/COLOR][/UPPERCASE]</label>
      </control>
      <control type="label">
        <posx>92</posx>
        <posy>10</posy>
        <width>240</width>
        <height>18</height>
        <font>Font_Reg14</font>
        <textcolor>a8FFFFFF</textcolor>
        <scroll>true</scroll>
        <label>[UPPERCASE][COLOR FFFFFFFF]$INFO[MusicPlayer.Title][/COLOR][/UPPERCASE]</label>
      </control>
      <control type="label">
        <posx>88</posx>
        <posy>-3</posy>
        <width>180</width>
        <height>18</height>
        <font>Font_Reg14</font>
        <textcolor>a8FFFFFF</textcolor>
        <scroll>true</scroll>
        <label>[UPPERCASE][COLOR a8FFFFFF]$INFO[Videoplayer.TVShowTitle][/COLOR][/UPPERCASE]</label>
      </control>
      <control type="label">
        <posx>88</posx>
        <posy>6</posy>
        <width>240</width>
        <height>18</height>
        <font>Font_Reg14</font>
        <textcolor>a8FFFFFF</textcolor>
        <scroll>true</scroll>
        <label>[UPPERCASE][COLOR FFFFFFFF]$INFO[Videoplayer.Title][/COLOR][/UPPERCASE]</label>
        <animation effect="slide" start="0,0" end="0,7" time="0" condition="VideoPlayer.Content(episodes)">Conditional</animation>
        <visible>VideoPlayer.Content(movies)</visible>
      </control>
      <control type="label">
        <posx>88</posx>
        <posy>3</posy>
        <width>310</width>
        <height>18</height>
        <font>Font_Reg14</font>
        <textcolor>a8FFFFFF</textcolor>
        <scroll>true</scroll>
        <label>[UPPERCASE][COLOR FFFFFFFF]$INFO[Videoplayer.Title][/COLOR][/UPPERCASE]</label>
        <animation effect="slide" start="0,0" end="0,7" time="0" condition="VideoPlayer.Content(episodes)">Conditional</animation>
        <visible>!VideoPlayer.Content(movies)</visible>
      </control>
      <control type="label">
        <description>Current time</description>
        <posx>300</posx>
        <posy>10</posy>
        <width>200</width>
        <height>20</height>
        <font>Font_Reg14</font>
        <label>$INFO[MusicPlayer.Time] / $INFO[MusicPlayer.Duration]</label>
        <align>center</align>
      </control>
      <control type="group">
        <animation effect="slide" start="0,0" end="0,8" time="0" condition="VideoPlayer.Content(movies)">Conditional</animation>
        <control type="image">
          <description>Cd overlay</description>
          <animation effect="rotate" end="-360" center="auto" time="5000" loop="true" reversible="false" condition="!Player.Paused">Conditional</animation>
          <animation effect="fade" time="100">Hidden</animation>
          <aspectratio>keep</aspectratio>
          <width>59</width>
          <height>59</height>
          <posx>27</posx>
          <posy>3</posy>
          <fadetime>300</fadetime>
          <visible>VideoPlayer.Content(movies) | Player.HasAudio | VideoPlayer.Content(episodes)</visible>
          <texture fallback="common/cdart/default.png">$INFO[Player.FolderPath]cdart.png</texture>
          <aspectratio align="bottom">keep</aspectratio>
        </control>
      </control>
      <control type="image">
        <description>COVER</description>
        <aspectratio>stretch</aspectratio>
        <width>61</width>
        <height>61</height>
        <posx>4</posx>
        <posy>2</posy>
        <visible>Player.HasAudio + !Control.IsVisible(560) + !Control.IsVisible(54)</visible>
        <animation effect="fade" time="800">Hidden</animation>
        <texture fallback="DefaultAlbumCover.png" diffuse="thumbs/cdcover_mask2.png">$INFO[MusicPlayer.Cover]</texture>
      </control>

      <control type="image">
        <description>COVER</description>
        <aspectratio scalediffuse="false">scale</aspectratio>
        <width>60</width>
        <height>75</height>
        <posx>4</posx>
        <posy>2</posy>
        <visible>VideoPlayer.Content(movies)+ !Control.IsVisible(560) + !Control.IsVisible(54)</visible>
        <animation effect="fade" time="800">Hidden</animation>
        <texture fallback="DefaultVideo.png" diffuse="thumbs/cdcover_mask2.png">$INFO[VideoPlayer.Cover]</texture>
      </control>
    </control>
  </include>
  <include name="Objects_KeyOffVars">
    <textcolor>77FFFFFF</textcolor>
    <focusedcolor>77FFFFFF</focusedcolor>
    <selectedcolor>77FFFFFF</selectedcolor>
    <align>center</align>
    <aligny>top</aligny>
    <textoffsety>21</textoffsety>
    <font>Font_Reg19</font>
  </include>
  <include name="Objects_KeyOnVars">
    <textcolor>FFFFFFFF</textcolor>
    <focusedcolor>FFFFFFFF</focusedcolor>
    <selectedcolor>FFFFFFFF</selectedcolor>
    <align>center</align>
    <aligny>top</aligny>
    <textoffsety>21</textoffsety>
    <include>Animation_VisibleChange200</include>
    <include>Animation_WindowFade200</include>
    <font>Font_Reg19</font>
  </include>
  <include name="Objects_DoubleKeyOff">
    <posy>0</posy>
    <width>110</width>
    <height>68</height>
    <texturefocus>keyboard/keyboard_doublenf.png</texturefocus>
    <texturenofocus>keyboard/keyboard_doublenf.png</texturenofocus>
    <include>Objects_KeyOffVars</include>
  </include>
  <include name="Objects_DoubleKeyOffSymbol">
    <posy>0</posy>
    <width>110</width>
    <height>68</height>
    <texturefocus>keyboard/keyboard_doublenf.png</texturefocus>
    <texturenofocus>keyboard/keyboard_doublenf.png</texturenofocus>
    <textcolor>77FFFFFF</textcolor>
    <focusedcolor>77FFFFFF</focusedcolor>
    <selectedcolor>77FFFFFF</selectedcolor>
    <align>center</align>
    <aligny>top</aligny>
    <textoffsety>21</textoffsety>
    <font>Font_Reg19</font>
  </include>
  <include name="Objects_SingleKeyOff">
    <posy>0</posy>
    <width>68</width>
    <height>68</height>
    <texturefocus>keyboard/keyboard_singlenf.png</texturefocus>
    <texturenofocus>keyboard/keyboard_singlenf.png</texturenofocus>
    <include>Objects_KeyOffVars</include>
  </include>
  <include name="Objects_DoubleKeyOn">
    <posy>0</posy>
    <width>110</width>
    <height>68</height>
    <texturefocus>keyboard/keyboard_doublef.png</texturefocus>
    <texturenofocus>keyboard/keyboard_doublef.png</texturenofocus>
    <include>Objects_KeyOnVars</include>
  </include>
  <include name="Objects_DoubleKeyOnSymbol">
    <posy>0</posy>
    <width>110</width>
    <height>68</height>
    <texturefocus>keyboard/keyboard_doublef.png</texturefocus>
    <texturenofocus>keyboard/keyboard_doublef.png</texturenofocus>
    <textcolor>FFFFFFFF</textcolor>
    <focusedcolor>FFFFFFFF</focusedcolor>
    <selectedcolor>FFFFFFFF</selectedcolor>
    <align>center</align>
    <aligny>top</aligny>
    <textoffsety>21</textoffsety>
    <include>Animation_VisibleChange200</include>
    <include>Animation_WindowFade200</include>
    <font>Font_Reg19</font>
  </include>
  <include name="Objects_SingleKeyOn">
    <posy>0</posy>
    <width>68</width>
    <height>68</height>
    <texturefocus>keyboard/keyboard_singlef.png</texturefocus>
    <texturenofocus>keyboard/keyboard_singlef.png</texturenofocus>
    <include>Objects_KeyOnVars</include>
  </include>
  <include name="Objects_TripleKeyOn">
    <posy>0</posy>
    <width>152</width>
    <height>68</height>
    <texturefocus>keyboard/keyboard_triplef.png</texturefocus>
    <texturenofocus>keyboard/keyboard_triplef.png</texturenofocus>
    <include>Objects_KeyOnVars</include>
  </include>
  <include name="Furniture_Clock">
    <control type="group">
      <visible>!ControlGroup(9000).HasFocus</visible>
      <include>Animation_WidgetZoom</include>
      <control type="image">
      <posx>900</posx>
      <posy>0</posy>
      <width>451</width>
      <height>27</height>
      <texture flipy="true">home/timepanel_mid.png</texture>
    </control>
    <control type="label">
      <description>time label</description>
      <posx>1270</posx>
      <posy>0</posy>
      <width>400</width>
      <height>27</height>
      <align>right</align>
      <aligny>center</aligny>
      <font>Font_Info</font>
      <textcolor>dcFFFFFF</textcolor>
      <shadowcolor>-</shadowcolor>
      <label>[UPPERCASE][COLOR FFe5e5e5]$INFO[System.Date]  |  [/COLOR][COLOR FFcdcdcd]$INFO[System.Time][/COLOR][/UPPERCASE]</label>
    </control>
    </control>
  </include>
  <include name="Furniture_SettingsBackPanel">
    <control type="image">
      <description>background image</description>
      <posx>23</posx>
      <posy>23</posy>
      <width>1233</width>
      <height>673</height>
      <texture>settings/settings_panelback.png</texture>
    </control>
  </include>
</includes>
