<includes>
	<include name="MusicInfoListView">
		<control type="group">
			<visible>Control.IsVisible(506)</visible>
			<include>VisibleFadeEffect</include>
			<control type="list" id="506">
				<posx>460</posx>
				<posy>60</posy>
				<width>760</width>
				<height>601</height>
				<onleft>2</onleft>
				<onright>60</onright>
				<onup>506</onup>
				<ondown>506</ondown>
				<viewtype label="$LOCALIZE[544]">list</viewtype>
				<pagecontrol>60</pagecontrol>
				<scrolltime>200</scrolltime>
				<visible>Window.IsVisible(MusicFiles) | Window.IsVisible(MusicPlaylist) |  Container.Content(Songs) | Container.Content(Albums)</visible>
				<itemlayout height="40" width="760">
					<control type="image">
						<posx>0</posx>
						<posy>0</posy>
						<width>760</width>
						<height>41</height>
						<texture border="0,2,0,2">MenuItemNF.png</texture>
					</control>
					<control type="label">
						<posx>10</posx>
						<posy>0</posy>
						<width>730</width>
						<height>40</height>
						<font>font13</font>
						<textcolor>grey2</textcolor>
						<selectedcolor>selected</selectedcolor>
						<align>left</align>
						<aligny>center</aligny>
						<label>$INFO[ListItem.Label]</label>
					</control>
					<control type="label">
						<posx>750</posx>
						<posy>0</posy>
						<width>700</width>
						<height>40</height>
						<font>font12</font>
						<textcolor>grey2</textcolor>
						<selectedcolor>selected</selectedcolor>
						<align>right</align>
						<aligny>center</aligny>
						<label>$INFO[ListItem.Label2]</label>
					</control>
				</itemlayout>
				<focusedlayout height="40" width="760">
					<control type="image">
						<posx>0</posx>
						<posy>0</posy>
						<width>760</width>
						<height>41</height>
						<texture border="0,2,0,2">MenuItemNF.png</texture>
						<visible>!Control.HasFocus(506)</visible>
						<include>VisibleFadeEffect</include>
					</control>
					<control type="image">
						<posx>0</posx>
						<posy>0</posy>
						<width>760</width>
						<height>41</height>
						<texture border="0,2,0,2">MenuItemFO.png</texture>
						<visible>Control.HasFocus(506)</visible>
						<include>VisibleFadeEffect</include>
					</control>
					<control type="image">
						<posx>560</posx>
						<posy>5</posy>
						<width>200</width>
						<height>31</height>
						<texture border="0,0,14,0">MediaItemDetailBG.png</texture>
						<visible>Control.HasFocus(506) + !IsEmpty(ListItem.Label2)</visible>
					</control>
					<control type="label">
						<posx>10</posx>
						<posy>0</posy>
						<width>730</width>
						<height>40</height>
						<font>font13</font>
						<textcolor>white</textcolor>
						<selectedcolor>selected</selectedcolor>
						<align>left</align>
						<aligny>center</aligny>
						<label>$INFO[ListItem.Label]</label>
					</control>
					<control type="label">
						<posx>750</posx>
						<posy>0</posy>
						<width>700</width>
						<height>40</height>
						<font>font12</font>
						<textcolor>grey2</textcolor>
						<selectedcolor>selected</selectedcolor>
						<align>right</align>
						<aligny>center</aligny>
						<label>$INFO[ListItem.Label2]</label>
					</control>
				</focusedlayout>
			</control>
			<control type="group">
				<visible>Control.IsVisible(506)</visible>
				<control type="scrollbar" id="60">
					<posx>1220</posx>
					<posy>60</posy>
					<width>25</width>
					<height>600</height>
					<texturesliderbackground border="0,14,0,14">ScrollBarV.png</texturesliderbackground>
					<texturesliderbar border="2,16,2,16">ScrollBarV_bar.png</texturesliderbar>
					<texturesliderbarfocus border="2,16,2,16">ScrollBarV_bar_focus.png</texturesliderbarfocus>
					<textureslidernib>ScrollBarNib.png</textureslidernib>
					<textureslidernibfocus>ScrollBarNib.png</textureslidernibfocus>
					<onleft>506</onleft>
					<onright>2</onright>
					<showonepage>false</showonepage>
					<orientation>vertical</orientation>
					<visible>Control.IsVisible(506)</visible>
				</control>
				<control type="image">
					<posx>40</posx>
					<posy>60</posy>
					<width>400</width>
					<height>300</height>
					<aspectratio aligny="bottom">keep</aspectratio>
					<fadetime>IconCrossfadeTime</fadetime>
					<texture background="true">$INFO[ListItem.Icon]</texture>
					<bordertexture border="8">ThumbShadow.png</bordertexture>
					<bordersize>8</bordersize>
				</control>
				<control type="image">
					<posx>40</posx>
					<posy>350</posy>
					<width>400</width>
					<height>100</height>
					<aspectratio>stretch</aspectratio>
					<texture>GlassTitleBar.png</texture>
					<colordiffuse>AAFFFFFF</colordiffuse>
				</control>
				<control type="image">
					<posx>48</posx>
					<posy>352</posy>
					<width>384</width>
					<height>284</height>
					<aspectratio aligny="top">keep</aspectratio>
					<fadetime>IconCrossfadeTime</fadetime>
					<texture background="true" flipy="true" diffuse="diffuse_mirror2.png">$INFO[ListItem.Icon]</texture>
				</control>
				<control type="label">
					<posx>40</posx>
					<posy>390</posy>
					<width>400</width>
					<height>25</height>
					<label>$INFO[ListItem.Artist]</label>
					<scroll>true</scroll>
					<align>center</align>
					<aligny>center</aligny>
					<font>font24_title</font>
					<textcolor>white</textcolor>
					<shadowcolor>black</shadowcolor>
				</control>
				<control type="label">
					<posx>40</posx>
					<posy>440</posy>
					<width>400</width>
					<height>25</height>
					<label>$INFO[ListItem.Album]</label>
					<wrapmultiline>true</wrapmultiline>
					<align>center</align>
					<aligny>center</aligny>
					<font>font13caps</font>
					<textcolor>grey2</textcolor>
					<shadowcolor>black</shadowcolor>
				</control>
				<control type="label">
					<posx>40</posx>
					<posy>490</posy>
					<width>400</width>
					<height>25</height>
					<label>$INFO[ListItem.Title]</label>
					<scroll>true</scroll>
					<align>center</align>
					<aligny>top</aligny>
					<font>font13_title</font>
					<textcolor>white</textcolor>
					<shadowcolor>black</shadowcolor>
					<wrapmultiline>true</wrapmultiline>
					<visible>!Container.Content(Albums)</visible>
				</control>
				<control type="label">
					<posx>40</posx>
					<posy>490</posy>
					<width>400</width>
					<height>25</height>
					<label>$INFO[ListItem.Genre]</label>
					<scroll>true</scroll>
					<align>center</align>
					<aligny>top</aligny>
					<font>font13_title</font>
					<textcolor>white</textcolor>
					<shadowcolor>black</shadowcolor>
					<wrapmultiline>true</wrapmultiline>
					<visible>Container.Content(Albums)</visible>
				</control>
				<control type="label">
					<description>Trackno txt</description>
					<posx>40</posx>
					<posy>550</posy>
					<width>400</width>
					<height>25</height>
					<label>$INFO[listitem.TrackNumber,[COLOR=blue]$LOCALIZE[31310]: [/COLOR]]</label>
					<align>center</align>
					<aligny>center</aligny>
					<font>font13_title</font>
					<textcolor>white</textcolor>
					<visible>!Container.Content(Albums)</visible>
				</control>
				<control type="label">
					<description>Year txt</description>
					<posx>40</posx>
					<posy>580</posy>
					<width>400</width>
					<height>25</height>
					<label>$INFO[listitem.Year,[COLOR=blue]$LOCALIZE[345]: [/COLOR]]</label>
					<align>center</align>
					<aligny>center</aligny>
					<font>font13_title</font>
					<textcolor>white</textcolor>
				</control>
				<control type="image">
					<description>Rating value</description>
					<posx>165</posx>
					<posy>610</posy>
					<width>150</width>
					<height>30</height>
					<texture>CenterRating/$INFO[ListItem.StarRating]</texture>
				</control>
				<control type="image">
					<posx>440</posx>
					<posy>60</posy>
					<width>5</width>
					<height>600</height>
					<aspectratio>stretch</aspectratio>
					<texture>separator_vertical.png</texture>
				</control>
			</control>
		</control>
	</include>
	<include name="AlbumWrapView2_Fanart">
		<control type="group">
			<visible>Control.IsVisible(509)</visible>
      <include>Furniture_Showcase</include>
      <include>ShowcaseSquare</include>
      <control type="wraplist" id="509">
				<visible>[Window.IsActive(501)|Window.IsActive(502)|Window.IsActive(1)|Window.IsActive(2)]</visible>
        <include>MusicShowcaseGroupVars</include>

        <onleft>509</onleft>
				<onright>509</onright>
				<onup>2</onup>
				<ondown>60</ondown>
				<viewtype label="31029">bigwrap</viewtype>
        <pagecontrol>60</pagecontrol>
        <scrolltime>200</scrolltime>
        <focusposition>3</focusposition>
        <orientation>horizontal</orientation>
        <preloaditems>4</preloaditems>
				<itemlayout height="350" width="250">
            <control type="group">
              <visible>Skin.HasSetting(noflowalbum)</visible>
              <include condition="Window.IsActive(2)">MusicShowcaseBlack</include>
              <control type="image">
                <include>MusicShowcaseThumb</include>
                <info>ListItem.Thumb</info>
              </control>
              <control type="image">
                <description>Glass overlay</description>
                <include>MusicShowcaseGlassOverlayAngled</include>
              </control>
              <include condition="Window.IsActive(2)">MusicShowcaseBlackReflection</include>
              <control type="image">
                <include>MusicShowcaseThumbReflection</include>
                <info>ListItem.Thumb</info>
              </control>
            </control>
				</itemlayout>
				<focusedlayout height="350" width="250">
          <control type="group">
            <visible>Skin.HasSetting(noflowalbum)</visible>
            <animation effect="zoom" start="100" end="113" center="135,230" time="400" easing="out" reversible="false" tween="cubic">Focus</animation>
            <animation effect="zoom" start="113" end="100" center="135,230" time="400" easing="out" reversible="false" tween="cubic">Unfocus</animation>
            <include condition="Window.IsActive(2)">MusicShowcaseBlack</include>
            <control type="image">
              <include>MusicShowcaseThumb</include>
              <info>ListItem.Thumb</info>
            </control>
            <control type="image">
              <description>Glass overlay</description>
              <include>MusicShowcaseGlassOverlayAngled</include>
            </control>
            <include condition="Window.IsActive(2)">MusicShowcaseBlackReflection</include>
            <control type="image">
              <include>MusicShowcaseThumbReflection</include>
              <info>ListItem.Thumb</info>
            </control>
          </control>
				</focusedlayout>
			</control>
      <control type="label">
        <posx>340</posx>
        <posy>670</posy>
        <width>600</width>
        <align>center</align>
        <aligny>center</aligny>
        <include>Animation_CommonFade</include>
        <font>Font_Info</font>
        <textcolor>FFe1e1e1</textcolor>
        <shadowcolor>black</shadowcolor>
        <label>[UPPERCASE]$INFO[ListItem.Label2][/UPPERCASE]</label>
        <visible>!Control.HasFocus(60)+!ControlGroup(9000).HasFocus+!SubString(ListItem.Label,..)</visible>
      </control>
    <control type="label">
      <posx>340</posx>
      <posy>693</posy>
      <width>600</width>
      <align>center</align>
      <aligny>center</aligny>
      <include>Animation_CommonFade</include>
      <font>Font_ShowcaseMainLabel2</font>
      <textcolor>FFe1e1e1</textcolor>
      <shadowcolor>black</shadowcolor>
      <label>[UPPERCASE]$INFO[ListItem.Label][/UPPERCASE]</label>
      <visible>!Control.HasFocus(60)+!ControlGroup(9000).HasFocus</visible>
    </control>
      <control type="label">
        <posx>340</posx>
        <posy>693</posy>
        <width>600</width>
        <align>center</align>
        <aligny>center</aligny>
        <include>Animation_CommonFade</include>
        <font>Font_ShowcaseMainLabel2</font>
        <textcolor>FFe1e1e1</textcolor>
        <shadowcolor>black</shadowcolor>
        <label>[UPPERCASE]$INFO[Container.NumItems] $LOCALIZE[31025] | $LOCALIZE[31024] $INFO[Container.CurrentPage]/$INFO[Container.NumPages][/UPPERCASE]</label>
        <visible>ControlGroup(9000).HasFocus</visible>
      </control>
			<control type="scrollbar" id="60">
        <posx>305</posx>
        <posy>670</posy>
        <width>670</width>
        <height>41</height>
        <visible allowhiddenfocus="true">Control.HasFocus(60)</visible>
        <texturesliderbackground border="14,0,14,0">views/scrollBarH.png</texturesliderbackground>
        <texturesliderbar border="14,0,14,0">views/scrollBarH_bar.png</texturesliderbar>
        <texturesliderbarfocus border="14,0,14,0">views/scrollBarH_bar_focus.png</texturesliderbarfocus>
        <textureslidernib>views/scrollBarNib.png</textureslidernib>
        <textureslidernibfocus>views/scrollBarNib.png</textureslidernibfocus>
        <pulseonselect>yes</pulseonselect>
				<onup>509</onup>
				<ondown>2</ondown>
				<showonepage>false</showonepage>
				<orientation>horizontal</orientation>
				<visible>Control.IsVisible(509)</visible>
			</control>
      <include>MusicMediaFlags</include>
      <include>Furniture_DarkGradient</include>
		</control>
	</include>
	
	<include name="ArtistMediaListView">
		<control type="group">
			<visible>Control.IsVisible(512)</visible>
			<include>VisibleFadeEffect</include>
			<control type="list" id="512">
				<posx>660</posx>
				<posy>60</posy>
				<width>580</width>
				<height>601</height>
				<onleft>2</onleft>
				<onright>60</onright>
				<onup>512</onup>
				<ondown>512</ondown>
				<viewtype label="$LOCALIZE[544]">list</viewtype>
				<pagecontrol>60</pagecontrol>
				<scrolltime>200</scrolltime>
				<visible>Container.Content(Artists)</visible>
				<itemlayout height="40" width="580">
					<control type="image">
						<posx>0</posx>
						<posy>0</posy>
						<width>580</width>
						<height>41</height>
						<texture border="0,2,0,2">MenuItemNF.png</texture>
					</control>
					<control type="label">
						<posx>10</posx>
						<posy>0</posy>
						<width>560</width>
						<height>40</height>
						<font>font13</font>
						<textcolor>grey2</textcolor>
						<selectedcolor>selected</selectedcolor>
						<align>left</align>
						<aligny>center</aligny>
						<label>$INFO[ListItem.Label]</label>
					</control>
				</itemlayout>
				<focusedlayout height="40" width="580">
					<control type="image">
						<posx>0</posx>
						<posy>0</posy>
						<width>580</width>
						<height>41</height>
						<texture border="0,2,0,2">MenuItemNF.png</texture>
						<visible>!Control.HasFocus(512)</visible>
						<include>VisibleFadeEffect</include>
					</control>
					<control type="image">
						<posx>0</posx>
						<posy>0</posy>
						<width>580</width>
						<height>41</height>
						<texture border="0,2,0,2">MenuItemFO.png</texture>
						<visible>Control.HasFocus(512)</visible>
						<include>VisibleFadeEffect</include>
					</control>
					<control type="label">
						<posx>10</posx>
						<posy>0</posy>
						<width>560</width>
						<height>40</height>
						<font>font13</font>
						<textcolor>white</textcolor>
						<selectedcolor>selected</selectedcolor>
						<align>left</align>
						<aligny>center</aligny>
						<label>$INFO[ListItem.Label]</label>
					</control>
				</focusedlayout>
			</control>
			<control type="group">
				<posx>50</posx>
				<posy>60</posy>
				<control type="scrollbar" id="60">
					<posx>1180</posx>
					<posy>10</posy>
					<width>25</width>
					<height>600</height>
					<texturesliderbackground border="0,14,0,14">ScrollBarV.png</texturesliderbackground>
					<texturesliderbar border="0,14,0,14">ScrollBarV_bar.png</texturesliderbar>
					<texturesliderbarfocus border="0,14,0,14">ScrollBarV_bar_focus.png</texturesliderbarfocus>
					<textureslidernib>ScrollBarNib.png</textureslidernib>
					<textureslidernibfocus>ScrollBarNib.png</textureslidernibfocus>
					<onleft>512</onleft>
					<onright>2</onright>
					<showonepage>false</showonepage>
					<orientation>vertical</orientation>
					<visible>Control.IsVisible(512)</visible>
				</control>
			</control>
			<control type="group">
				<posx>50</posx>
				<posy>60</posy>
				<control type="label">
					<description>Artist Title txt</description>
					<posx>0</posx>
					<posy>0</posy>
					<width>600</width>
					<height>15</height>
					<label>$INFO[ListItem.Label]</label>
					<align>center</align>
					<aligny>center</aligny>
					<font>font24_title</font>
					<textcolor>white</textcolor>
					<shadowcolor>black</shadowcolor>
					<wrapmultiline>true</wrapmultiline>
				</control>
				<control type="image">
					<posx>0</posx>
					<posy>30</posy>
					<width>600</width>
					<height>340</height>
					<aspectratio aligny="top">keep</aspectratio>
					<fadetime>IconCrossfadeTime</fadetime>
					<texture background="true" fallback="Fanart_Fallback_Music_Small.jpg" >$INFO[ListItem.Property(fanart_image)]</texture>
					<bordertexture border="8">ThumbShadow.png</bordertexture>
					<bordersize>8</bordersize>
					<visible>!Skin.HasSetting(MusicLibraryFanartView512)</visible>
				</control>
				<control type="image">
					<posx>0</posx>
					<posy>30</posy>
					<width>600</width>
					<height>340</height>
					<aspectratio>keep</aspectratio>
					<fadetime>IconCrossfadeTime</fadetime>
					<texture background="true">$INFO[ListItem.Icon]</texture>
					<bordertexture border="8">ThumbShadow.png</bordertexture>
					<bordersize>8</bordersize>
					<visible>Skin.HasSetting(MusicLibraryFanartView512)</visible>
				</control>
				<control type="image">
					<posx>8</posx>
					<posy>502</posy>
					<width>584</width>
					<height>324</height>
					<aspectratio aligny="top">keep</aspectratio>
					<fadetime>IconCrossfadeTime</fadetime>
					<texture background="true" flipy="true" diffuse="diffuse_mirror2.png">$INFO[ListItem.Icon]</texture>
					<visible>Skin.HasSetting(MusicLibraryFanartView512)</visible>
				</control>
				<control type="group">
					<posy>200</posy>
					<control type="image">
						<posx>0</posx>
						<posy>205</posy>
						<width>600</width>
						<height>4</height>
						<texture>separator.png</texture>
					</control>
					<control type="label">
						<description>Born txt</description>
						<posx>140</posx>
						<posy>215</posy>
						<width>140</width>
						<height>25</height>
						<label>$LOCALIZE[21893]:</label>
						<align>right</align>
						<aligny>center</aligny>
						<font>font13_title</font>
						<textcolor>blue</textcolor>
						<visible>!IsEmpty(ListItem.Property(Artist_Born))</visible>
					</control>
					<control type="label">
						<description>Born Value</description>
						<posx>150</posx>
						<posy>215</posy>
						<width>450</width>
						<height>25</height>
						<label>$INFO[ListItem.Property(Artist_Born)]</label>
						<align>left</align>
						<aligny>center</aligny>
						<font>font13</font>
						<scroll>true</scroll>
						<visible>!IsEmpty(ListItem.Property(Artist_Born))</visible>
					</control>
					<control type="label">
						<description>Formed txt</description>
						<posx>140</posx>
						<posy>215</posy>
						<width>140</width>
						<height>25</height>
						<label>$LOCALIZE[21894]:</label>
						<align>right</align>
						<aligny>center</aligny>
						<font>font13_title</font>
						<textcolor>blue</textcolor>
						<visible>!IsEmpty(ListItem.Property(Artist_Formed))</visible>
					</control>
					<control type="label">
						<description>Formed Value</description>
						<posx>150</posx>
						<posy>215</posy>
						<width>450</width>
						<height>25</height>
						<label>$INFO[ListItem.Property(Artist_Formed)]</label>
						<align>left</align>
						<aligny>center</aligny>
						<font>font13</font>
						<scroll>true</scroll>
						<visible>!IsEmpty(ListItem.Property(Artist_Formed))</visible>
					</control>
					<control type="label">
						<description>Genre txt</description>
						<posx>140</posx>
						<posy>240</posy>
						<width>140</width>
						<height>25</height>
						<label>$LOCALIZE[515]:</label>
						<align>right</align>
						<aligny>center</aligny>
						<font>font13_title</font>
						<textcolor>blue</textcolor>
					</control>
					<control type="label">
						<description>Genre Value</description>
						<posx>150</posx>
						<posy>240</posy>
						<width>450</width>
						<height>25</height>
						<label fallback="416">$INFO[ListItem.Property(Artist_Genre)]</label>
						<align>left</align>
						<aligny>center</aligny>
						<font>font13</font>
						<scroll>true</scroll>
					</control>
					<control type="image">
						<posx>0</posx>
						<posy>275</posy>
						<width>550</width>
						<height>4</height>
						<texture>separator.png</texture>
					</control>
					<control type="textbox">
						<description>Description Value for Artist</description>
						<posx>0</posx>
						<posy>290</posy>
						<width>600</width>
						<height>120</height>
						<font>font12</font>
						<align>justify</align>
						<textcolor>white</textcolor>
						<label>$INFO[ListItem.Property(Artist_Description)]</label>
						<autoscroll time="2000" delay="3000" repeat="5000">Skin.HasSetting(AutoScroll)</autoscroll>
					</control>
				</control>
			</control>
		</control>
	</include>
  <include name="AlbumInfoListView">
    <control type="group">
      <visible>Control.IsVisible(513)</visible>
      <include>Furniture_Showcase</include>
      <include>ShowcaseSquareDVD</include>

      <control type="wraplist" id="513">
        <visible>[Window.IsActive(501)|Window.IsActive(502)|Window.IsActive(1)|Window.IsActive(2)]</visible>

        <posx>0</posx>
        <posy>387</posy>
        <width>1280</width>
        <height>350</height>

        <onleft>513</onleft>
        <onright>513</onright>
        <onup>2</onup>
        <ondown>60</ondown>
        <viewtype label="Showcase CD">bigwrap</viewtype>
        <pagecontrol>60</pagecontrol>
        <scrolltime>200</scrolltime>
        <focusposition>2</focusposition>
        <orientation>horizontal</orientation>
        <preloaditems>4</preloaditems>
        <itemlayout height="350" width="250">
          
          <control type="group">
            <visible>Skin.HasSetting(noflowalbumdvd)</visible>
            <include condition="Window.IsActive(2)">MusicShowcaseBlackDVD</include>
            <control type="image">
              <include>MusicShowcaseThumbDVD</include>
              <info>ListItem.Thumb</info>
            </control>
            <control type="image">
              <description>Glass overlay</description>
              <include>MusicShowcaseGlassOverlayAngledCD</include>
            </control>
            <include condition="Window.IsActive(2)">MusicShowcaseBlackReflectionDVD</include>
            <control type="image">
              <include>MusicShowcaseThumbReflectionDVD</include>
              <info>ListItem.Thumb</info>
            </control>
            <control type="image">
              <description>Glass overlay reflection</description>
              <include>MusicShowcaseThumbReflectionCD</include>
            </control>
          </control>
        </itemlayout>
        <focusedlayout height="350" width="250">
          <control type="group">
            <visible>Skin.HasSetting(noflowalbumdvd)</visible>
            <animation effect="zoom" start="100" end="113" center="135,230" time="400" easing="out" reversible="false" tween="cubic">Focus</animation>
            <animation effect="zoom" start="113" end="100" center="135,230" time="400" easing="out" reversible="false" tween="cubic">Unfocus</animation>
            <include condition="Window.IsActive(2)">MusicShowcaseBlackDVD</include>
            <control type="image">
              <include>MusicShowcaseThumbDVD</include>
              <info>ListItem.Thumb</info>
            </control>
            <control type="image">
              <description>Glass overlay</description>
              <include>MusicShowcaseGlassOverlayAngledCD</include>
            </control>
            <include condition="Window.IsActive(2)">MusicShowcaseBlackReflectionDVD</include>
            <control type="image">
              <include>MusicShowcaseThumbReflectionDVD</include>
              <info>ListItem.Thumb</info>
            </control>
            <control type="image">
              <description>Glass overlay reflection</description>
              <include>MusicShowcaseThumbReflectionCD</include>
            </control>
          </control>
        </focusedlayout>
      </control>
      <control type="label">
        <posx>340</posx>
        <posy>670</posy>
        <width>600</width>
        <align>center</align>
        <aligny>center</aligny>
        <include>Animation_CommonFade</include>
        <font>Font_Info</font>
        <textcolor>FFe1e1e1</textcolor>
        <shadowcolor>black</shadowcolor>
        <label>[UPPERCASE]$INFO[ListItem.Label2][/UPPERCASE]</label>
        <visible>!Control.HasFocus(60)+!ControlGroup(9000).HasFocus+!SubString(ListItem.Label,..)</visible>
      </control>
      <control type="label">
        <posx>340</posx>
        <posy>693</posy>
        <width>600</width>
        <align>center</align>
        <aligny>center</aligny>
        <include>Animation_CommonFade</include>
        <font>Font_ShowcaseMainLabel2</font>
        <textcolor>FFe1e1e1</textcolor>
        <shadowcolor>black</shadowcolor>
        <label>[UPPERCASE]$INFO[ListItem.Label][/UPPERCASE]</label>
        <visible>!Control.HasFocus(60)+!ControlGroup(9000).HasFocus</visible>
      </control>
      <control type="label">
        <posx>340</posx>
        <posy>693</posy>
        <width>600</width>
        <align>center</align>
        <aligny>center</aligny>
        <include>Animation_CommonFade</include>
        <font>Font_ShowcaseMainLabel2</font>
        <textcolor>FFe1e1e1</textcolor>
        <shadowcolor>black</shadowcolor>
        <label>[UPPERCASE]$INFO[Container.NumItems] $LOCALIZE[31025] | $LOCALIZE[31024] $INFO[Container.CurrentPage]/$INFO[Container.NumPages][/UPPERCASE]</label>
        <visible>ControlGroup(9000).HasFocus</visible>
      </control>
      <control type="scrollbar" id="60">
        <posx>305</posx>
        <posy>670</posy>
        <width>670</width>
        <height>41</height>
        <visible allowhiddenfocus="true">Control.HasFocus(60)</visible>
        <texturesliderbackground border="14,0,14,0">views/scrollBarH.png</texturesliderbackground>
        <texturesliderbar border="14,0,14,0">views/scrollBarH_bar.png</texturesliderbar>
        <texturesliderbarfocus border="14,0,14,0">views/scrollBarH_bar_focus.png</texturesliderbarfocus>
        <textureslidernib>views/scrollBarNib.png</textureslidernib>
        <textureslidernibfocus>views/scrollBarNib.png</textureslidernibfocus>
        <pulseonselect>yes</pulseonselect>
        <onup>513</onup>
        <ondown>2</ondown>
        <showonepage>false</showonepage>
        <orientation>horizontal</orientation>
        <visible>Control.IsVisible(513)</visible>
      </control>
      <include>MusicMediaFlags</include>
      <include>Furniture_DarkGradient</include>
    </control>
  </include>
</includes>
