<colors>
	<color name="white">FFFFFFFF</color>
	<color name="grey">FFb4b4b4</color>
	<color name="grey2">88FFFFFF</color>
	<color name="grey3">33FFFFFF</color>
	<color name="black">FF000000</color>
	<color name="blue">FF0084ff</color>
  <color name="selected">9b3cd2fd</color>
  <color name="dialogheader">DDced8da</color>
  <color name="red">FFCE4421</color>
  <color name="floor">FFe1e1e1</color>

  <color name="high">FFC61F26</color>
  <color name="low">FF0055be</color>
  <color name="green">FF00FF00</color>
  <color name="yellow">FFFFFF00</color>
  <color name="orange">FFFEAF33</color>
  <color name="default">FFFFFFFF</color>
  <color name="rss_headline">FF0055be</color>

</colors>