<?xml version="1.0"?>
<window id="502">
  <defaultcontrol always="true">50</defaultcontrol>
  <allowoverlay>yes</allowoverlay>
  <views>50,500,550,509,506,511,512,513</views>
  <controls>
    <include>CommonMusicBackground</include>
    <control type="group">
      <include>Animation_OpenCloseZoom</include>
      <control type="image">
        <posx>0</posx>
        <posy>0</posy>
        <width>1280</width>
        <height>720</height>
        <texture background="true">$INFO[ListItem.Property(Fanart_Image)]</texture>
        <include>backgroundfade</include>
        <fadetime>FanartCrossfadeTime</fadetime>
        <include condition="Skin.HasSetting(animatedbg)">Animation_Background</include>
        <visible>!Skin.HasSetting(MusicLibraryFanart) + !IsEmpty(ListItem.Property(Fanart_Image))</visible>
      </control>
      <control type="image">
        <posx>0</posx>
        <posy>0</posy>
        <width>1280</width>
        <height>720</height>
        <texture background="true">$INFO[Fanart.Image]</texture>
        <include>backgroundfade</include>
        <fadetime>FanartCrossfadeTime</fadetime>
        <include condition="Skin.HasSetting(animatedbg)">Animation_Background</include>
        <visible>!Skin.HasSetting(MusicLibraryFanart) + !IsEmpty(Fanart.Image)</visible>
      </control>
    </control>
    <control type="image" id="199">
      <posx>0</posx>
      <posy>0</posy>
      <width>0</width>
      <height>0</height>
      <texture>-</texture>
      <visible>[!Container.OnNext + !Container.OnPrevious+Skin.HasSetting(infopaneautomusic)]|!Skin.HasSetting(infopaneautomusic)</visible>
      <animation effect="fade" start="0" end="100" time="150" delay="1000" condition="Skin.HasSetting(1sec)">Visible</animation>
      <animation effect="fade" start="0" end="100" time="150" delay="2000" condition="Skin.HasSetting(2sec)">Visible</animation>
      <animation effect="fade" start="0" end="100" time="150" delay="3000" condition="Skin.HasSetting(3sec)">Visible</animation>
      <animation effect="fade" start="0" end="100" time="150" delay="4000" condition="Skin.HasSetting(4sec)">Visible</animation>
      <animation effect="fade" start="0" end="100" time="150" delay="5000" condition="Skin.HasSetting(5sec)">Visible</animation>
    </control>

    <control type="group">
      <include>Animation_OpenCloseZoom</include>
      <include>Animation_HideMusic</include>
      <visible>[Control.IsVisible(513)|Control.IsVisible(509)]+!Control.HasFocus(110)</visible>
      <include>Furniture_Showcase</include>
    </control>
    <control type="group">
      <include>Animation_OpenCloseZoom</include>
      <visible>Control.IsVisible(513)|Control.IsVisible(509)</visible>
      <include>ShowcaseInfoPaneMusic</include>
    </control>
    <control type="group">
      <include>Animation_OpenCloseZoom</include>
      <include>CommonRootView</include>
      <!-- view id = 50 -->
      <include>Viewtype_Wall</include>
      <!-- view id = 500 -->
      <include>LowListMusic</include>
      <!-- view id = 506 -->
      <include>ShowcaseQuadrate</include>
      <!-- view id = 509 -->
      <include>ShowcaseCD</include>
      <!-- view id = 513 -->
      <include>AddonWall</include>
    </control>
    <control type="group">
      <include>Animation_OpenCloseZoom</include>
      <visible>Control.IsVisible(513)|Control.IsVisible(509)|Control.IsVisible(500)</visible>
      <include>MusicMediaFlags</include>
    </control>
    <control type="group">
      <include>Animation_OpenCloseZoom</include>
      <visible>Control.IsVisible(513)|Control.IsVisible(509)</visible>
      <include>Furniture_DarkGradient</include>
    </control>
    <include>ScrollOffsetLabel</include>
    <include condition="Skin.HasSetting(breadcrumb)">Breadcrumbs</include>
    <include>Furniture_NowPlayingWidget</include>
    <include condition="Skin.HasSetting(globaltime)">Furniture_Clock</include>
    <include>Media_Menu</include>
  </controls>
</window>
