<includes>
  <include name="ListIconNoCase">
    <control type="group">
      <posx>850</posx>
      <posy>100</posy>
      <visible>Window.IsActive(videolibrary)+[Container.Content(movies)|Container.Content(tvshows)|Container.Content(seasons)]</visible>
      <include>Animation_ListSlideRight</include>
      <control type="image">
        <posx>0</posx>
        <posy>0</posy>
        <width>360</width>
        <height>540</height>
        <aspectratio scalediffuse="false">stretch</aspectratio>
        <fadetime>IconCrossfadeTime2</fadetime>
        <texture background="true" diffuse="thumbs/movieposter_mask.png">$INFO[ListItem.Icon]</texture>
      </control>
      <control type="image">
        <posx>-19</posx>
        <posy>-19</posy>
        <width>398</width>
        <height>578</height>
        <aspectratio scalediffuse="false">stretch</aspectratio>
        <fadetime>IconCrossfadeTime2</fadetime>
        <texture diffuse="thumbs/movieposter_mask.png" background="true">thumbs/poster_glass_noreflect.png</texture>
        <bordertexture>thumbs/poster_shadow.png</bordertexture>
        <bordersize>20</bordersize>
      </control>
      <control type="image">
        <posx>0</posx>
        <posy>540</posy>
        <width>360</width>
        <height>540</height>
        <aspectratio scalediffuse="false">stretch</aspectratio>
        <fadetime>IconCrossfadeTime2</fadetime>
        <texture diffuse="thumbs/movieposter_mask_reflect.png" flipy="true" background="true">$INFO[ListItem.Icon]</texture>
        <colordiffuse>72FFFFFF</colordiffuse>
      </control>
    </control>
  </include>
  <include name="ListIconCase">
    <control type="group">
      <posx>853</posx>
      <posy>90</posy>
      <visible>Window.IsActive(videolibrary)+[Container.Content(movies)|Container.Content(tvshows)|Container.Content(seasons)]</visible>
      <include>Animation_ListSlideRight</include>
      <control type="image">
        <posx>0</posx>
        <posy>-10</posy>
        <width>367</width>
        <height>578</height>
        <aspectratio scalediffuse="false">stretch</aspectratio>
        <texture background="true" fallback="thumbs/boxes/default_case.png">thumbs/boxes/$INFO[Control.GetLabel(54321)]/$INFO[ListItem.VideoResolution]p.png</texture>
        <fadetime>400</fadetime>
      </control>
      <control type="image">
        <posx>7</posx>
        <posy>51</posy>
        <width>340</width>
        <height>477</height>
        <aspectratio scalediffuse="false">stretch</aspectratio>
        <fadetime>IconCrossfadeTime2</fadetime>
        <texture background="true" diffuse="thumbs/boxes/case_mask.png">$INFO[ListItem.Icon]</texture>
      </control>
      <control type="image">
        <posx>0</posx>
        <posy>-10</posy>
        <width>367</width>
        <height>578</height>
        <aspectratio scalediffuse="false">stretch</aspectratio>
        <fadetime>IconCrossfadeTime2</fadetime>
        <texture background="true">thumbs/boxes/Overlay.png</texture>
      </control>
      <control type="image">
        <posx>0</posx>
        <posy>535</posy>
        <width>367</width>
        <height>578</height>
        <aspectratio scalediffuse="false">stretch</aspectratio>
        <texture background="true" flipy="true" fallback="thumbs/boxes/default_case.png">thumbs/boxes/$INFO[Control.GetLabel(54321)]/$INFO[ListItem.VideoResolution]p.png</texture>
        <fadetime>400</fadetime>
        <colordiffuse>52FFFFFF</colordiffuse>
      </control>
      <control type="image">
        <posx>7</posx>
        <posy>575</posy>
        <width>340</width>
        <height>477</height>
        <aspectratio scalediffuse="false">stretch</aspectratio>
        <fadetime>IconCrossfadeTime2</fadetime>
        <texture diffuse="thumbs/movieposter_mask_reflect.png" flipy="true" background="true">$INFO[ListItem.Icon]</texture>
        <colordiffuse>52FFFFFF</colordiffuse>
      </control>
    </control>
  </include>
  <include name="CommonRootView">
    <control type="group">
      <visible>Control.IsVisible(50)</visible>
      <control type="image">
        <posx>0</posx>
        <posy>335</posy>
        <width>1280</width>
        <height>405</height>
        <texture>views/showcase_floor.png</texture>
        <include>Animation_CommonFade</include>
      </control>
      <control type="group">
        <posx>-10</posx>
        <control type="image">
          <animation effect="slide" time="1000" start="800,0" end="0,0" tween="cubic" easing="out">WindowOpen</animation>
          <posx>538</posx>
          <posy>603</posy>
          <width>993</width>
          <height>137</height>
          <texture>views/showcase_spot.png</texture>
        </control>
        <control type="image">
          <posx>394</posx>
          <posy>655</posy>
          <width>1280</width>
          <height>68</height>
          <texture background="true">views/showcase_gradient.png</texture>
          <include>Animation_CommonFade</include>
          <include>Animation_HideMultiplex</include>
        </control>
      </control>
      <control type="image">
        <width>1280</width>
        <height>603</height>
        <texture>common/black.png</texture>
        <colordiffuse>aaffffff</colordiffuse>
        <visible>Skin.HasSetting(darklist)</visible>
      </control>
      <include condition="StringCompare(Skin.CurrentTheme,Neon65)">Neon_Floor</include>
      <control type="group">
        <include>Animation_ListSlideLeft</include>
        <control type="image">
          <include>Animation_CommonFade</include>
          <posx>60</posx>
          <posy>73</posy>
          <width>759</width>
          <height>647</height>
          <texture background="true">views/listpanel_black.png</texture>
          <visible>!Skin.HasSetting(listpanelthin)</visible>
        </control>
        <control type="image">
          <include>Animation_CommonFade</include>
          <posx>60</posx>
          <posy>73</posy>
          <width>759</width>
          <height>647</height>
          <texture>views/listpanel_back.png</texture>
        </control>
        <include condition="Skin.HasSetting(effect_bg)">BG_Effect_List_Panel</include>
        <control type="image">
          <posx>96</posx>
          <posy>82</posy>
          <width>53</width>
          <height>579</height>
          <texture>views/listpanel_detailwide.png</texture>
          <visible>Window.IsActive(musicplaylist) | Window.IsActive(musicfiles) | [Window.IsActive(musiclibrary)+!Container.Content(albums)+!Skin.HasSetting(slimlist)] | [Window.IsActive(videolibrary)+!Container.Content(movies)+!Skin.HasSetting(slimlist)]</visible>
        </control>
        <control type="image">
          <posx>669</posx>
          <posy>82</posy>
          <width>97</width>
          <height>567</height>
          <texture>views/listpanel_detailwide.png</texture>
          <visible>Control.IsVisible(50) + [[[Window.IsActive(pictures) | Window.IsActive(videofiles) | Window.IsActive(programs) | Window.IsActive(scripts)  | [Window.IsActive(videolibrary) + !Skin.HasSetting(videotv)]] ] | [[Window.IsActive(videolibrary) + Skin.HasSetting(videotv)] + !Skin.HasSetting(slimlist)] | [Window.IsActive(musicplaylist) | Window.IsActive(musicfiles) | Container.Content(albums) | Container.Content(songs)]]</visible>
        </control>
        <control type="list" id="50">
          <posx>60</posx>
          <posy>105</posy>
          <width>771</width>
          <height>520</height>
          <onleft>60</onleft>
          <onright>SetFocus(9000)</onright>
          <onup>50</onup>
          <ondown>50</ondown>
          <viewtype label="535">list</viewtype>
          <pagecontrol>60</pagecontrol>
          <scrolltime>200</scrolltime>
          <itemlayout height="65" condition="!Skin.HasSetting(slimlist)">
            <control type="image">
              <posx>12</posx>
              <posy>64</posy>
              <height>1</height>
              <width>739</width>
              <texture background="true">views/listpanel_line.png</texture>
            </control>
            <control type="group">
              <visible>[!Container.Content(albums)+!Container.Content(songs)+!Container.Content(movies)+!Container.Content(episodes)+!Window.IsActive(videofiles)+!Window.IsActive(pictures)]|Window.IsActive(videofiles)</visible>
              <control type="label">
                <posx>105</posx>
                <posy>12</posy>
                <width>480</width>
                <height>41</height>
                <font>Font_Reg22</font>
                <aligny>center</aligny>
                <include>listcolornofocus</include>
                <info>ListItem.Label</info>
              </control>
              <control type="label">
                <posx>656</posx>
                <posy>12</posy>
                <width>125</width>
                <height>41</height>
                <font>Font_Reg15</font>
                <align>center</align>
                <aligny>center</aligny>
                <include>listcolornofocus</include>
                <label>$INFO[ListItem.Label2]</label>
              </control>
            </control>
            <control type="group">
              <visible>Container.Content(songs)|Container.Content(albums)</visible>
              <control type="label">
                <posx>105</posx>
                <posy>23</posy>
                <width>480</width>
                <height>41</height>
                <font>Font_Reg22</font>
                <aligny>center</aligny>
                <include>listcolornofocus</include>
                <info>ListItem.label</info>
                <visible>[IsEmpty(ListItem.Title)+Container.Content(songs)]|[IsEmpty(ListItem.Album) + Container.Content(albums)]</visible>
              </control>
              <control type="label">
                <posx>62</posx>
                <posy>0</posy>
                <width>45</width>
                <height>61</height>
                <font>Font_OSDTitle2</font>
                <align>center</align>
                <aligny>center</aligny>
                <include>listcolornofocus</include>
                <label>$INFO[ListItem.TrackNumber]</label>
                <visible>Container.Content(songs)</visible>
              </control>
              <control type="label">
                <posx>105</posx>
                <posy>1</posy>
                <width>480</width>
                <height>41</height>
                <font>Font_Reg22</font>
                <aligny>center</aligny>
                <include>listcolornofocus</include>
                <info>ListItem.Title</info>
                <visible>Container.Content(songs)</visible>
              </control>
              <control type="label">
                <posx>105</posx>
                <posy>1</posy>
                <width>480</width>
                <height>41</height>
                <font>Font_Reg22</font>
                <aligny>center</aligny>
                <include>listcolornofocus</include>
                <info>ListItem.Album</info>
                <visible>Container.Content(albums)</visible>
              </control>
              <control type="label">
                <posx>105</posx>
                <posy>23</posy>
                <width>470</width>
                <height>41</height>
                <font>Font_Reg17</font>
                <align>left</align>
                <aligny>center</aligny>
                <include>subcolornofocus</include>
                <label>$INFO[ListItem.Artist]</label>
              </control>
              <control type="label">
                <posx>656</posx>
                <posy>0</posy>
                <width>85</width>
                <height>41</height>
                <font>Font_Reg15</font>
                <align>center</align>
                <aligny>center</aligny>
                <include>detailcolornofocus</include>
                <label>[UPPERCASE]$INFO[ListItem.Label2][/UPPERCASE]</label>
                <visible>Container.Content(songs)</visible>
              </control>
              <control type="label">
                <posx>656</posx>
                <posy>0</posy>
                <width>85</width>
                <height>41</height>
                <font>Font_Reg15</font>
                <align>center</align>
                <aligny>center</aligny>
                <include>detailcolornofocus</include>
                <label>[UPPERCASE]$INFO[ListItem.Year][/UPPERCASE]</label>
                <visible>Container.Content(albums)</visible>
              </control>
              <control type="image">
                <description>IMDB rating</description>
                <posx>623</posx>
                <posy>37</posy>
                <width>65</width>
                <height>13</height>
                <info>ListItem.StarRating</info>
                <colordiffuse>dcffffff</colordiffuse>
              </control>
            </control>
            <control type="group">
              <visible>Container.Content(movies)+!Window.IsActive(videofiles)</visible>
              <control type="image">
                <posx>10</posx>
                <posy>3</posy>
                <width>90</width>
                <height>60</height>
                <aspectratio>keep</aspectratio>
                <colordiffuse>dcffffff</colordiffuse>
                <texture fallback="flags/studios/default-studio.png">$INFO[ListItem.Studio,flags/studios/,.png]</texture>
                <visible>!IsEmpty(ListItem.Studio)</visible>
              </control>
              <control type="label">
                <posx>105</posx>
                <posy>23</posy>
                <width>480</width>
                <height>41</height>
                <font>Font_Reg22</font>
                <aligny>center</aligny>
                <include>listcolornofocus</include>
                <info>ListItem.label</info>
                <visible>IsEmpty(ListItem.Title)</visible>
              </control>
              <control type="label">
                <posx>105</posx>
                <posy>1</posy>
                <width>480</width>
                <height>41</height>
                <font>Font_Reg22</font>
                <aligny>center</aligny>
                <include>listcolornofocus</include>
                <info>ListItem.Title</info>
              </control>
              <control type="label">
                <posx>105</posx>
                <posy>23</posy>
                <width>470</width>
                <height>41</height>
                <font>Font_Reg17</font>
                <align>left</align>
                <aligny>center</aligny>
                <include>subcolornofocus</include>
                <label>$INFO[ListItem.Director]</label>
              </control>
              <control type="label">
                <posx>656</posx>
                <posy>0</posy>
                <width>85</width>
                <height>41</height>
                <font>Font_Reg15</font>
                <align>center</align>
                <aligny>center</aligny>
                <include>detailcolornofocus</include>
                <label>[UPPERCASE]$INFO[ListItem.Year][/UPPERCASE]</label>
              </control>
            </control>
            <control type="group">
              <visible>Container.Content(episodes)+!Window.IsActive(videofiles)</visible>
              <control type="label">
                <posx>62</posx>
                <posy>0</posy>
                <width>85</width>
                <height>61</height>
                <font>Font_Bold20</font>
                <align>center</align>
                <aligny>center</aligny>
                <include>listcolornofocus</include>
                <label>$INFO[ListItem.Season]x$INFO[ListItem.Episode]</label>
                <visible>!IsEmpty(ListItem.Title)</visible>
              </control>
              <control type="label">
                <posx>105</posx>
                <posy>1</posy>
                <width>480</width>
                <height>41</height>
                <font>Font_Reg22</font>
                <aligny>center</aligny>
                <include>listcolornofocus</include>
                <info>ListItem.Title</info>
              </control>
              <control type="label">
                <posx>105</posx>
                <posy>23</posy>
                <width>480</width>
                <height>41</height>
                <font>Font_Reg22</font>
                <aligny>center</aligny>
                <include>listcolornofocus</include>
                <info>ListItem.label</info>
                <visible>IsEmpty(ListItem.Title)</visible>
              </control>
              <control type="label">
                <posx>105</posx>
                <posy>23</posy>
                <width>470</width>
                <height>41</height>
                <font>Font_Reg17</font>
                <align>left</align>
                <aligny>center</aligny>
                <include>subcolornofocus</include>
                <label>$INFO[ListItem.TVShowTitle]</label>
              </control>

              <control type="label">
                <description>First Aired</description>
                <posx>656</posx>
                <posy>0</posy>
                <width>85</width>
                <height>41</height>
                <font>Font_Reg15</font>
                <align>center</align>
                <aligny>center</aligny>
                <include>detailcolornofocus</include>
                <label>[UPPERCASE]$INFO[ListItem.Premiered][/UPPERCASE]</label>
              </control>

            </control>
            <control type="group">
              <visible>Window.IsActive(pictures)</visible>
              <control type="label">
                <posx>105</posx>
                <posy>1</posy>
                <width>480</width>
                <height>41</height>
                <font>Font_Reg22</font>
                <aligny>center</aligny>
                <include>listcolornofocus</include>
                <info>ListItem.Label</info>
              </control>
              <control type="label" id="623">
                <posx>105</posx>
                <posy>23</posy>
                <width>470</width>
                <height>41</height>
                <font>Font_Reg17</font>
                <align>left</align>
                <aligny>center</aligny>
                <include>subcolornofocus</include>
                <label>$INFO[ListItem.PictureDateTime]</label>
              </control>
              <control type="label">
                <posx>656</posx>
                <posy>0</posy>
                <width>100</width>
                <height>41</height>
                <font>Font_Reg15</font>
                <align>center</align>
                <aligny>center</aligny>
                <include>listcolornofocus</include>
                <label>[UPPERCASE]$INFO[ListItem.PictureResolution][/UPPERCASE]</label>
              </control>
              <control type="label">
                <posx>656</posx>
                <posy>23</posy>
                <width>85</width>
                <height>41</height>
                <font>Font_Reg15</font>
                <align>center</align>
                <aligny>center</aligny>
                <include>listcolornofocus</include>
                <label>[UPPERCASE]$INFO[ListItem.Label2][/UPPERCASE]</label>
              </control>
            </control>
            <control type="group">
              <visible>Container.Content(seasons)</visible>
              <control type="label">
                <posx>656</posx>
                <posy>12</posy>
                <width>85</width>
                <height>41</height>
                <font>Font_Reg15</font>
                <align>center</align>
                <aligny>center</aligny>
                <include>listcolornofocus</include>
                <label>$INFO[ListItem.Property(TotalEpisodes)] $LOCALIZE[20360]</label>
                <visible>!IsEmpty(ListItem.Title)+IntegerGreaterThan(ListItem.Property(TotalEpisodes),1)</visible>
              </control>
              <control type="label">
                <posx>656</posx>
                <posy>12</posy>
                <width>85</width>
                <height>41</height>
                <font>Font_Reg15</font>
                <align>center</align>
                <aligny>center</aligny>
                <include>listcolornofocus</include>
                <label>$INFO[ListItem.Property(TotalEpisodes)] $LOCALIZE[20359]</label>
                <visible>!IsEmpty(ListItem.Title)+!IntegerGreaterThan(ListItem.Property(TotalEpisodes),1)</visible>
              </control>
            </control>
            <control type="image">
              <description>IMDB rating</description>
              <posx>623</posx>
              <posy>37</posy>
              <width>65</width>
              <height>13</height>
              <info>ListItem.StarRating</info>
              <colordiffuse>dcffffff</colordiffuse>
              <visible>Container.Content(albums)|Container.Content(songs)</visible>
            </control>
            <control type="image">
              <description>IMDB rating</description>
              <posx>623</posx>
              <posy>37</posy>
              <width>65</width>
              <height>13</height>
              <texture>$INFO[ListItem.Rating,stars/,.png]</texture>
              <colordiffuse>dcbdbdbd</colordiffuse>
              <animation effect="fade" start="100" end="0" time="100" delay="0" condition="IsEmpty(ListItem.Title)" >Conditional</animation>
              <visible>Container.Content(movies)|Container.Content(episodes)</visible>
            </control>
            <control type="image">
              <posx>688</posx>
              <posy>19</posy>
              <width>80</width>
              <height>30</height>
              <visible>!IsEmpty(ListItem.Overlay)</visible>
              <info>ListItem.Overlay</info>
            </control>
            <control type="image">
              <posx>22</posx>
              <posy>2</posy>
              <width>60</width>
              <height>60</height>
              <aspectratio>scale</aspectratio>
              <info>ListItem.Icon</info>
              <visible>Container.Content(albums)|Window.IsActive(pictures)</visible>
            </control>
          </itemlayout>
          <focusedlayout height="65" condition="!Skin.HasSetting(slimlist)">
            <control type="image">
              <posx>12</posx>
              <posy>64</posy>
              <height>1</height>
              <width>739</width>
              <texture background="true">views/listpanel_line.png</texture>
            </control>
            <control type="image">
              <posx>7</posx>
              <posy>-5</posy>
              <width>743</width>
              <height>75</height>
              <texture background="true">views/listpanel_selectbar.png</texture>
            </control>
            <control type="group">
              <visible>[!Container.Content(albums)+!Container.Content(songs)+!Container.Content(movies)+!Container.Content(episodes)+!Window.IsActive(videofiles)+!Window.IsActive(pictures)]|Window.IsActive(videofiles)</visible>
              <control type="fadelabel">
                <posx>105</posx>
                <posy>12</posy>
                <width>480</width>
                <height>41</height>
                <font>Font_Reg22</font>
                <aligny>center</aligny>
                <include>listcolorfocus</include>
                <info>ListItem.Label</info>
              </control>
              <control type="label">
                <posx>656</posx>
                <posy>12</posy>
                <width>125</width>
                <height>41</height>
                <font>Font_Reg15</font>
                <align>center</align>
                <aligny>center</aligny>
                <include>listcolorfocus</include>
                <label>$INFO[ListItem.Label2]</label>
              </control>
            </control>
            <control type="group">
              <visible>Container.Content(songs)|Container.Content(albums)</visible>
              <control type="label">
                <posx>105</posx>
                <posy>23</posy>
                <width>480</width>
                <height>41</height>
                <font>Font_Reg22</font>
                <aligny>center</aligny>
                <include>listcolorfocus</include>
                <info>ListItem.label</info>
                <visible>[IsEmpty(ListItem.Title)+Container.Content(songs)]|[IsEmpty(ListItem.Album) + Container.Content(albums)]</visible>
              </control>
              <control type="label">
                <posx>62</posx>
                <posy>0</posy>
                <width>45</width>
                <height>61</height>
                <font>Font_OSDTitle2</font>
                <align>center</align>
                <aligny>center</aligny>
                <include>listcolorfocus</include>
                <label>$INFO[ListItem.TrackNumber]</label>
                <visible>Container.Content(songs)</visible>
              </control>
              <control type="label">
                <posx>105</posx>
                <posy>1</posy>
                <width>480</width>
                <height>41</height>
                <font>Font_Reg22</font>
                <aligny>center</aligny>
                <include>listcolorfocus</include>
                <info>ListItem.Album</info>
                <visible>Container.Content(albums)</visible>
              </control>
              <control type="label">
                <posx>105</posx>
                <posy>1</posy>
                <width>480</width>
                <height>41</height>
                <font>Font_Reg22</font>
                <aligny>center</aligny>
                <include>listcolorfocus</include>
                <info>ListItem.Title</info>
                <visible>Container.Content(songs)</visible>
              </control>
              <control type="label" id="623">
                <posx>105</posx>
                <posy>23</posy>
                <width>470</width>
                <height>41</height>
                <font>Font_Reg17</font>
                <align>left</align>
                <aligny>center</aligny>
                <include>subcolorfocus</include>
                <label>$INFO[ListItem.Artist]</label>
              </control>
              <control type="label">
                <posx>656</posx>
                <posy>0</posy>
                <width>85</width>
                <height>41</height>
                <font>Font_Reg15</font>
                <align>center</align>
                <aligny>center</aligny>
                <include>listcolorfocus</include>
                <label>[UPPERCASE]$INFO[ListItem.Label2][/UPPERCASE]</label>
                <visible>Container.Content(songs)</visible>
              </control>
              <control type="label">
                <posx>656</posx>
                <posy>0</posy>
                <width>85</width>
                <height>41</height>
                <font>Font_Reg15</font>
                <align>center</align>
                <aligny>center</aligny>
                <include>listcolorfocus</include>
                <label>[UPPERCASE]$INFO[ListItem.Year][/UPPERCASE]</label>
                <visible>Container.Content(albums)</visible>
              </control>
            </control>
            <control type="group">
              <visible>Container.Content(movies)+!Window.IsActive(videofiles)</visible>
              <control type="image">
                <posx>10</posx>
                <posy>3</posy>
                <width>90</width>
                <height>60</height>
                <aspectratio>keep</aspectratio>
                <colordiffuse>ff2e2e2e</colordiffuse>
                <texture fallback="flags/studios/default-studio.png">$INFO[ListItem.Studio,flags/studios/,.png]</texture>
                <visible>!IsEmpty(ListItem.Studio)</visible>
              </control>
              <control type="label">
                <posx>105</posx>
                <posy>23</posy>
                <width>480</width>
                <height>41</height>
                <font>Font_Reg22</font>
                <aligny>center</aligny>
                <include>listcolorfocus</include>
                <info>ListItem.label</info>
                <visible>IsEmpty(ListItem.Title)</visible>
              </control>
              <control type="label">
                <posx>105</posx>
                <posy>1</posy>
                <width>480</width>
                <height>41</height>
                <font>Font_Reg22</font>
                <aligny>center</aligny>
                <include>listcolorfocus</include>
                <info>ListItem.Title</info>
              </control>

              <control type="label" id="623">
                <posx>105</posx>
                <posy>23</posy>
                <width>470</width>
                <height>41</height>
                <font>Font_Reg17</font>
                <align>left</align>
                <aligny>center</aligny>
                <include>subcolorfocus</include>
                <label>$INFO[ListItem.Director]</label>
              </control>
              <control type="label">
                <posx>656</posx>
                <posy>0</posy>
                <width>85</width>
                <height>41</height>
                <font>Font_Reg15</font>
                <align>center</align>
                <aligny>center</aligny>
                <include>listcolorfocus</include>
                <label>[UPPERCASE]$INFO[ListItem.Year][/UPPERCASE]</label>
              </control>

            </control>
            <control type="group">
              <visible>Container.Content(episodes)</visible>
              <control type="label">
                <posx>62</posx>
                <posy>0</posy>
                <width>85</width>
                <height>61</height>
                <font>Font_Bold20</font>
                <align>center</align>
                <aligny>center</aligny>
                <include>listcolorfocus</include>
                <label>$INFO[ListItem.Season]x$INFO[ListItem.Episode]</label>
                <visible>!IsEmpty(ListItem.Title)</visible>
              </control>
              <control type="label">
                <posx>105</posx>
                <posy>1</posy>
                <width>480</width>
                <height>41</height>
                <font>Font_Reg22</font>
                <aligny>center</aligny>
                <include>listcolorfocus</include>
                <info>ListItem.Title</info>
              </control>
              <control type="label">
                <posx>105</posx>
                <posy>23</posy>
                <width>480</width>
                <height>41</height>
                <font>Font_Reg22</font>
                <aligny>center</aligny>
                <include>listcolorfocus</include>
                <info>ListItem.label</info>
                <visible>IsEmpty(ListItem.Title)</visible>
              </control>
              <control type="label" id="623">
                <posx>105</posx>
                <posy>23</posy>
                <width>470</width>
                <height>41</height>
                <font>Font_Reg17</font>
                <align>left</align>
                <aligny>center</aligny>
                <include>subcolorfocus</include>
                <label>$INFO[ListItem.TVShowTitle]</label>
              </control>

              <control type="label">
                <description>First Aired</description>
                <posx>656</posx>
                <posy>0</posy>
                <width>85</width>
                <height>41</height>
                <font>Font_Reg15</font>
                <align>center</align>
                <aligny>center</aligny>
                <include>subcolorfocus</include>
                <label>[UPPERCASE]$INFO[ListItem.Premiered][/UPPERCASE]</label>
              </control>
            </control>
            <control type="group">
              <visible>Container.Content(seasons)</visible>
              <control type="label">
                <posx>656</posx>
                <posy>12</posy>
                <width>85</width>
                <height>41</height>
                <font>Font_Reg15</font>
                <align>center</align>
                <aligny>center</aligny>
                <include>listcolorfocus</include>
                <label>$INFO[ListItem.Property(TotalEpisodes)] $LOCALIZE[20360]</label>
                <visible>!IsEmpty(ListItem.Title)+IntegerGreaterThan(ListItem.Property(TotalEpisodes),1)</visible>
              </control>
              <control type="label">
                <posx>656</posx>
                <posy>12</posy>
                <width>85</width>
                <height>41</height>
                <font>Font_Reg15</font>
                <align>center</align>
                <aligny>center</aligny>
                <include>listcolorfocus</include>
                <label>$INFO[ListItem.Property(TotalEpisodes)] $LOCALIZE[20359]</label>
                <visible>!IsEmpty(ListItem.Title)+!IntegerGreaterThan(ListItem.Property(TotalEpisodes),1)</visible>
              </control>
            </control>
            <control type="group">
              <visible>Window.IsActive(pictures)</visible>
              <control type="label">
                <posx>105</posx>
                <posy>1</posy>
                <width>480</width>
                <height>41</height>
                <font>Font_Reg22</font>
                <aligny>center</aligny>
                <include>listcolorfocus</include>
                <info>ListItem.Label</info>
              </control>
              <control type="label" id="623">
                <posx>105</posx>
                <posy>23</posy>
                <width>470</width>
                <height>41</height>
                <font>Font_Reg17</font>
                <align>left</align>
                <aligny>center</aligny>
                <include>subcolorfocus</include>
                <label>$INFO[ListItem.PictureDateTime]</label>
              </control>
              <control type="label">
                <posx>656</posx>
                <posy>0</posy>
                <width>100</width>
                <height>41</height>
                <font>Font_Reg15</font>
                <align>center</align>
                <aligny>center</aligny>
                <include>listcolorfocus</include>
                <label>[UPPERCASE]$INFO[ListItem.PictureResolution][/UPPERCASE]</label>
              </control>
            </control>
            <control type="label">
              <posx>656</posx>
              <posy>23</posy>
              <width>85</width>
              <height>41</height>
              <font>Font_Reg15</font>
              <align>center</align>
              <aligny>center</aligny>
              <include>listcolorfocus</include>
              <label>[UPPERCASE]$INFO[ListItem.Label2][/UPPERCASE]</label>
              <visible>[[Container.Content(movies)|Container.Content(episodes)]+!Window.IsActive(videofiles)]|Window.IsActive(pictures)</visible>
            </control>
            <control type="image">
              <description>IMDB rating</description>
              <posx>623</posx>
              <posy>37</posy>
              <width>65</width>
              <height>13</height>
              <info>ListItem.StarRating</info>
              <colordiffuse>ff2e2e2e</colordiffuse>
              <visible>Container.Content(albums)|Container.Content(songs)</visible>
            </control>
            <control type="image">
              <posx>688</posx>
              <posy>19</posy>
              <width>80</width>
              <height>30</height>
              <visible>!IsEmpty(ListItem.Overlay)</visible>
              <info>ListItem.Overlay</info>
            </control>
            <control type="image">
              <posx>22</posx>
              <posy>2</posy>
              <width>60</width>
              <height>60</height>
              <aspectratio>scale</aspectratio>
              <info>ListItem.Icon</info>
              <visible>Container.Content(albums)|Window.IsActive(pictures)</visible>
            </control>
          </focusedlayout>
          <itemlayout height="40" condition="Skin.HasSetting(slimlist)">
            <control type="image">
              <posx>12</posx>
              <posy>39</posy>
              <height>1</height>
              <width>739</width>
              <texture background="true">views/listpanel_line.png</texture>
            </control>
            <control type="group">
              <visible>!Container.Content(albums)</visible>
              <control type="label">
                <posx>55</posx>
                <posy>0</posy>
                <width>530</width>
                <height>40</height>
                <font>Font_Reg17</font>
                <aligny>center</aligny>
                <include>listcolornofocus</include>
                <info>ListItem.Label</info>
              </control>
              <control type="label">
                <posx>658</posx>
                <posy>0</posy>
                <width>97</width>
                <height>40</height>
                <font>Font_Reg17</font>
                <aligny>center</aligny>
                <align>center</align>
                <include>listcolornofocus</include>
                <info>ListItem.Label2</info>
              </control>
            </control>
            <control type="group">
              <visible>Container.Content(seasons)</visible>
              <control type="label">
                <posx>658</posx>
                <posy>0</posy>
                <width>97</width>
                <height>40</height>
                <font>Font_Reg15</font>
                <align>center</align>
                <aligny>center</aligny>
                <include>listcolornofocus</include>
                <label>$INFO[ListItem.Property(TotalEpisodes)] $LOCALIZE[20360]</label>
                <visible>!IsEmpty(ListItem.Title)</visible>
              </control>
            </control>
            <control type="group">
              <visible>Container.Content(albums)</visible>
              <control type="label">
                <posx>55</posx>
                <posy>0</posy>
                <width>530</width>
                <height>40</height>
                <font>Font_Reg17</font>
                <aligny>center</aligny>
                <include>listcolornofocus</include>
                <label>$INFO[ListItem.Album] - $INFO[ListItem.Artist]</label>
              </control>
              <control type="image">
                <description>IMDB rating</description>
                <posx>623</posx>
                <posy>14</posy>
                <width>65</width>
                <height>13</height>
                <info>ListItem.StarRating</info>
                <colordiffuse>dcffffff</colordiffuse>
              </control>
            </control>
            <control type="image">
              <posx>688</posx>
              <posy>11</posy>
              <width>80</width>
              <height>20</height>
              <visible>!IsEmpty(ListItem.Overlay)</visible>
              <info>ListItem.Overlay</info>
            </control>
          </itemlayout>
          <focusedlayout height="40" condition="Skin.HasSetting(slimlist)">
            <control type="image">
              <posx>12</posx>
              <posy>39</posy>
              <height>1</height>
              <width>739</width>
              <texture background="true">views/listpanel_line.png</texture>
            </control>
            <control type="image">
              <posx>7</posx>
              <posy>-3</posy>
              <width>743</width>
              <height>46</height>
              <texture background="true">views/listpanel_selectbar.png</texture>
            </control>
            <control type="group">
              <visible>!Container.Content(albums)</visible>
              <control type="fadelabel">
                <posx>55</posx>
                <posy>0</posy>
                <width>530</width>
                <height>40</height>
                <font>Font_Reg17</font>
                <aligny>center</aligny>
                <include>listcolorfocus</include>
                <info>ListItem.Label</info>
              </control>
              <control type="label">
                <posx>658</posx>
                <posy>0</posy>
                <width>97</width>
                <height>40</height>
                <font>Font_Reg17</font>
                <aligny>center</aligny>
                <align>center</align>
                <include>listcolorfocus</include>
                <info>ListItem.Label2</info>
              </control>
            </control>
            <control type="group">
              <visible>Container.Content(seasons)</visible>
              <control type="label">
                <posx>658</posx>
                <posy>0</posy>
                <width>97</width>
                <height>40</height>
                <font>Font_Reg15</font>
                <align>center</align>
                <aligny>center</aligny>
                <include>listcolorfocus</include>
                <label>$INFO[ListItem.Property(TotalEpisodes)] $LOCALIZE[20360]</label>
                <visible>!IsEmpty(ListItem.Title)</visible>
              </control>
            </control>
            <control type="group">
              <visible>Container.Content(albums)</visible>
              <control type="fadelabel">
                <posx>55</posx>
                <posy>0</posy>
                <width>530</width>
                <height>40</height>
                <font>Font_Reg17</font>
                <aligny>center</aligny>
                <include>listcolorfocus</include>
                <label>$INFO[ListItem.Album] - $INFO[ListItem.Artist]</label>
              </control>
              <control type="image">
                <description>IMDB rating</description>
                <posx>623</posx>
                <posy>14</posy>
                <width>65</width>
                <height>13</height>
                <info>ListItem.StarRating</info>
                <colordiffuse>ff2e2e2e</colordiffuse>
              </control>
            </control>
            <control type="image">
              <posx>688</posx>
              <posy>11</posy>
              <width>80</width>
              <height>20</height>
              <visible>!IsEmpty(ListItem.Overlay)</visible>
              <info>ListItem.Overlay</info>
            </control>
          </focusedlayout>
        </control>
        <control type="scrollbar" id="60">
          <posx>15</posx>
          <posy>108</posy>
          <width>65</width>
          <height>545</height>
          <texturesliderbackground>views/scrollbarbacklist.png</texturesliderbackground>
          <texturesliderbar>-</texturesliderbar>
          <texturesliderbarfocus>-</texturesliderbarfocus>
          <textureslidernib>views/scrollbarnub-nofocus.png</textureslidernib>
          <textureslidernibfocus>views/scrollbarnub-focus.png</textureslidernibfocus>
          <pulseonselect>no</pulseonselect>
          <orientation>vertical</orientation>
          <showonepage>true</showonepage>
          <onup>60</onup>
          <ondown>60</ondown>
          <onleft>SetFocus(9000)</onleft>
          <onright>50</onright>
          <include>Animation_CommonFade</include>
          <visible>Control.IsVisible(50)</visible>
        </control>
      </control>
      <control type="label" id="161">
        <posx>105</posx>
        <posy>636</posy>
        <width>180</width>
        <height>41</height>
        <font>Font_Reg15</font>
        <align>left</align>
        <aligny>center</aligny>
        <textcolor>ff969696</textcolor>
        <label>$INFO[Container(50).NumItems] $LOCALIZE[31025] ($INFO[Container(50).Totaltime])</label>
        <visible>[!Container(50).HasFolders|Container.Content(movies)]+!Window.IsActive(pictures)+!Window.IsActive(addonbrowser)+!Window.IsActive(videofiles)</visible>
      </control>
      <control type="label" id="161">
        <posx>105</posx>
        <posy>636</posy>
        <width>180</width>
        <height>41</height>
        <font>Font_Reg15</font>
        <align>left</align>
        <aligny>center</aligny>
        <textcolor>ff969696</textcolor>
        <label>$INFO[Container(50).NumItems] $LOCALIZE[31025]</label>
        <visible>[Container(50).HasFolders+!Container.Content(movies)]|Window.IsActive(pictures)|Window.IsActive(addonbrowser)|Window.IsActive(videofiles)</visible>
      </control>
      <control type="label" id="161">
        <posx>676</posx>
        <posy>636</posy>
        <width>85</width>
        <height>41</height>
        <font>Font_Reg15</font>
        <align>center</align>
        <aligny>center</aligny>
        <textcolor>ff969696</textcolor>
        <label>$LOCALIZE[31024] $INFO[Container(50).CurrentPage]/$INFO[Container(50).NumPages]</label>
      </control>
      <control type="group">
        <posx>850</posx>
        <posy>100</posy>
        <include>Animation_ListSlideRight</include>
        <visible>!Container.Content(songs)+!Container.Content(movies)+!Container.Content(albums)+!Container.Content(tvshows)+!Container.Content(seasons)|Window.IsActive(videofiles)</visible>
        <control type="image">
          <posx>0</posx>
          <posy>0</posy>
          <width>360</width>
          <height>540</height>
          <aspectratio aligny="bottom">keep</aspectratio>
          <fadetime>IconCrossfadeTime2</fadetime>
          <texture background="true">$INFO[ListItem.Icon]</texture>
          <bordertexture border="8">thumbs/thumbshadow.png</bordertexture>
          <bordersize>8</bordersize>
        </control>
        <control type="image">
          <posx>8</posx>
          <posy>532</posy>
          <width>344</width>
          <height>524</height>
          <aspectratio aligny="top">keep</aspectratio>
          <fadetime>IconCrossfadeTime2</fadetime>
          <texture diffuse="thumbs/diffuse_mirror3.png" flipy="true" background="true">$INFO[ListItem.Icon]</texture>
        </control>
      </control>
      <include condition="!Skin.HasSetting(usecases)">ListIconNoCase</include>
      <include condition="Skin.HasSetting(usecases)">ListIconCase</include>
      <control type="group">
        <posx>850</posx>
        <posy>280</posy>
        <visible>Control.IsVisible(50)+[Container.Content(songs)|Container.Content(albums)]</visible>
        <include>Animation_ListSlideRight</include>
        <control type="image">
          <posx>8</posx>
          <posy>8</posy>
          <width>344</width>
          <height>344</height>
          <aspectratio scalediffuse="false">stretch</aspectratio>
          <fadetime>400</fadetime>
          <texture diffuse="thumbs/cdcover_mask.png" background="true">$INFO[ListItem.Icon]</texture>
        </control>
        <control type="image">
          <posx>8</posx>
          <posy>8</posy>
          <width>344</width>
          <height>344</height>
          <aspectratio scalediffuse="false">stretch</aspectratio>
          <fadetime>400</fadetime>
          <texture diffuse="thumbs/cdcover_mask.png" background="true">thumbs/cd_glass_noedge.png</texture>
          <bordertexture border="-45">thumbs/cd_shadow.png</bordertexture>
        </control>
        <control type="image">
          <posx>8</posx>
          <posy>352</posy>
          <width>344</width>
          <height>344</height>
          <aspectratio scalediffuse="false">stretch</aspectratio>
          <fadetime>400</fadetime>
          <texture background="true" flipy="true" diffuse="thumbs/cdcover_mask_reflect.png">$INFO[ListItem.Thumb]</texture>
        </control>
      </control>
      <control type="image">
        <posx>850</posx>
        <posy>280</posy>
        <width>360</width>
        <height>140</height>
        <aspectratio>stretch</aspectratio>
        <fadetime>400</fadetime>
        <texture background="true">$INFO[ListItem.Path,,../logo.png]</texture>
        <visible>!Window.IsActive(videofiles)+Container.Content(episodes)</visible>
      </control>
      <include condition="!Skin.HasSetting(HideListFlags)">MusicMediaFlags</include>
      <include condition="!Skin.HasSetting(HideListFlags)">FloorFlagsList</include>
    </control>
  </include>
</includes>