<window type="dialog" id="2001">
  <defaultcontrol>6</defaultcontrol>
 
  <include>Animation_CommonFade</include>
  <controls>
    <control type="image">
      <posx>0</posx>
      <posy>0</posy>
      <width>1280</width>
      <height>720</height>
      <texture>common/darkgrey.png</texture>
    </control>
    <control type="image">
      <description>background image</description>
      <posx>508</posx>
      <posy>0</posy>
      <width>772</width>
      <height>720</height>
      <texture>info/info_rightpanelbottom.png</texture>
      <visible>IsEmpty(listitem.property(fanart_image))</visible>
    </control>
    
    <control type="image">
      <posx>508</posx>
      <posy>0</posy>
      <width>772</width>
      <height>720</height>
      <fadetime>500</fadetime>
      <texture background="true">$INFO[ListItem.Property(Fanart_Image)]</texture>
      <aspectratio>scale</aspectratio>
    </control>
    <control type="image">
      <description>background image</description>
      <posx>508</posx>
      <posy>0</posy>
      <width>772</width>
      <height>720</height>
      <texture>info/info_rightpaneltop.png</texture>
    </control>
    <include condition="Skin.HasSetting(effect_bg)">BG_Effect_Home</include>
    <control type="image">
      <posx>0</posx>
      <posy>83</posy>
      <width>580</width>
      <height>637</height>
      <texture>info/musicinfogradient.png</texture>
    </control>
    <control type="group">
      <posx>55</posx>
      <animation effect="rotatey" time="0" start="-20" end="-20" center="20,0" condition="true">Conditional</animation>
      <animation effect="slide" start="430" end="0" time="700" tween="cubic" easing="out" delay="400">WindowOpen</animation>
      <control type="image">
        <description>Cover image</description>
        <width>370</width>
        <height>400</height>
        <posy>160</posy>
        <texture background="true">$INFO[listitem.thumb]</texture>
        <bordertexture border="-77">info/musicinfoshadow.png</bordertexture>
        <aspectratio>stretch</aspectratio>
      </control>
      <control type="image">
        <description>Cover image</description>
        <posy>560</posy>
        <width>370</width>
        <height>400</height>
        <texture background="true" flipy="true" diffuse="thumbs/Thumb_Mask6.png">$INFO[listitem.thumb]</texture>
        <aspectratio>stretch</aspectratio>
      </control>
    </control>
 
    <control type="group">
      <posx>550</posx>
      <posy>45</posy>
      <width>695</width>
      <height>569</height>
      <visible>Container.Content(albums)</visible>
      <control type="image">
        <description>background image</description>
        <posx>0</posx>
        <posy>60</posy>
        <width>695</width>
        <height>560</height>
        <texture>info/info_music_panellines.png</texture>
      </control>

      <control type="label">
        <description>Movie title</description>
        <posx>0</posx>
        <posy>15</posy>
        <width>700</width>
        <font>Font_ShowcaseMainLabel2</font>
        <label>[UPPERCASE]$INFO[ListItem.Album][/UPPERCASE]</label>
        <textcolor>FFececec</textcolor>
      </control>

      <control type="label">
        <description>Artist</description>
        <posx>0</posx>
        <posy>64</posy>
        <width>700</width>
        <font>Font_ShowcaseMainLabel2</font>
        <label>[UPPERCASE]$INFO[ListItem.Artist][/UPPERCASE]</label>
        <textcolor>FF868686</textcolor>
      </control>

      <control type="label">
        <description>Movie year</description>
        <posx>0</posx>
        <posy>102</posy>
        <width>96</width>
        <align>center</align>
        <height>53</height>
        <aligny>center</aligny>
        <font>Font_OSDTitle2</font>
        <label fallback="-">$INFO[ListItem.Year]</label>
        <textcolor>FF868686</textcolor>
        <animation effect="slide" start="40,0" end="40,0" time="0" condition="IsEmpty(ListItem.Year)">Conditional</animation>
      </control>

      <control type="label">
        <description>Genre</description>
        <posx>113</posx>
        <posy>99</posy>
        <width>370</width>
        <align>left</align>
        <aligny>center</aligny>
        <font>Font_ShowcaseMainLabel2</font>
        <label fallback="312577">[UPPERCASE]$INFO[ListItem.Genre][/UPPERCASE]</label>
        <textcolor>FF868686</textcolor>
        <height>56</height>
      </control>

      <control type="label">
        <description>Label:</description>
        <posy>154</posy>
        <label>21899</label>
        <posx>3</posx>
        <width>110</width>
        <height>29</height>
        <align>left</align>
        <aligny>center</aligny>
        <font>Font_Info</font>
        <textcolor>FF868686</textcolor>
      </control>

      <control type="label">
        <description>Notes:</description>
        <posy>183</posy>
        <label>467</label>
        <posx>3</posx>
        <width>110</width>
        <height>29</height>
        <align>left</align>
        <aligny>center</aligny>
        <font>Font_Info</font>
        <textcolor>FF868686</textcolor>
      </control>

      <control type="label">
        <description>Label</description>
        <posy>154</posy>
        <label fallback="312577">$INFO[ListItem.Property(Album_Label)]</label>
        <posx>120</posx>
        <width>500</width>
        <height>29</height>
        <align>left</align>
        <aligny>center</aligny>
        <font>Font_Info</font>
        <textcolor>FFececec</textcolor>
      </control>

      <control type="label">
        <description>Notes</description>
        <posy>183</posy>
        <label fallback="312577">$INFO[ListItem.Property(Album_Type)]</label>
        <posx>120</posx>
        <width>500</width>
        <height>29</height>
        <align>left</align>
        <aligny>center</aligny>
        <font>Font_Info</font>
        <textcolor>FFececec</textcolor>
      </control>

      <control type="grouplist" id="9000">
        <posx>3</posx>
        <posy>222</posy>
        <width>570</width>
        <height>29</height>
        <texturenofocus>-</texturenofocus>
        <texturefocus>-</texturefocus>
        <alttexturenofocus>-</alttexturenofocus>
        <alttexturefocus>-</alttexturefocus>
        <pulseonselect>false</pulseonselect>
        <textcolor>FF868686</textcolor>
        <disabledcolor>3cFFFFFF</disabledcolor>
        <textoffsetx>0</textoffsetx>
        <orientation>horizontal</orientation>
        <align>left</align>
        <font>Font_Reg22</font>
        <control type="button" id="6">
          <label>$LOCALIZE[184]</label>
          <include>Objects_FSInfoButton</include>
          <visible>!Skin.HasSetting(kiosk)</visible>
        </control>
        <control type="button" id="10">
          <label>$LOCALIZE[13405]</label>
          <include>Objects_FSInfoButton</include>
          <visible>!Skin.HasSetting(kiosk)</visible>
        </control>
        <control type="button" id="12">
          <label>$LOCALIZE[20413]</label>
          <include>Objects_FSInfoButton</include>
          <visible>!Skin.HasSetting(kiosk)</visible>
        </control>
      </control>
      <control type="textbox">
        <description>Plot</description>
        <posx>3</posx>
        <posy>264</posy>
        <width>630</width>
        <height>262</height>
        <align>left</align>
        <font>Font_Info</font>
        <autoscroll delay="3000" time="1000" repeat="10000">Skin.HasSetting(AutoScroll)</autoscroll>
        <label fallback="414">$INFO[ListItem.Property(Album_Description)]</label>
        <textcolor>FFececec</textcolor>
      </control>
      <control type="image">
        <description>IMDB rating</description>
        <posx>0</posx>
        <posy>566</posy>
        <width>201</width>
        <height>43</height>
        <info>ListItem.StarRating</info>
      </control>
    </control>

    <!-- Artist Info -->

    <control type="group">
      <posx>550</posx>
      <posy>45</posy>
      <width>695</width>
      <height>569</height>
      <visible>Container.Content(artists)</visible>
      <control type="image">
        <description>background image</description>
        <posx>0</posx>
        <posy>60</posy>
        <width>695</width>
        <height>569</height>
        <texture>info/info_artist_panellines.png</texture>
      </control>
      <control type="label">
        <description>Movie title</description>
        <posx>0</posx>
        <posy>0</posy>
        <width>700</width>
        <font>Font_ShowcaseMainLabel2</font>
        <label>[UPPERCASE]$INFO[ListItem.Artist][/UPPERCASE]</label>
        <textcolor>FFececec</textcolor>
      </control>
   
      <control type="label">
        <description>Year</description>
        <posx>0</posx>
        <posy>18</posy>
        <width>800</width>
        <height>53</height>
        <align>left</align>
        <aligny>center</aligny>
        <font>Font_Info</font>
        <label fallback="-">$INFO[ListItem.Property(Artist_Born)]</label>
        <textcolor>FFececec</textcolor>
        <visible>IsEmpty(ListItem.Property(Artist_Died))+!IsEmpty(ListItem.Property(Artist_Born))</visible>
      </control>
      <control type="label">
        <description>Year</description>
        <posx>0</posx>
        <posy>18</posy>
        <width>800</width>
        <height>53</height>
        <align>left</align>
        <aligny>center</aligny>
        <font>Font_Info</font>
        <scroll>true</scroll>
        <label fallback="-">$INFO[ListItem.Property(Artist_Born)] - $INFO[ListItem.Property(Artist_Died)]</label>
        <textcolor>FFececec</textcolor>
        <visible>!IsEmpty(ListItem.Property(Artist_Died))+!IsEmpty(ListItem.Property(Artist_Born))</visible>
      </control>
      <control type="label">
        <description>Year</description>
        <posx>0</posx>
        <posy>18</posy>
        <width>800</width>
        <height>53</height>
        <align>left</align>
        <aligny>center</aligny>
        <font>Font_Info</font>
        <label fallback="-">$INFO[ListItem.Property(Artist_Formed)]</label>
        <textcolor>FFececec</textcolor>
        <visible>IsEmpty(ListItem.Property(Disbanded))+!IsEmpty(ListItem.Property(Artist_Formed))</visible>
      </control>
      <control type="label">
        <description>Year</description>
        <posx>0</posx>
        <posy>18</posy>
        <width>800</width>
        <height>53</height>
        <align>left</align>
        <aligny>center</aligny>
        <font>Font_Info</font>
        <scroll>true</scroll>
        <label fallback="-">$INFO[ListItem.Property(Artist_Formed)] - $INFO[ListItem.Property(Disbanded)]</label>
        <textcolor>FFececec</textcolor>
        <visible>!IsEmpty(ListItem.Property(Disbanded))+!IsEmpty(ListItem.Property(Artist_Formed))</visible>
      </control>
      <control type="label">
        <description>Movie year</description>
        <posx>3</posx>
        <posy>58</posy>
        <width>120</width>
        <align>left</align>
        <height>56</height>
        <aligny>center</aligny>
        <font>Font_Reg18</font>
        <label fallback="-">$INFO[ListItem.Property(Artist_YearsActive) ]</label>
        <textcolor>FF868686</textcolor>
        <visible>true</visible>
      </control>
      <control type="label">
        <description>Year</description>
        <posx>0</posx>
        <posy>18</posy>
        <width>600</width>
        <height>53</height>
        <align>left</align>
        <aligny>center</aligny>
        <font>Font_Info</font>
        <label fallback="-">$INFO[ListItem.Property(Artist_Born)] - $INFO[ListItem.Property(Artist_Died)]</label>
        <textcolor>FFececec</textcolor>
        <visible>!IsEmpty(ListItem.Property(Artist_Died))</visible>
      </control>
      <control type="label">
        <description>Genre</description>
        <posx>120</posx>
        <posy>58</posy>
        <width>370</width>
        <align>left</align>
        <aligny>center</aligny>
        <font>Font_ShowcaseMainLabel2</font>
        <label fallback="312577">[UPPERCASE]$INFO[ListItem.Genre][/UPPERCASE]</label>
        <textcolor>FF868686</textcolor>
        <height>56</height>
      </control>

      <control type="label">
        <description>Styles:</description>
        <posx>3</posx>
        <posy>112</posy>
        <label>176</label>
        <width>110</width>
        <height>29</height>
        <align>left</align>
        <aligny>center</aligny>
        <font>Font_Info</font>
        <textcolor>FF868686</textcolor>
      </control>

      <control type="label">
        <description>Moods:</description>
        <posx>3</posx>
        <posy>141</posy>
        <label>175</label>
        <width>110</width>
        <height>29</height>
        <align>left</align>
        <aligny>center</aligny>
        <font>Font_Info</font>
        <textcolor>FF868686</textcolor>
      </control>

      <control type="label">
        <description>Styles value</description>
        <posy>112</posy>
        <label fallback="312577">$INFO[ListItem.Property(Artist_Style)]</label>
        <posx>120</posx>
        <width>500</width>
        <height>29</height>
        <align>left</align>
        <aligny>center</aligny>
        <font>Font_Info</font>
        <textcolor>FFececec</textcolor>
      </control>

      <control type="label">
        <description>Moods value</description>
        <posy>141</posy>
        <label fallback="312577">$INFO[ListItem.Property(Artist_Mood)]</label>
        <posx>120</posx>
        <width>500</width>
        <height>29</height>
        <align>left</align>
        <aligny>center</aligny>
        <font>Font_Info</font>
        <textcolor>FFececec</textcolor>
      </control>

      <control type="grouplist" id="9000">
        <posx>3</posx>
        <posy>185</posy>
        <width>570</width>
        <height>29</height>
        <texturenofocus>-</texturenofocus>
        <texturefocus>-</texturefocus>
        <alttexturenofocus>-</alttexturenofocus>
        <alttexturefocus>-</alttexturefocus>
        <pulseonselect>false</pulseonselect>
        <textcolor>FF868686</textcolor>
        <disabledcolor>3cFFFFFF</disabledcolor>
        <textoffsetx>0</textoffsetx>
        <orientation>horizontal</orientation>
        <align>left</align>
        <font>Font_Reg22</font>
        <control type="button" id="6">
          <label>184</label>
          <include>Objects_FSInfoButton</include>
          <visible>!Skin.HasSetting(kiosk)</visible>
        </control>

        <control type="button" id="10">
          <label>13405</label>
          <include>Objects_FSInfoButton</include>
          <visible>!Skin.HasSetting(kiosk)</visible>
        </control>

        <control type="button" id="12">
          <label>20413</label>
          <include>Objects_FSInfoButton</include>
          <visible>!Skin.HasSetting(kiosk)</visible>
        </control>
      </control>

      <control type="textbox" id="4">
        <description>Bio</description>
        <posx>3</posx>
        <posy>225</posy>
        <width>630</width>
        <height>395</height>
        <align>left</align>
        <font>Font_Info</font>
        <autoscroll delay="3000" time="1000" repeat="10000">Skin.HasSetting(AutoScroll)</autoscroll>
        <label fallback="31415">$INFO[ListItem.Biography]</label>
        <textcolor>FFececec</textcolor>
      </control>

    </control>

    <!--<include>Background_ContextBlack</include>-->

  </controls>
</window>
