<window id="129">
	<defaultcontrol>10</defaultcontrol>
	<coordinates>
		<system>1</system>
		<posx>240</posx>
		<posy>140</posy>
	</coordinates>
	<include>dialogeffect</include>
	<controls>
		<control type="image">
			<description>background image</description>
			<posx>0</posx>
			<posy>0</posy>
			<width>800</width>
			<height>420</height>
			<texture>osd/osd_settings_back.png</texture>
		</control>

		<control type="label" id="2">
			<description>header label</description>
			<posx>20</posx>
			<posy>18</posy>
			<width>760</width>
			<height>30</height>
			<font>Font_Reg20</font>
			<align>center</align>
			<aligny>center</aligny>
			<textcolor>white</textcolor>
			<shadowcolor>black</shadowcolor>
		</control>
		<control type="label" id="3">
			<description>List label</description>
			<posx>20</posx>
			<posy>60</posy>
			<width>760</width>
			<height>30</height>
			<align>center</align>
			<aligny>center</aligny>
			<font>Font_Reg19</font>
			<textcolor>grey</textcolor>
			<shadowcolor>black</shadowcolor>
		</control>
		<control type="list" id="10">
			<posx>30</posx>
			<posy>105</posy>
			<width>500</width>
			<height>201</height>
			<onup>9001</onup>
			<onleft>9000</onleft>
			<onright>60</onright>
			<ondown>9001</ondown>
			<pagecontrol>60</pagecontrol>
			<scrolltime>200</scrolltime>
			<itemlayout height="40">
				<control type="image">
          <posx>-20</posx>
          <posy>0</posy>
          <width>550</width>
          <height>41</height>
					<texture>dialogs/context_nofocus.png</texture>
				</control>
				<control type="label">
					<posx>10</posx>
					<posy>0</posy>
					<width>490</width>
					<height>40</height>
					<font>font13</font>
					<align>left</align>
					<aligny>center</aligny>
					<textcolor>grey2</textcolor>
					<selectedcolor>selected</selectedcolor>
					<info>ListItem.Label</info>
				</control>
			</itemlayout>
			<focusedlayout height="40">
				<control type="image">
          <posx>-20</posx>
          <posy>0</posy>
          <width>550</width>
          <height>41</height>
					<visible>!Control.HasFocus(10)</visible>
					<texture>dialogs/context_nofocus.png</texture>
				</control>
				<control type="image">
					<posx>-20</posx>
					<posy>0</posy>
					<width>550</width>
					<height>41</height>
					<visible>Control.hasfocus(14) | Control.HasFocus(10)</visible>
					<texture>dialogs/context_highlight.png</texture>
				</control>
				<control type="label">
					<posx>10</posx>
					<posy>0</posy>
					<width>490</width>
					<height>40</height>
					<font>font13</font>
					<align>left</align>
					<aligny>center</aligny>
					<selectedcolor>selected</selectedcolor>
					<info>ListItem.Label</info>
				</control>
			</focusedlayout>
		</control>
		<control type="scrollbar" id="60">
			<posx>555</posx>
			<posy>105</posy>
			<width>25</width>
			<height>200</height>
			<texturesliderbackground border="0,14,0,14">views/ScrollBarV.png</texturesliderbackground>
			<texturesliderbar border="0,14,0,14">views/ScrollBarV_bar.png</texturesliderbar>
			<texturesliderbarfocus border="0,14,0,14">views/ScrollBarV_bar_focus.png</texturesliderbarfocus>
			<textureslidernib>views/ScrollBarNib.png</textureslidernib>
			<textureslidernibfocus>views/ScrollBarNib.png</textureslidernibfocus>
			<onleft>10</onleft>
			<onright>9000</onright>
			<showonepage>false</showonepage>
			<orientation>vertical</orientation>
		</control>
		<control type="group" id="9000">
			<posx>580</posx>
			<posy>105</posy>
			<control type="button" id="11">
				<description>Change Set Button</description>
				<posx>0</posx>
				<posy>0</posy>
        <textcolor>FF868686</textcolor>
        <focusedcolor>FFececec</focusedcolor>
        <disabledcolor>d0202020</disabledcolor>
        <texturenofocus>dialogs/context_nofocus.png</texturenofocus>
        <texturefocus>dialogs/context_highlight.png</texturefocus>
        <align>center</align>
        <textoffsetx>0</textoffsetx>
        <textoffsety>8</textoffsety>
        <width>150</width>
        <height>29</height>
        <aligny>center</aligny>
        <font>Font_Reg19</font>
        <onup>18</onup>
				<onleft>60</onleft>
				<onright>10</onright>
				<ondown>13</ondown>
			</control>
			<control type="button" id="13">
				<description>Add Button</description>
				<posx>0</posx>
				<posy>40</posy>
				<label>15019</label>
        <textcolor>FF868686</textcolor>
        <focusedcolor>FFececec</focusedcolor>
        <disabledcolor>d0202020</disabledcolor>
        <texturenofocus>dialogs/context_nofocus.png</texturenofocus>
        <texturefocus>dialogs/context_highlight.png</texturefocus>
        <align>center</align>
        <textoffsetx>0</textoffsetx>
        <textoffsety>8</textoffsety>
        <width>150</width>
        <height>29</height>
        <aligny>center</aligny>
        <font>Font_Reg19</font>
        <onup>11</onup>
				<onleft>60</onleft>
				<onright>10</onright>
				<ondown>14</ondown>
			</control>
			<control type="button" id="14">
				<description>Remove Button</description>
				<posx>0</posx>
				<posy>80</posy>
				<label>1210</label>
        <textcolor>FF868686</textcolor>
        <focusedcolor>FFececec</focusedcolor>
        <disabledcolor>d0202020</disabledcolor>
        <texturenofocus>dialogs/context_nofocus.png</texturenofocus>
        <texturefocus>dialogs/context_highlight.png</texturefocus>
        <align>center</align>
        <textoffsetx>0</textoffsetx>
        <textoffsety>8</textoffsety>
        <width>150</width>
        <height>29</height>
        <aligny>center</aligny>
        <font>Font_Reg19</font>
        <onup>13</onup>
				<onleft>60</onleft>
				<onright>10</onright>
				<ondown>9001</ondown>
			</control>
		</control>
		<control type="group" id="9001">
			<control type="button" id="18">
				<description>Ok Button</description>
				<posx>200</posx>
				<posy>355</posy>
				<label>186</label>
        <textcolor>FF868686</textcolor>
        <focusedcolor>FFececec</focusedcolor>
        <disabledcolor>d0202020</disabledcolor>
        <texturenofocus>dialogs/context_nofocus.png</texturenofocus>
        <texturefocus>dialogs/context_highlight.png</texturefocus>
        <align>center</align>
        <textoffsetx>0</textoffsetx>
        <textoffsety>8</textoffsety>
        <width>150</width>
        <height>29</height>
        <aligny>center</aligny>
        <font>Font_Reg19</font>
        <onup>9000</onup>
				<onleft>20</onleft>
				<onright>19</onright>
				<ondown>10</ondown>
			</control>
			<control type="button" id="19">
				<description>Cancel Button</description>
				<posx>410</posx>
				<posy>355</posy>
				<label>222</label>
        <textcolor>FF868686</textcolor>
        <focusedcolor>FFececec</focusedcolor>
        <disabledcolor>d0202020</disabledcolor>
        <texturenofocus>dialogs/context_nofocus.png</texturenofocus>
        <texturefocus>dialogs/context_highlight.png</texturefocus>
        <align>center</align>
        <textoffsetx>0</textoffsetx>
        <textoffsety>8</textoffsety>
        <width>150</width>
        <height>29</height>
        <aligny>center</aligny>
        <font>Font_Reg19</font>
        <onup>9000</onup>
				<onleft>18</onleft>
				<onright>20</onright>
				<ondown>10</ondown>
			</control>
		</control>
	</controls>
</window>