<includes>
  <include name="InfoListEpisodes">
    <control type="group">
      <control type="image">
        <posx>782</posx>
        <posy>190</posy>
        <width>338</width>
        <height>190</height>
        <texture>common/black.png</texture>
      </control>
      <control type="image">
        <posx>782</posx>
        <posy>190</posy>
        <width>338</width>
        <height>190</height>
        <fadetime>IconCrossfadeTime2</fadetime>
        <texture background="true">$INFO[ListItem.Thumb]</texture>
        <aspectratio align="center">keep</aspectratio>
        <visible>Container.Content(episodes)</visible>
      </control>
      <control type="image">
        <posx>782</posx>
        <posy>190</posy>
        <width>338</width>
        <height>190</height>
        <fadetime>IconCrossfadeTime2</fadetime>
        <texture background="true">$INFO[ListItem.Property(Fanart_Image)]</texture>
        <visible>Container.Content(tvshows)</visible>
      </control>
    </control>
    <control type="group">
      <visible>Player.HasVideo</visible>
      <control type="image">
        <posx>782</posx>
        <posy>190</posy>
        <width>338</width>
        <height>190</height>
        <texture>common/black.png</texture>
      </control>
      <control type="videowindow">
        <posx>782</posx>
        <posy>190</posy>
        <width>338</width>
        <height>190</height>
      </control>
    </control>
    <control type="group">
      <visible>!Skin.HasSetting(infolistplotonly)+Container.Content(episodes)</visible>
      <control type="image">
        <posx>715</posx>
        <posy>393</posy>
        <width>470</width>
        <height>80</height>
        <texture>views/listpanel_selectbar.png</texture>
      </control>
      <control type="image">
        <posx>750</posx>
        <posy>403</posy>
        <include>InfoListFlagVars</include>
        <texture fallback="flags/studios/default-studio.png">$INFO[ListItem.Studio,flags/studios/,.png]</texture>
        <visible>!Skin.HasSetting(nostudioratingflags)+!IsEmpty(ListItem.Title)</visible>
      </control>
      <control type="image">
        <posx>750</posx>
        <posy>403</posy>
        <include>InfoListFlagVars</include>
        <texture>$INFO[ListItem.VideoCodec,flags/videocodec/,.png]</texture>
        <visible>Skin.HasSetting(nostudioratingflags)</visible>
      </control>
      <control type="image">
        <posx>850</posx>
        <posy>403</posy>
        <include>InfoListFlagVars</include>
        <texture>$INFO[ListItem.VideoAspect,flags/aspectratio/,.png]</texture>
        <visible>Skin.HasSetting(nostudioratingflags)</visible>
      </control>
      <control type="group">
        <visible>!Skin.HasSetting(nostudioratingflags)</visible>
        <posx>850</posx>
        <posy>403</posy>
        <!--US-->
        <control type="image">
          <include>InfoListFlagVars</include>
          <texture>flags/rating/MPAA_NR_Certificate_US.png</texture>
          <visible>[SubString(ListItem.mpaa,US:NR) | SubString(ListItem.mpaa,USA:NR) | SubString(ListItem.mpaa,Rated NR | SubString(ListItem.mpaa,NR)| IsEmpty(ListItem.Mpaa)]+!IsEmpty(ListItem.Title)</visible>
        </control>
        <control type="image">
          <include>InfoListFlagVars</include>
          <texture>flags/rating/MPAA_G_Certificate_US.png</texture>
          <visible>SubString(ListItem.mpaa,US:G) | SubString(ListItem.mpaa,USA:G) | SubString(ListItem.mpaa,Rated G)</visible>
        </control>
        <control type="image">
          <include>InfoListFlagVars</include>
          <texture>flags/rating/MPAA_PG_Certificate_US.png</texture>
          <visible>[Substring(ListItem.mpaa,Rated PG) | StringCompare(ListItem.Mpaa,PG)] + !substring(ListItem.mpaa,PG-13)</visible>
        </control>
        <control type="image">
          <include>InfoListFlagVars</include>
          <texture>flags/rating/MPAA_PG-13_Certificate_US.png</texture>
          <visible>SubString(ListItem.mpaa,PG-13)</visible>
        </control>
        <control type="image">
          <include>InfoListFlagVars</include>
          <texture>flags/rating/MPAA_R_Certificate_US.png</texture>
          <visible>SubString(ListItem.mpaa,US:R) | SubString(ListItem.mpaa,USA:R) | SubString(ListItem.mpaa,Rated R) | StringCompare(ListItem.Mpaa,R)</visible>
        </control>
        <control type="image">
          <include>InfoListFlagVars</include>
          <texture>flags/rating/MPAA_NC-17_Certificate_US.png</texture>
          <visible>SubString(ListItem.mpaa,US:NC-17) | SubString(ListItem.mpaa,USA:NC-17) | SubString(ListItem.mpaa,Rated NC-17)</visible>
        </control>
        <control type="image">
          <include>InfoListFlagVars</include>
          <texture>flags/rating/TV-G_Certificate_US.png</texture>
          <visible>substring(ListItem.mpaa,TV-G)</visible>
        </control>
        <control type="image">
          <include>InfoListFlagVars</include>
          <texture>flags/rating/TV-PG_Certificate_US.png</texture>
          <visible>substring(ListItem.mpaa,TV-PG)</visible>
        </control>
        <control type="image">
          <include>InfoListFlagVars</include>
          <texture>flags/rating/TV-14_Certificate_US.png</texture>
          <visible>substring(ListItem.mpaa,TV-14)</visible>
        </control>
        <control type="image">
          <include>InfoListFlagVars</include>
          <texture>flags/rating/TV-MA_Certificate_US.png</texture>
          <visible>substring(ListItem.mpaa,TV-MA)</visible>
        </control>
        <control type="image">
          <include>InfoListFlagVars</include>
          <texture>flags/rating/tv-y.png</texture>
          <visible>substring(ListItem.mpaa,TV-Y)+!substring(ListItem.mpaa,TV-Y7)</visible>
        </control>
        <control type="image">
          <include>InfoListFlagVars</include>
          <texture>flags/rating/tv-y7.png</texture>
          <visible>substring(ListItem.mpaa,TV-Y7)</visible>
        </control>
        <!--UK-->
        <control type="image">
          <include>InfoListFlagVars</include>
          <texture>flags/rating/BBFC_U_Certificate_UK.png</texture>
          <visible>SubString(ListItem.mpaa,UK:U)</visible>
        </control>
        <control type="image">
          <include>InfoListFlagVars</include>
          <texture>flags/rating/BBFC_PG_Certificate_UK.png</texture>
          <visible>SubString(ListItem.mpaa,UK:PG)</visible>
        </control>
        <control type="image">
          <include>InfoListFlagVars</include>
          <texture>flags/rating/BBFC_12_Certificate_UK.png</texture>
          <visible>SubString(ListItem.mpaa,UK:12) + !SubString(ListItem.mpaa,UK:12A)</visible>
        </control>
        <control type="image">
          <include>InfoListFlagVars</include>
          <texture>flags/rating/BBFC_12A_Certificate_UK.png</texture>
          <visible>SubString(ListItem.mpaa,UK:12A)</visible>
        </control>
        <control type="image">
          <include>InfoListFlagVars</include>
          <texture>flags/rating/BBFC_15_Certificate_UK.png</texture>
          <visible>SubString(ListItem.mpaa,UK:15)</visible>
        </control>
        <control type="image">
          <include>InfoListFlagVars</include>
          <texture>flags/rating/BBFC_18_Certificate_UK.png</texture>
          <visible>SubString(ListItem.mpaa,UK:18)</visible>
        </control>
        <!--Germany-->
        <control type="image">
          <include>InfoListFlagVars</include>
          <texture>flags/rating/FSK-0.png</texture>
          <visible>SubString(ListItem.mpaa,Germany:0) | SubString(ListItem.mpaa,o.A)</visible>
        </control>
        <control type="image">
          <include>InfoListFlagVars</include>
          <texture>flags/rating/FSK-6.png</texture>
          <visible>SubString(ListItem.mpaa,Germany:6) | SubString(ListItem.mpaa,ab 6)</visible>
        </control>
        <control type="image">
          <include>InfoListFlagVars</include>
          <texture>flags/rating/FSK-12.png</texture>
          <visible>[SubString(ListItem.mpaa,Germany:12) | SubString(ListItem.mpaa,ab 12) | SubString(ListItem.mpaa,12)]+!SubString(ListItem.mpaa,UK:12)</visible>
        </control>
        <control type="image">
          <include>InfoListFlagVars</include>
          <texture>flags/rating/FSK-16.png</texture>
          <visible>SubString(ListItem.mpaa,Germany:16) | SubString(ListItem.mpaa,ab 16) | SubString(ListItem.mpaa,16)</visible>
        </control>
        <control type="image">
          <include>InfoListFlagVars</include>
          <texture>flags/rating/FSK-18.png</texture>
          <visible>[SubString(ListItem.mpaa,Germany:18) | SubString(ListItem.mpaa,ab 18) | SubString(ListItem.mpaa,18)]+!SubString(ListItem.mpaa,UK:18)</visible>
        </control>
      </control>
      <control type="image">
        <posx>950</posx>
        <posy>403</posy>
        <include>InfoListFlagVars</include>
        <texture>$INFO[ListItem.VideoResolution,flags/resolution/,.png]</texture>
      </control>
      <control type="group">
        <posx>1050</posx>
        <posy>403</posy>
        <control type="image">
          <include>InfoListFlagVars</include>
          <texture>flags/audio/$INFO[ListItem.AudioCodec].png</texture>
          <visible>!substring(ListItem.AudioCodec,ac3)</visible>
        </control>
        <control type="image">
          <include>InfoListFlagVars</include>
          <texture>flags/audio/dolbydigital.png</texture>
          <visible>substring(ListItem.AudioCodec,ac3)+!substring(ListItem.AudioChannels,2)</visible>
        </control>
        <control type="image">
          <include>InfoListFlagVars</include>
          <texture>flags/audio/dolbypro.png</texture>
          <visible>substring(ListItem.AudioCodec,ac3)+substring(ListItem.AudioChannels,2)</visible>
        </control>
      </control>

      <control type="textbox">
        <description>Plot</description>
        <posx>730</posx>
        <posy>475</posy>
        <width>440</width>
        <height>125</height>
        <align>left</align>
        <font>Font_Reg15</font>
        <label fallback="312577">$INFO[ListItem.Plot]</label>
        <autoscroll delay="5000" time="1000" repeat="10000">Skin.HasSetting(AutoScroll)</autoscroll>
        <textcolor>FFececec</textcolor>
      </control>
    </control>
    <control type="textbox">
      <description>Plot</description>
      <posx>730</posx>
      <posy>393</posy>
      <width>440</width>
      <height>210</height>
      <align>left</align>
      <font>Font_Reg15</font>
      <label fallback="312577">$INFO[ListItem.Plot]</label>
      <autoscroll delay="5000" time="1000" repeat="10000">Skin.HasSetting(AutoScroll)</autoscroll>
      <textcolor>FFececec</textcolor>
      <visible>Skin.HasSetting(infolistplotonly)|Container.Content(tvshows)</visible>
    </control>
    <control type="image">
      <posx>789</posx>
      <posy>30</posy>
      <width>322</width>
      <height>125</height>
      <aspectratio>stretch</aspectratio>
      <fadetime>400</fadetime>
      <texture background="true">$INFO[ListItem.path,,../logo.png]</texture>
      <visible>!Window.IsActive(videofiles)+Container.Content(episodes)</visible>
    </control>
    <control type="image">
      <posx>789</posx>
      <posy>30</posy>
      <width>322</width>
      <height>125</height>
      <aspectratio>stretch</aspectratio>
      <fadetime>400</fadetime>
      <texture background="true">$INFO[ListItem.path,,logo.png]</texture>
      <visible>!Window.IsActive(videofiles)+Container.Content(tvshows)</visible>
    </control>
  </include>
  <include name="InfoList">
    <control type="group">
      <visible>Control.IsVisible(505)</visible>
      <include>Animation_CommonFade</include>
      <control type="group">
        <description>Right Panel</description>
        <include>Animation_ListSlideRight</include>
        <control type="image">
          <include>Animation_CommonFade</include>
          <posx>710</posx>
          <posy>150</posy>
          <width>482</width>
          <height>530</height>
          <texture background="true">views/listpanel_black.png</texture>
          <visible>!Skin.HasSetting(listpanelthin)</visible>
        </control>
        <control type="image">
          <include>Animation_CommonFade</include>
          <posx>710</posx>
          <posy>150</posy>
          <width>482</width>
          <height>530</height>
          <texture>views/listpanel_back.png</texture>
        </control>
        <include condition="Skin.HasSetting(effect_bg)">BG_Effect_InfoList_Panel_Right</include>
        <include condition="Window.IsActive(videolibrary)">InfoListEpisodes</include>
        <control type="label" id="161">
          <posx>710</posx>
          <posy>607</posy>
          <width>475</width>
          <height>41</height>
          <font>Font_Reg15</font>
          <align>center</align>
          <aligny>center</aligny>
          <textcolor>ff969696</textcolor>
          <label>[UPPERCASE]$INFO[ListItem.TVShowTitle] • $LOCALIZE[20373] $INFO[ListItem.Season][/UPPERCASE]</label>
          <visible>Container.Content(episodes)+!SubString(ListItem.Episode,S)</visible>
        </control>
        <control type="label" id="161">
          <posx>710</posx>
          <posy>607</posy>
          <width>475</width>
          <height>41</height>
          <font>Font_Reg15</font>
          <align>center</align>
          <aligny>center</aligny>
          <textcolor>ff969696</textcolor>
          <label>[UPPERCASE]$INFO[ListItem.TVShowTitle] • $LOCALIZE[20381][/UPPERCASE]</label>
          <visible>Container.Content(episodes)+SubString(ListItem.Episode,S)</visible>
        </control>
       </control>
      <control type="group">
        <include>Animation_ListSlideLeft</include>
        <control type="image">
          <include>Animation_CommonFade</include>
          <posx>60</posx>
          <posy>112</posy>
          <width>553</width>
          <height>608</height>
          <texture background="true">views/listpanel_black.png</texture>
          <visible>!Skin.HasSetting(listpanelthin)</visible>
        </control>
        <control type="image">
          <include>Animation_CommonFade</include>
          <posx>60</posx>
          <posy>112</posy>
          <width>553</width>
          <height>608</height>
          <texture>views/listpanel_back.png</texture>
        </control>
        <include condition="Skin.HasSetting(effect_bg)">BG_Effect_InfoList_Panel_Left</include>
        <control type="image">
          <posx>510</posx>
          <posy>121</posy>
          <width>53</width>
          <height>533</height>
          <texture>views/listpanel_detailwide.png</texture>
          <visible>Skin.HasSetting(sliminfolist)+Container.Content(episodes)</visible>
        </control>
        <control type="image">
          <posx>460</posx>
          <posy>121</posy>
          <width>103</width>
          <height>533</height>
          <texture>views/listpanel_detailwide.png</texture>
          <visible>Skin.HasSetting(sliminfolist)+Container.Content(tvshows)</visible>
        </control>
        <control type="list" id="505">
          <visible>Container.Content(episodes)|Container.Content(tvshows)</visible>
          <posx>60</posx>
          <posy>142</posy>
          <width>771</width>
          <height>485</height>
          <onleft>68</onleft>
          <onright>SetFocus(9000)</onright>
          <onup>505</onup>
          <ondown>505</ondown>
          <orientation>vertical</orientation>
          <viewtype label="$LOCALIZE[31235]">BigWrap</viewtype>
          <pagecontrol>68</pagecontrol>
          <scrolltime>200</scrolltime>
          <preloaditems>2</preloaditems>
          <!--<focusposition>4</focusposition>-->
          <itemlayout height="44" width="550" condition="Skin.HasSetting(sliminfolist)">
            <control type="image">
              <posx>1</posx>
              <posy>43</posy>
              <height>1</height>
              <width>549</width>
              <texture background="true">views/listpanel_line.png</texture>
            </control>
            <control type="label">
              <posx>20</posx>
              <posy>0</posy>
              <width>430</width>
              <height>44</height>
              <align>left</align>
              <aligny>center</aligny>
              <include>listcolornofocus</include>
              <font>Font_Bold16</font>
              <label>[UPPERCASE]$INFO[ListItem.Label][/UPPERCASE]</label>
            </control>
            <control type="label">
              <posx>475</posx>
              <posy>0</posy>
              <width>53</width>
              <height>44</height>
              <align>center</align>
              <aligny>center</aligny>
              <include>listcolornofocus</include>
              <font>Font_Bold16</font>
              <label>[UPPERCASE]$INFO[ListItem.Label2][/UPPERCASE]</label>
              <visible>Container.Content(episodes)</visible>
            </control>
            <control type="label">
              <posx>495</posx>
              <posy>0</posy>
              <width>120</width>
              <height>44</height>
              <align>right</align>
              <aligny>center</aligny>
              <include>listcolornofocus</include>
              <font>Font_Reg14</font>
              <label>[UPPERCASE]$INFO[ListItem.Label2][/UPPERCASE]</label>
              <visible>Container.Content(tvshows)</visible>
            </control>
            <control type="image">
              <posx>513</posx>
              <posy>14</posy>
              <width>20</width>
              <height>20</height>
              <visible>!IsEmpty(ListItem.Overlay)</visible>
              <info>ListItem.Overlay</info>
            </control>
          </itemlayout>
          <focusedlayout height="44" width="550" condition="Skin.HasSetting(sliminfolist)">
            <control type="image">
              <posx>1</posx>
              <posy>43</posy>
              <height>1</height>
              <width>549</width>
              <texture background="true">views/listpanel_line.png</texture>
            </control>
            <control type="image">
              <posx>6</posx>
              <posy>-3</posy>
              <width>540</width>
              <height>50</height>
              <aspectratio scalediffuse="false">scale</aspectratio>
              <texture background="true">views/listpanel_selectbar.png</texture>
            </control>
            <control type="label">
              <posx>20</posx>
              <posy>0</posy>
              <width>430</width>
              <height>44</height>
              <align>left</align>
              <aligny>center</aligny>
              <include>listcolorfocus</include>
              <font>Font_Bold16</font>
              <label>[UPPERCASE]$INFO[ListItem.Label][/UPPERCASE]</label>
            </control>
            <control type="label">
              <posx>475</posx>
              <posy>0</posy>
              <width>53</width>
              <height>44</height>
              <align>center</align>
              <aligny>center</aligny>
              <include>listcolorfocus</include>
              <font>Font_Bold16</font>
              <label>[UPPERCASE]$INFO[ListItem.Label2][/UPPERCASE]</label>
              <visible>Container.Content(episodes)</visible>
            </control>
            <control type="label">
              <posx>495</posx>
              <posy>0</posy>
              <width>120</width>
              <height>44</height>
              <align>right</align>
              <aligny>center</aligny>
              <include>listcolorfocus</include>
              <font>Font_Reg14</font>
              <label>[UPPERCASE]$INFO[ListItem.Label2][/UPPERCASE]</label>
              <visible>Container.Content(tvshows)</visible>
            </control>
            <control type="image">
              <posx>513</posx>
              <posy>14</posy>
              <width>20</width>
              <height>20</height>
              <visible>!IsEmpty(ListItem.Overlay)</visible>
              <info>ListItem.Overlay</info>
            </control>
          </focusedlayout>
          <itemlayout height="60" width="550" condition="!Skin.HasSetting(sliminfolist)">
            <control type="image">
              <posx>1</posx>
              <posy>59</posy>
              <height>1</height>
              <width>549</width>
              <texture background="true">views/listpanel_line.png</texture>
            </control>
            <control type="group">
              <visible>Container.Content(episodes)</visible>
              <control type="label">
                <posx>20</posx>
                <posy>0</posy>
                <width>550</width>
                <height>60</height>
                <align>left</align>
                <aligny>center</aligny>
                <include>listcolornofocus</include>
                <font>Font_Bold28</font>
                <label>[UPPERCASE]$INFO[ListItem.Episode][/UPPERCASE]</label>
              </control>
              <control type="label">
                <posx>20</posx>
                <posy>0</posy>
                <width>430</width>
                <height>60</height>
                <align>left</align>
                <aligny>center</aligny>
                <include>listcolornofocus</include>
                <font>Font_Bold28</font>
                <label>[UPPERCASE]..[/UPPERCASE]</label>
                <visible>IsEmpty(ListItem.Title)</visible>
              </control>
              <control type="label">
                <posx>75</posx>
                <posy>5</posy>
                <width>415</width>
                <height>30</height>
                <align>left</align>
                <aligny>center</aligny>
                <include>listcolornofocus</include>
                <font>Font_Bold20</font>
                <label>[UPPERCASE]$INFO[ListItem.Title][/UPPERCASE]</label>
              </control>
              <control type="label">
                <posx>75</posx>
                <posy>25</posy>
                <width>415</width>
                <height>30</height>
                <align>left</align>
                <aligny>center</aligny>
                <include>listcolornofocus</include>
                <font>Font_Reg15</font>
                <label>[LOWERCASE]$INFO[ListItem.Premiered] • $INFO[ListItem.Label2][/LOWERCASE]</label>
                <visible>!IsEmpty(ListItem.Title)</visible>
              </control>
            </control>
            <control type="group">
              <visible>Container.Content(tvshows)</visible>
              <control type="label">
                <posx>60</posx>
                <posy>5</posy>
                <width>430</width>
                <height>30</height>
                <align>left</align>
                <aligny>center</aligny>
                <include>listcolornofocus</include>
                <font>Font_Bold20</font>
                <label>[UPPERCASE]$INFO[ListItem.Label][/UPPERCASE]</label>
              </control>
              <control type="label">
                <posx>60</posx>
                <posy>25</posy>
                <width>490</width>
                <height>30</height>
                <align>left</align>
                <aligny>center</aligny>
                <include>listcolornofocus</include>
                <font>Font_Reg15</font>
                <label>[UPPERCASE]$INFO[ListItem.Label2] ($LOCALIZE[16101]: $INFO[ListItem.Property(UnWatchedEpisodes)])[/UPPERCASE]</label>
                <visible>!IsEmpty(ListItem.Title)</visible>
              </control>
            </control>
            <control type="image">
              <posx>503</posx>
              <posy>15</posy>
              <width>30</width>
              <height>30</height>
              <visible>!IsEmpty(ListItem.Overlay)</visible>
              <info>ListItem.Overlay</info>
            </control>

          </itemlayout>
          <focusedlayout height="60" widthe="550" condition="!Skin.HasSetting(sliminfolist)">
            <control type="image">
              <posx>1</posx>
              <posy>59</posy>
              <height>1</height>
              <width>549</width>
              <texture background="true">views/listpanel_line.png</texture>
            </control>
            <control type="image">
              <posx>6</posx>
              <posy>-6</posy>
              <width>540</width>
              <height>72</height>
              <aspectratio scalediffuse="false">scale</aspectratio>
              <texture background="true">views/listpanel_selectbar.png</texture>
            </control>
             <control type="group">
              <visible>Container.Content(episodes)</visible>
              <control type="label">
                <posx>20</posx>
                <posy>0</posy>
                <width>490</width>
                <height>60</height>
                <align>left</align>
                <aligny>center</aligny>
                <include>listcolorfocus</include>
                <font>Font_Bold28</font>
                <label>[UPPERCASE]$INFO[ListItem.Episode][/UPPERCASE]</label>
              </control>
               <control type="label">
                 <posx>20</posx>
                 <posy>0</posy>
                 <width>550</width>
                 <height>60</height>
                 <align>left</align>
                 <aligny>center</aligny>
                 <include>listcolorfocus</include>
                 <font>Font_Bold28</font>
                 <label>[UPPERCASE]..[/UPPERCASE]</label>
                 <visible>IsEmpty(ListItem.Title)</visible>
               </control>
               <control type="label">
                 <posx>75</posx>
                 <posy>5</posy>
                 <width>415</width>
                 <height>30</height>
                 <align>left</align>
                 <aligny>center</aligny>
                 <include>listcolorfocus</include>
                 <font>Font_Bold20</font>
                 <label>[UPPERCASE]$INFO[ListItem.Title][/UPPERCASE]</label>
               </control>
               <control type="label">
                 <posx>75</posx>
                 <posy>25</posy>
                 <width>415</width>
                 <height>30</height>
                 <align>left</align>
                 <aligny>center</aligny>
                 <include>listcolorfocus</include>
                 <font>Font_Reg15</font>
                 <label>[LOWERCASE]$INFO[ListItem.Premiered] • $INFO[ListItem.Label2][/LOWERCASE]</label>
                 <visible>!IsEmpty(ListItem.Title)</visible>
               </control>
             </control>
            <control type="group">
              <visible>Container.Content(tvshows)</visible>
              <control type="label">
                <posx>60</posx>
                <posy>5</posy>
                <width>430</width>
                <height>30</height>
                <align>left</align>
                <aligny>center</aligny>
                <include>listcolorfocus</include>
                <font>Font_Bold20</font>
                <label>[UPPERCASE]$INFO[ListItem.Label][/UPPERCASE]</label>
              </control>
              <control type="label">
                <posx>60</posx>
                <posy>25</posy>
                <width>490</width>
                <height>30</height>
                <align>left</align>
                <aligny>center</aligny>
                <include>listcolorfocus</include>
                <font>Font_Reg15</font>
                <label>[UPPERCASE]$INFO[ListItem.Label2] ($LOCALIZE[16101]: $INFO[ListItem.Property(UnWatchedEpisodes)])[/UPPERCASE]</label>
                <visible>!IsEmpty(ListItem.Title)</visible>
              </control>
            </control>
            <control type="image">
              <posx>503</posx>
              <posy>15</posy>
              <width>30</width>
              <height>30</height>
              <visible>!IsEmpty(ListItem.Overlay)</visible>
              <info>ListItem.Overlay</info>
            </control>

          </focusedlayout>
        </control>

        <control type="scrollbar" id="68">
          <posx>15</posx>
          <posy>143</posy>
          <width>65</width>
          <height>500</height>
          <visible allowhiddenfocus="true">Control.IsVisible(505)</visible>
          <texturesliderbackground>views/scrollbarbacklist.png</texturesliderbackground>
          <texturesliderbar>-</texturesliderbar>
          <texturesliderbarfocus>-</texturesliderbarfocus>
          <textureslidernib>views/scrollbarnub-nofocus.png</textureslidernib>
          <textureslidernibfocus>views/scrollbarnub-focus.png</textureslidernibfocus>
          <pulseonselect>no</pulseonselect>
          <onleft>SetFocus(9000)</onleft>
          <onright>505</onright>
          <showonepage>true</showonepage>
          <orientation>vertical</orientation>
        </control>
        <control type="label" id="161">
          <posx>492</posx>
          <posy>640</posy>
          <width>85</width>
          <height>41</height>
          <font>Font_Reg15</font>
          <align>center</align>
          <aligny>center</aligny>
          <textcolor>ff969696</textcolor>
          <label>$LOCALIZE[31024] $INFO[Container(505).CurrentPage]/$INFO[Container(505).NumPages]</label>
        </control>
        <control type="label" id="161">
          <posx>80</posx>
          <posy>640</posy>
          <width>180</width>
          <height>41</height>
          <font>Font_Reg15</font>
          <align>left</align>
          <aligny>center</aligny>
          <textcolor>ff969696</textcolor>
          <label>$INFO[Container(505).NumItems] $LOCALIZE[31025] ($INFO[Container(505).Totaltime])</label>
          <visible>[!Container(505).HasFolders|Container.Content(movies)]+!Window.IsActive(pictures)+!Window.IsActive(addonbrowser)+!Window.IsActive(videofiles)</visible>
        </control>
        <control type="label" id="161">
          <posx>80</posx>
          <posy>640</posy>
          <width>180</width>
          <height>41</height>
          <font>Font_Reg15</font>
          <align>left</align>
          <aligny>center</aligny>
          <textcolor>ff969696</textcolor>
          <label>$INFO[Container(505).NumItems] $LOCALIZE[31025]</label>
          <visible>[Container(505).HasFolders+!Container.Content(movies)]|Window.IsActive(pictures)|Window.IsActive(addonbrowser)|Window.IsActive(videofiles)</visible>
        </control>

      </control>
    </control>
  </include>
</includes>