<includes>
  <include name="EpisodeView">
    <control type="group">
      <visible>Control.IsVisible(514)</visible>
      <include>Animation_OpenCloseZoom</include>
      <control type="panel" id="514">
        <viewtype label="$LOCALIZE[20359]">wide icon</viewtype>
        <posx>20</posx>
        <posy>60</posy>
        <width>1240</width>
        <height>600</height>
        <scrolltime>0</scrolltime>
        <orientation>vertical</orientation>
        <movement>3</movement>
        <focusposition>2</focusposition>
        <onup>514</onup>
        <ondown>514</ondown>
        <onleft>9000</onleft>
        <onright>61</onright>
        <pagecontrol>61</pagecontrol>
        <visible>Window.IsActive(videolibrary) + Container.Content(episodes)</visible>
        <itemlayout width="620" height="150">
          <!--<control type="image">
            <posx>0</posx>
            <posy>0</posy>
            <width>620</width>
            <height>150</height>
            <texture background="true">wall/episodenofocus.png</texture>
            <aspectratio scalediffuse="false">scale</aspectratio>
          </control>-->
          <control type="image">
            <posx>17</posx>
            <posy>15</posy>
            <width>213</width>
            <height>120</height>
            <texture background="true" diffuse="thumbs/multiplex_tvmask.png">$INFO[ListItem.Icon]</texture>
            <aspectratio scalediffuse="false">scale</aspectratio>
          </control>
          <control type="label">
            <posx>250</posx>
            <posy>5</posy>
            <width>350</width>
            <height>41</height>
            <font>Font_Reg20</font>
            <aligny>center</aligny>
            <include>listcolornofocus</include>
            <label>$INFO[ListItem.Episode]: $INFO[ListItem.Title]</label>
            <visible>!IsEmpty(ListItem.Title)</visible>
          </control>
        </itemlayout>
        <focusedlayout width="620" height="150">
          <control type="image">
            <posx>0</posx>
            <posy>0</posy>
            <width>620</width>
            <height>150</height>
            <texture background="true">wall/episodefocus.png</texture>
            <aspectratio scalediffuse="false">scale</aspectratio>
          </control>
          <control type="image">
            <posx>17</posx>
            <posy>15</posy>
            <width>213</width>
            <height>120</height>
            <texture background="true" diffuse="thumbs/multiplex_tvmask.png">$INFO[ListItem.Icon]</texture>
            <aspectratio scalediffuse="false">scale</aspectratio>
          </control>
          <control type="label">
            <posx>250</posx>
            <posy>5</posy>
            <width>350</width>
            <height>41</height>
            <font>Font_Reg20</font>
            <aligny>center</aligny>
            <include>listcolorfocus</include>
            <label>$INFO[ListItem.Episode]: $INFO[ListItem.Title]</label>
            <visible>!IsEmpty(ListItem.Title)</visible>
          </control>
        </focusedlayout>
      </control>
    </control>
  </include>
</includes>