<window id="1114" type="dialog">
  <defaultcontrol>10</defaultcontrol>
  <zorder>4</zorder>
  <coordinates>
    <system>1</system>
    <posx>0</posx>
    <posy>0</posy>
  </coordinates>
  <include>Animation_DialogPopup</include>
  <controls>
    <control type="group">
      <include>Dialogs_Group</include>
      <include>Dialogs_Tablet</include>
      <include>Dialogs_Exclam</include>
      <animation effect="slide" start="0,0" end="0,-580" time="0" condition="Skin.HasSetting(lowermainmenu)|Skin.HasSetting(Lockhomemenulow)">Conditional</animation>
      <control type="label">
        <include>Dialogs_Label1</include>
        <label>31187</label>
        <animation effect="slide" start="0,0" end="-20,0" time="0" condition="false">Conditional</animation>
      </control>
      <control type="button" id="10">
        <posx>220</posx>
        <posy>50</posy>
        <width>98</width>
        <align>center</align>
        <textcolor>abFFFFFF</textcolor>
        <font>Font_Reg18</font>
        <label>[B]1[/B]</label>
        <texturefocus>-</texturefocus>
        <texturenofocus>-</texturenofocus>
        <scroll>true</scroll>
        <onclick>Skin.SetBool(1sec)</onclick>
        <onclick>Skin.Reset(2sec)</onclick>
        <onclick>Skin.Reset(3sec)</onclick>
        <onclick>Skin.Reset(4sec)</onclick>
        <onclick>Skin.Reset(5sec)</onclick>
        <onclick>Dialog.Close(1114)</onclick>
        <onleft>14</onleft>
        <onright>11</onright>
        <onup>11</onup>
        <ondown>11</ondown>
        <include>Animation_CommonFade</include>
        <visible allowhiddenfocus="true">Control.HasFocus(10)</visible>
      </control>
      <control type="button" id="11">
        <posx>220</posx>
        <posy>50</posy>
        <width>98</width>
        <align>center</align>
        <textcolor>abFFFFFF</textcolor>
        <font>Font_Reg18</font>
        <label>[B]2[/B]</label>
        <scroll>true</scroll>
        <onclick>Skin.SetBool(2sec)</onclick>
        <onclick>Skin.Reset(1sec)</onclick>
        <onclick>Skin.Reset(3sec)</onclick>
        <onclick>Skin.Reset(4sec)</onclick>
        <onclick>Skin.Reset(5sec)</onclick>
        <onclick>Dialog.Close(1114)</onclick>
        <onleft>10</onleft>
        <onright>12</onright>
        <texturefocus>-</texturefocus>
        <texturenofocus>-</texturenofocus>
        <onup>10</onup>
        <ondown>10</ondown>
        <include>Animation_CommonFade</include>
        <visible allowhiddenfocus="true">Control.HasFocus(11)</visible>
      </control>
      <control type="button" id="12">
        <posx>220</posx>
        <posy>50</posy>
        <width>98</width>
        <align>center</align>
        <textcolor>abFFFFFF</textcolor>
        <font>Font_Reg18</font>
        <label>[B]3[/B]</label>
        <scroll>true</scroll>
        <onclick>Skin.SetBool(3sec)</onclick>
        <onclick>Skin.Reset(1sec)</onclick>
        <onclick>Skin.Reset(2sec)</onclick>
        <onclick>Skin.Reset(4sec)</onclick>
        <onclick>Skin.Reset(5sec)</onclick>
        <onclick>Dialog.Close(1114)</onclick>
        <onleft>11</onleft>
        <onright>13</onright>
        <texturefocus>-</texturefocus>
        <texturenofocus>-</texturenofocus>
        <onup>10</onup>
        <ondown>10</ondown>
        <include>Animation_CommonFade</include>
        <visible allowhiddenfocus="true">Control.HasFocus(12)</visible>
      </control>
      <control type="button" id="13">
        <posx>220</posx>
        <posy>50</posy>
        <width>98</width>
        <align>center</align>
        <textcolor>abFFFFFF</textcolor>
        <font>Font_Reg18</font>
        <label>[B]4[/B]</label>
        <scroll>true</scroll>
        <onclick>Skin.SetBool(4sec)</onclick>
        <onclick>Skin.Reset(1sec)</onclick>
        <onclick>Skin.Reset(2sec)</onclick>
        <onclick>Skin.Reset(3sec)</onclick>
        <onclick>Skin.Reset(5sec)</onclick>
        <onclick>Dialog.Close(1114)</onclick>
        <onleft>12</onleft>
        <onright>14</onright>
        <texturefocus>-</texturefocus>
        <texturenofocus>-</texturenofocus>
        <onup>10</onup>
        <ondown>10</ondown>
        <include>Animation_CommonFade</include>
        <visible allowhiddenfocus="true">Control.HasFocus(13)</visible>
      </control>
      <control type="button" id="14">
        <posx>220</posx>
        <posy>50</posy>
        <width>98</width>
        <align>center</align>
        <textcolor>abFFFFFF</textcolor>
        <font>Font_Reg18</font>
        <label>[B]5[/B]</label>
        <scroll>true</scroll>
        <onclick>Skin.SetBool(5sec)</onclick>
        <onclick>Skin.Reset(1sec)</onclick>
        <onclick>Skin.Reset(2sec)</onclick>
        <onclick>Skin.Reset(3sec)</onclick>
        <onclick>Skin.Reset(4sec)</onclick>
        <onclick>Dialog.Close(1114)</onclick>
        <onleft>13</onleft>
        <onright>10</onright>
        <texturefocus>-</texturefocus>
        <texturenofocus>-</texturenofocus>
        <onup>10</onup>
        <ondown>10</ondown>
        <include>Animation_CommonFade</include>
        <visible allowhiddenfocus="true">Control.HasFocus(14)</visible>
      </control>
      <control type="image">
        <description>left arrow</description>
        <posx>195</posx>
        <posy>62</posy>
        <width>20</width>
        <height>20</height>
        <texture>views/multiplex_arrow2.png</texture>
        <include>Animation_CommonFade</include>
      </control>
      <control type="image">
        <description>right arrow</description>
        <posx>322</posx>
        <posy>62</posy>
        <width>20</width>
        <height>20</height>
        <texture>views/multiplex_arrow.png</texture>
        <include>Animation_CommonFade</include>
      </control>
     </control>
  </controls>
</window>