<window id="11">
  <defaultcontrol>8</defaultcontrol>
  <controls>
    <control type="videowindow" id="20">
      <description>videowindow</description>
      <posx>0</posx>
      <posy>0</posy>
      <width>1280</width>
      <height>720</height>
      <visible>Player.HasVideo</visible>
    </control>
    <control type="group">
      <visible>!Player.HasVideo</visible>
      <include>CommonSettingsBackground</include>
    </control>
    <control type="image">
      <description>Overlay</description>
      <posx>0</posx>
      <posy>0</posy>
      <width>1280</width>
      <height>720</height>
      <colordiffuse>AAFFFFFF</colordiffuse>
      <texture>common/black.png</texture>
      <animation effect="fade" start="0" end="100" time="3000">WindowOpen</animation>
      <animation effect="fade" start="100" end="0" time="300">WindowClose</animation>
    </control>
    <control type="mover" id="8">
      <description>top left mover</description>
      <posx>0</posx>
      <posy>0</posy>
      <width>128</width>
      <height>128</height>
      <texturefocus>calibration/calibrate-topleft-focus.png</texturefocus>
      <texturenofocus>calibration/calibrate-topleft.png</texturenofocus>
    </control>
    <control type="mover" id="9">
      <description>right bottom mover</description>
      <posx>700</posx>
      <posy>500</posy>
      <width>128</width>
      <height>128</height>
      <texturefocus>calibration/calibrate-bottomright-focus.png</texturefocus>
      <texturenofocus>calibration/calibrate-bottomright.png</texturenofocus>
    </control>
    <control type="mover" id="10">
      <description>subtitle position mover</description>
      <posx>200</posx>
      <posy>500</posy>
      <width>512</width>
      <height>128</height>
      <texturefocus>calibration/calibrate-subtitles-focus.png</texturefocus>
      <texturenofocus>calibration/calibrate-subtitles.png</texturenofocus>
    </control>
    <control type="resize" id="11">
      <description>pixel aspect ratio box</description>
      <posx>0</posx>
      <posy>232</posy>
      <width>256</width>
      <height>256</height>
      <texturefocus>calibration/calibrate-pixelratio-focus.png</texturefocus>
      <texturenofocus>calibration/calibrate-pixelratio.png</texturenofocus>
    </control>
    <control type="group">
      <posx>20</posx>
      <posy>80</posy>
      <control type="label" id="2">
        <description>coordinates label</description>
        <posx>0</posx>
        <posy>10</posy>
        <width>1240</width>
        <label>-</label>
        <align>center</align>
        <font>Font_Bold20</font>
      </control>
      <control type="label" id="3">
        <description>help information</description>
        <posx>0</posx>
        <posy>40</posy>
        <width>1240</width>
        <label>-</label>
        <align>center</align>
        <font>Font_Bold20</font>
      </control>
    </control>
  </controls>
</window>