<includes>
  <include name="PosterWrapView">
    <control type="group">
      <visible>Control.IsVisible(501)</visible>
      <posx>0</posx>
      <posy>0</posy>
      <include>Furniture_Showcase</include>

      <control type="group">
        <include>ShowcaseInfoPaneMovies</include>
      </control>
      <control type="group">
        <include>ShowcaseMovies</include>
      </control>
      <control type="wraplist" id="501">
        <visible>Container.Content(Movies) | Container.Content(Seasons) | [Container.Content(TVShows) + Skin.HasSetting(TVShowsUsePosters)] | Window.IsVisible(VideoFiles) | Window.IsActive(1)</visible>
        <visible>!Container.Content(LiveTV)</visible>
        <include condition="Window.IsActive(28) | Window.IsActive(24) | [Window.IsActive(25) + !Container.Content(episodes)] | Window.IsActive(1)">MovieShowcaseGroupVars</include>
        <onleft>501</onleft>
        <onright>501</onright>
        <onup>SetFocus(7000)</onup>
        <ondown>61</ondown>
        <viewtype label="31028">bigwrap</viewtype>
        <pagecontrol>61</pagecontrol>
        <scrolltime>200</scrolltime>
        <focusposition>3</focusposition>
        <orientation>horizontal</orientation>
        <preloaditems>4</preloaditems>
        <animation effect="fade" start="100" end="0" time="400" condition="Control.HasFocus(109)">Conditional</animation>
        <itemlayout height="350" width="196" condition="Window.IsActive(28) | Window.IsActive(24) | [Window.IsActive(25) + !Container.Content(episodes)] | Window.IsActive(1)">
          <control type="group">
            <visible>Skin.HasSetting(noflow)+!Control.IsVisible(6000)</visible>
            <control type="image">
              <include>MovieShowcaseThumb</include>
              <info>ListItem.Thumb</info>
            </control>
            <control type="image">
              <description>Glass overlay</description>
              <include>MovieShowcaseGlassOverlayAngled</include>
            </control>
            <control type="image">
              <include>MovieShowcaseThumbReflection</include>
              <info>ListItem.Thumb</info>
            </control>
            <control type="image">
              <posx>162</posx>
              <posy>8</posy>
              <width>60</width>
              <height>60</height>
              <texture>thumbs/OverlayWatched.png</texture>
              <visible>!IsEmpty(ListItem.Overlay)</visible>
              <visible>StringCompare(ListItem.Overlay,OverlayWatched.png)</visible>
            </control>
          </control>
        </itemlayout>
        <focusedlayout height="350" width="196" condition="Window.IsActive(28) | Window.IsActive(24) | [Window.IsActive(25) + !Container.Content(episodes)] | Window.IsActive(1)">
          <control type="group">
            <visible>Skin.HasSetting(noflow)+!Control.IsVisible(6000)</visible>
            <animation effect="zoom" start="100" end="120" center="135,230" time="400" easing="out" reversible="false" tween="cubic" condition="Control.HasFocus(7000) + Skin.HasSetting(noflow)">Conditional</animation>
            <control type="image">
              <include>MovieShowcaseThumbMain</include>
              <info>ListItem.Thumb</info>
              <animation effect="zoom" start="100" end="120" center="135,230" time="400" easing="out" reversible="false" tween="cubic">Focus</animation>
              <animation effect="zoom" start="120" end="100" center="135,230" time="400" easing="out" reversible="false" tween="cubic" condition="!Control.HasFocus(501) + Skin.HasSetting(noflow)">Unfocus</animation>
            </control>
            <control type="image">
              <description>Glass overlay</description>
              <include>MovieShowcaseGlassOverlayAngled</include>
              <animation effect="zoom" start="100" end="120" center="135,230" time="400" easing="out" reversible="false" tween="cubic">Focus</animation>
              <animation effect="zoom" start="120" end="100" center="135,230" time="400" easing="out" reversible="false" tween="cubic" condition="!Control.HasFocus(501) + Skin.HasSetting(noflow)">Unfocus</animation>
            </control>
            <control type="image">
              <include>MovieShowcaseThumbReflectionMain</include>
              <info>ListItem.Thumb</info>
              <animation effect="zoom" start="100" end="120" center="135,230" time="400" easing="out" reversible="false" tween="cubic">Focus</animation>
              <animation effect="zoom" start="120" end="100" center="135,230" time="400" easing="out" reversible="false" tween="cubic" condition="!Control.HasFocus(501) + Skin.HasSetting(noflow)">Unfocus</animation>
            </control>
            <control type="image">
              <posx>162</posx>
              <posy>8</posy>
              <width>60</width>
              <height>60</height>
              <texture>thumbs/OverlayWatched.png</texture>
              <visible>!IsEmpty(ListItem.Overlay)</visible>
              <visible>StringCompare(ListItem.Overlay,OverlayWatched.png)</visible>
              <animation effect="zoom" start="100" end="120" center="135,230" time="400" easing="out" reversible="false" tween="cubic">Focus</animation>
              <animation effect="zoom" start="120" end="100" center="135,230" time="400" easing="out" reversible="false" tween="cubic" condition="!Control.HasFocus(501) + Skin.HasSetting(noflow)">Unfocus</animation>
            </control>
          </control>
        </focusedlayout>
      </control>
      <control type="scrollbar" id="61">
        <posx>305</posx>
        <posy>670</posy>
        <width>670</width>
        <height>41</height>
        <visible allowhiddenfocus="true">Control.IsVisible(501)+Control.HasFocus(61)</visible>
        <texturesliderbackground border="14,0,14,0">views/scrollBarH.png</texturesliderbackground>
        <texturesliderbar border="14,0,14,0">views/scrollBarH_bar.png</texturesliderbar>
        <texturesliderbarfocus border="14,0,14,0">views/scrollBarH_bar_focus.png</texturesliderbarfocus>
        <textureslidernib>views/scrollBarNib.png</textureslidernib>
        <textureslidernibfocus>views/scrollBarNib.png</textureslidernibfocus>
        <pulseonselect>yes</pulseonselect>
        <onup>501</onup>
        <ondown>SetFocus(109)</ondown>
        <ondown>9000</ondown>
        <showonepage>false</showonepage>
        <orientation>horizontal</orientation>
      </control>
      <control type="group">
        <visible>!Control.HasFocus(109)</visible>
        <include>Animation_HideMultiplex</include>
        <control type="label">
          <posx>340</posx>
          <posy>670</posy>
          <width>600</width>
          <align>center</align>
          <aligny>center</aligny>
          <include>Animation_CommonFade</include>
          <font>Font_Info</font>
          <textcolor>floor</textcolor>
          <shadowcolor>black</shadowcolor>
          <label>[UPPERCASE]$INFO[ListItem.Year] • $INFO[ListItem.Duration] $LOCALIZE[12391] • $INFO[ListItem.RatingAndVotes][/UPPERCASE]</label>
          <visible>!Control.HasFocus(61)+!ControlGroup(9000).HasFocus+!IsEmpty(ListItem.Title)+Container.Content(movies)+!Skin.HasSetting(wallgenre)+!IsEmpty(ListItem.RatingAndVotes)</visible>
        </control>
      <control type="label">
        <posx>340</posx>
        <posy>670</posy>
        <width>600</width>
        <align>center</align>
        <aligny>center</aligny>
        <include>Animation_CommonFade</include>
        <font>Font_Info</font>
        <textcolor>floor</textcolor>
        <shadowcolor>black</shadowcolor>
        <label>[UPPERCASE]$INFO[ListItem.Year] • $INFO[ListItem.Duration] $LOCALIZE[12391][/UPPERCASE]</label>
        <visible>!Control.HasFocus(61)+!ControlGroup(9000).HasFocus+!IsEmpty(ListItem.Title)+Container.Content(movies)+!Skin.HasSetting(wallgenre)+IsEmpty(ListItem.RatingAndVotes)</visible>
      </control>
      <control type="label">
        <posx>340</posx>
        <posy>670</posy>
        <width>600</width>
        <align>center</align>
        <aligny>center</aligny>
        <include>Animation_CommonFade</include>
        <font>Font_Info</font>
        <textcolor>floor</textcolor>
        <shadowcolor>black</shadowcolor>
        <label>[UPPERCASE]$INFO[ListItem.Genre][/UPPERCASE]</label>
        <visible>!Control.HasFocus(61)+!ControlGroup(9000).HasFocus+!IsEmpty(ListItem.Title)+Skin.HasSetting(wallgenre)</visible>
      </control>
      <control type="label">
        <posx>340</posx>
        <posy>693</posy>
        <width>600</width>
        <align>center</align>
        <aligny>center</aligny>
        <include>Animation_CommonFade</include>
        <font>Font_ShowcaseMainLabel2</font>
        <textcolor>floor</textcolor>
        <shadowcolor>black</shadowcolor>
        <label>[UPPERCASE]$INFO[ListItem.Label][/UPPERCASE]</label>
        <visible>!Control.HasFocus(61)+!ControlGroup(9000).HasFocus</visible>
      </control>
      <control type="label">
        <posx>340</posx>
        <posy>693</posy>
        <width>600</width>
        <align>center</align>
        <aligny>center</aligny>
        <include>Animation_CommonFade</include>
        <font>Font_ShowcaseMainLabel2</font>
        <textcolor>floor</textcolor>
        <shadowcolor>black</shadowcolor>
        <label>[UPPERCASE]$INFO[Container.NumItems] $LOCALIZE[31025] | $LOCALIZE[31024] $INFO[Container.CurrentPage]/$INFO[Container.NumPages][/UPPERCASE]</label>
        <visible>ControlGroup(9000).HasFocus</visible>
      </control>
       
      </control>
      <include>FloorFlags</include>
      <include>Furniture_DarkGradient</include>
    </control>
  </include>
  <include name="PosterWrapView2_Fanart">
    <control type="group">
      <visible>Control.IsVisible(508)</visible>
      <control type="image">
        <width>1280</width>
        <height>720</height>
        <texture>common/black.png</texture>
        <colordiffuse>aaffffff</colordiffuse>
      </control>
      <control type="image">
        <posx>0</posx>
        <posy>335</posy>
        <width>1280</width>
        <height>405</height>
        <texture>views/showcase_floor.png</texture>
        <include>Animation_CommonFade</include>
      </control>
      <control type="image">
        <animation effect="slide" time="1000" start="800,0" end="0,0" tween="cubic" easing="out">Visible</animation>
        <width>587</width>
        <height>137</height>
        <posx>593</posx>
        <posy>603</posy>
        <texture>views/list_spot.png</texture>
      </control>
      <control type="group">
        <animation effect="slide" time="700" start="-1100,0" end="0,0" tween="cubic" easing="out">WindowOpen</animation>
        <animation effect="slide" time="700" start="0,0" end="-800,0" tween="cubic" easing="out">WindowClose</animation>
        <animation effect="slide" time="700" start="-1100,0" end="0,0" tween="cubic" easing="out">Visible</animation>
        <animation effect="fade" time="200" start="100" end="0">Hidden</animation>
        <control type="image">
          <include>Animation_CommonFade</include>
          <posx>260</posx>
          <posy>150</posy>
          <width>1000</width>
          <height>500</height>
          <texture background="true">views/multiplex_back.png</texture>
        </control> 
        <control type="image">
          <include>Animation_CommonFade</include>
          <posx>260</posx>
          <posy>150</posy>
          <width>1000</width>
          <height>500</height>
          <texture flipx="true">views/multiplex_tablet.png</texture>
        </control>
      
        <control type="group">
          <posx>300</posx>
          <posy>190</posy>
          <control type="textbox">
            <posx>320</posx>
            <posy>0</posy>
            <width>345</width>
            <height>304</height>
            <font>Font_Info</font>
            <label fallback="312577">$INFO[ListItem.Plot]</label>
            <textcolor>d0FFFFFF</textcolor>
            <autoscroll delay="8000" time="2000" repeat="8000">Skin.HasSetting(AutoScroll)</autoscroll>
          </control>
          <control type="image">
            <posx>480</posx>
            <posy>-150</posy>
            <width>297</width>
            <height>115</height>
            <aspectratio>keep</aspectratio>
            <texture background="true">$INFO[ListItem.path]/logo.png</texture>
			<visible>Container.Content(tvshows)</visible>
          </control>
          <control type="image">
            <posx>325</posx>
            <posy>327</posy>
            <width>600</width>
            <height>111</height>
            <aspectratio scalediffuse="false">stretch</aspectratio>
            <texture background="true" diffuse="thumbs/banner_mask.png">$INFO[ListItem.Thumb]</texture>
          </control>
          <control type="image">
            <posx>325</posx>
            <posy>470</posy>
            <width>600</width>
            <height>111</height>
            <aspectratio scalediffuse="false">stretch</aspectratio>
            <texture background="true" flipy="true" diffuse="thumbs/banner_mask_reflect.png">$INFO[ListItem.Thumb]</texture>
          </control>
          <control type="label">
            <posx>680</posx>
            <posy>0</posy>
            <height>13</height>
            <width>280</width>
            <font>Font_Info</font>
            <textcolor>abFFFFFF</textcolor>
            <label>$LOCALIZE[515]:</label>
          </control>
          <control type="label">
            <posx>680</posx>
            <posy>17</posy>
            <height>13</height>
            <width>280</width>
            <font>Font_Info</font>
            <textcolor>white</textcolor>
            <label fallback="312577">$INFO[ListItem.Genre]</label>
          </control>
          <control type="label">
            <posx>680</posx>
            <posy>45</posy>
            <height>13</height>
            <width>280</width>
            <font>Font_Info</font>
            <textcolor>abFFFFFF</textcolor>
            <label>$LOCALIZE[312576]:</label>
          </control>
          <control type="label">
            <posx>680</posx>
            <posy>62</posy>
            <height>13</height>
            <width>280</width>
            <font>Font_Info</font>
            <textcolor>white</textcolor>
            <label fallback="312577">$INFO[ListItem.Premiered]</label>
          </control>
          <control type="label">
            <posx>680</posx>
            <posy>90</posy>
            <height>13</height>
            <width>280</width>
            <font>Font_Info</font>
            <textcolor>abFFFFFF</textcolor>
            <label>$LOCALIZE[563]:</label>
          </control>
          <control type="label">
            <posx>680</posx>
            <posy>107</posy>
            <height>13</height>
            <width>280</width>
            <font>Font_Info</font>
            <textcolor>white</textcolor>
            <label fallback="312577">$INFO[ListItem.Rating]</label>
          </control>
          <control type="label">
            <posx>680</posx>
            <posy>135</posy>
            <height>13</height>
            <width>280</width>
            <font>Font_Info</font>
            <textcolor>abFFFFFF</textcolor>
            <label>$LOCALIZE[13279]:</label>
          </control>
          <control type="label">
            <posx>680</posx>
            <posy>152</posy>
            <height>13</height>
            <width>280</width>
            <font>Font_Info</font>
            <textcolor>white</textcolor>
            <label fallback="312577">$INFO[ListItem.Studio]</label>
          </control>
          <control type="label">
            <posx>680</posx>
            <posy>180</posy>
            <height>13</height>
            <width>280</width>
            <font>Font_Info</font>
            <textcolor>abFFFFFF</textcolor>
            <label>$LOCALIZE[20074]:</label>
          </control>
          <control type="label">
            <posx>680</posx>
            <posy>197</posy>
            <height>13</height>
            <width>280</width>
            <font>Font_Info</font>
            <textcolor>white</textcolor>
            <label fallback="312577">$INFO[ListItem.Mpaa]</label>
          </control>
          <control type="label">
            <posx>680</posx>
            <posy>225</posy>
            <height>13</height>
            <width>280</width>
            <font>Font_Info</font>
            <textcolor>abFFFFFF</textcolor>
            <label>$LOCALIZE[20161] $LOCALIZE[20360]:</label>
          </control>
          <control type="label">
            <posx>680</posx>
            <posy>242</posy>
            <height>13</height>
            <width>280</width>
            <font>Font_Info</font>
            <textcolor>white</textcolor>
            <label fallback="312577">$INFO[ListItem.Property(TotalEpisodes)]</label>
          </control>
          <control type="label">
            <posx>680</posx>
            <posy>270</posy>
            <height>13</height>
            <width>280</width>
            <font>Font_Info</font>
            <textcolor>abFFFFFF</textcolor>
            <label>$LOCALIZE[16101] $LOCALIZE[20360]:</label>
          </control>
          <control type="label">
            <posx>680</posx>
            <posy>287</posy>
            <height>13</height>
            <width>280</width>
            <font>Font_Info</font>
            <textcolor>white</textcolor>
            <label fallback="312577">$INFO[ListItem.Property(UnWatchedEpisodes)]</label>
          </control>
        </control>
      </control>
      <control type="group">
        <animation effect="slide" time="700" start="-800,0" end="0,0" tween="cubic" easing="out">WindowOpen</animation>
        <animation effect="slide" time="700" start="0,0" end="-800,0" tween="cubic" easing="out">WindowClose</animation>
        <animation effect="slide" time="700" start="-800,0" end="0,0" tween="cubic" easing="out">Visible</animation>
        <animation effect="fade" time="200" start="100" end="0">Hidden</animation>
        <control type="image">
          <include>Animation_CommonFade</include>
          <posx>60</posx>
          <posy>112</posy>
          <width>553</width>
          <height>608</height>
          <texture background="true">views/listpanel_black.png</texture>
        </control><control type="image">
          <include>Animation_CommonFade</include>
          <posx>60</posx>
          <posy>112</posy>
          <width>553</width>
          <height>608</height>
          <texture>views/listpanel_back.png</texture>
        </control>
    
        <control type="wraplist" id="508">
          <posx>60</posx>
          <posy>142</posy>
          <width>771</width>
          <height>500</height>
          <onleft>62</onleft>
          <onright>508</onright>
          <onup>508</onup>
          <ondown>508</ondown>
          <orientation>vertical</orientation>
          <viewtype label="Banners">BigWrap</viewtype>
          <pagecontrol>62</pagecontrol>
          <scrolltime>200</scrolltime>
          <focusposition>2</focusposition>
          <preloaditems>2</preloaditems>
          <visible>[Container.Content(TVShows) + !Skin.HasSetting(TVShowsUsePosters)]</visible>
          <itemlayout width="550" height="100">
            <control type="image">
              <posx>6</posx>
              <posy>0</posy>
              <width>540</width>
              <height>100</height>
              <aspectratio scalediffuse="false">scale</aspectratio>
              <texture background="true">DefaultVideo.png</texture>
              <animation effect="fade" start="70" end="70" time="0" condition="true">Conditional</animation>
              <info>ListItem.Thumb</info>
            </control>
            <control type="image">
              <posx>486</posx>
              <posy>0</posy>
              <width>60</width>
              <height>60</height>
              <texture>thumbs/OverlayWatched.png</texture>
              <visible>!IsEmpty(ListItem.Overlay)</visible>
              <visible>StringCompare(ListItem.Overlay,OverlayWatched.png)</visible>
            </control>
          </itemlayout>
          <focusedlayout width="550" height="100">
            <control type="image">
              <posx>6</posx>
              <posy>-6</posy>
              <width>540</width>
              <height>115</height>
              <aspectratio scalediffuse="false">scale</aspectratio>
              <texture background="true">views/listpanel_selectbar.png</texture>
            </control>
            <control type="label">
              <posx>275</posx>
              <posy>0</posy>
              <width>525</width>
              <height>100</height>
              <align>center</align>
              <aligny>center</aligny>
              <include>listcolorfocus</include>
              <font>Font_OSDTitle2</font>
              <label>[UPPERCASE]$INFO[ListItem.Label][/UPPERCASE]</label>
            </control>
            <control type="image">
              <posx>486</posx>
              <posy>0</posy>
              <width>60</width>
              <height>60</height>
              <texture>thumbs/OverlayWatched.png</texture>
            <visible>!IsEmpty(ListItem.Overlay)</visible>
            <visible>StringCompare(ListItem.Overlay,OverlayWatched.png)</visible>
            </control>
          </focusedlayout>
        </control>
        <control type="label" id="161">
          <posx>105</posx>
          <posy>640</posy>
          <width>180</width>
          <height>41</height>
          <font>Font_Reg15</font>
          <align>left</align>
          <aligny>center</aligny>
          <textcolor>ff969696</textcolor>
          <label>$INFO[Container(508).NumItems] $LOCALIZE[31025]</label>
        </control>
        <control type="label" id="161">
          <posx>485</posx>
          <posy>640</posy>
          <width>85</width>
          <height>41</height>
          <font>Font_Reg15</font>
          <align>center</align>
          <aligny>center</aligny>
          <textcolor>ff969696</textcolor>
          <label>$LOCALIZE[31024] $INFO[Container(508).CurrentPage]/$INFO[Container(508).NumPages]</label>
        </control>
      </control>

      <control type="scrollbar" id="62">
        <posx>35</posx>
        <posy>143</posy>
        <width>25</width>
        <height>500</height>
        <texturesliderbackground border="0,14,0,14">views/ScrollBarV.png</texturesliderbackground>
        <texturesliderbar border="2,16,2,16">views/ScrollBarV_bar.png</texturesliderbar>
        <texturesliderbarfocus border="2,16,2,16">views/ScrollBarV_bar_focus.png</texturesliderbarfocus>
        <textureslidernib>-</textureslidernib>
        <textureslidernibfocus>-</textureslidernibfocus>
        <pulseonselect/>
        <orientation>vertical</orientation>
        <showonepage>false</showonepage>
        <onup>62</onup>
        <ondown>62</ondown>
        <onleft>SetFocus(7000)</onleft>
        <onright>50</onright>
        <include>Animation_CommonFade</include>
        <visible>Control.IsVisible(508)</visible>
      </control>
     
    </control>
  </include>
  <include name="MediaListView3">
    <control type="group">
      <visible>Control.IsVisible(503)</visible>
      <include>Furniture_Showcase</include>
      <control type="group">
        <animation effect="slide" end="0,30"  time="400" easing="inout" tween="cubic" condition="true">Conditional</animation>
        <include>ShowcaseInfoPaneMovies</include>
      </control>

      <control type="wraplist" id="503">
        <posx>-210</posx>
        <posy>405</posy>
        <width>1700</width>
        <height>300</height>
        <onleft>503</onleft>
        <onright>503</onright>
        <onup>SetFocus(7000)</onup>
        <ondown>63</ondown>
        <orientation>horizontal</orientation>
        <viewtype label="$LOCALIZE[31150]">BigWrap</viewtype>
        <pagecontrol>63</pagecontrol>
        <scrolltime>200</scrolltime>
        <focusposition>2</focusposition>
        <preloaditems>2</preloaditems>
        <visible>[Container.Content(TVShows) | Container.Content(Seasons) | Container.Content(Episodes) | Container.Content(Movies)]</visible>
        <itemlayout width="340" height="300">
          <control type="group">
            <visible>Container.Content(episodes)+!Control.HasFocus(109)</visible>
            <control type="image">
              <posx>4</posx>
              <posy>50</posy>
              <width>322</width>
              <height>180</height>
              <bordertexture border="-48">thumbs/multiplex_tvborder.png</bordertexture>
              <aspectratio scalediffuse="false">scale</aspectratio>
              <texture background="true" diffuse="thumbs/multiplex_tvmask.png">DefaultVideo.png</texture>
              <info>ListItem.Thumb</info>
            </control>
            <control type="image">
              <posx>4</posx>
              <posy>231</posy>
              <width>322</width>
              <height>180</height>
              <aspectratio scalediffuse="false">scale</aspectratio>
              <texture flipy="true" background="true" diffuse="thumbs/multiplex_tvmaskreflect.png">DefaultVideo.png</texture>
              <colordiffuse>aaFFFFFF</colordiffuse>
              <info>ListItem.Thumb</info>
            </control>
          </control>
          <control type="group">
          <visible>Container.Content(tvshows)+!Control.HasFocus(109)</visible>
          <control type="image">
            <posx>4</posx>
            <posy>50</posy>
            <width>322</width>
            <height>180</height>
            <bordertexture border="-48">thumbs/multiplex_tvborder.png</bordertexture>
            <aspectratio scalediffuse="false">scale</aspectratio>
            <texture fallback="DefaultVideo.png" background="true" diffuse="thumbs/multiplex_tvmask.png">$INFO[ListItem.Path]/folder.jpg</texture>
          </control>
          <control type="image">
            <posx>4</posx>
            <posy>231</posy>
            <width>322</width>
            <height>180</height>
            <aspectratio scalediffuse="false">scale</aspectratio>
            <texture fallback="DefaultVideo.png" flipy="true" background="true" diffuse="thumbs/multiplex_tvmaskreflect.png">$INFO[ListItem.Path]/folder.jpg</texture>
            <colordiffuse>aaFFFFFF</colordiffuse>
          </control>
        </control>
          <control type="group">
            <visible>Container.Content(movies)+!Control.HasFocus(109)</visible>
            <control type="image">
              <posx>4</posx>
              <posy>50</posy>
              <width>322</width>
              <height>180</height>
			  <fadetime>IconCrossfadeTime2</fadetime>
              <bordertexture border="-48">thumbs/multiplex_tvborder.png</bordertexture>
              <aspectratio scalediffuse="false">scale</aspectratio>
              <texture background="true" diffuse="thumbs/multiplex_tvmask.png">DefaultVideo.png</texture>
              <info>ListItem.property(fanart_image)</info>
            </control>
            <control type="image">
              <posx>4</posx>
              <posy>231</posy>
              <width>322</width>
              <height>180</height>
			  <fadetime>IconCrossfadeTime2</fadetime>
              <aspectratio scalediffuse="false">scale</aspectratio>
              <texture flipy="true" background="true" diffuse="thumbs/multiplex_tvmaskreflect.png">DefaultVideo.png</texture>
              <colordiffuse>aaFFFFFF</colordiffuse>
              <info>ListItem.property(fanart_image)</info>
            </control>
          </control>
          <control type="image">
            <posx>266</posx>
            <posy>50</posy>
            <width>60</width>
            <height>60</height>
            <texture>thumbs/OverlayWatched.png</texture>
            <visible>StringCompare(ListItem.Overlay,OverlayWatched.png)+!Control.HasFocus(109)</visible>
          </control>
        </itemlayout>
        <focusedlayout width="340" height="300">
          <control type="group">
            <visible>Container.Content(episodes)+!Control.HasFocus(109)</visible>
            <control type="image">
              <posx>4</posx>
              <posy>50</posy>
              <width>322</width>
              <height>180</height>
              <aspectratio scalediffuse="false">scale</aspectratio>
              <bordertexture border="-48">thumbs/multiplex_tvborder.png</bordertexture>
              <texture background="true" diffuse="thumbs/multiplex_tvmask.png">DefaultVideo.png</texture>
              <info>ListItem.Thumb</info>
              <animation effect="zoom" center="140,140" start="100" end="120" time="200" tween="cubic" easing="inout">Focus</animation>
            </control>
            <control type="image">
              <posx>4</posx>
              <posy>231</posy>
              <width>322</width>
              <height>180</height>
              <aspectratio scalediffuse="false">scale</aspectratio>
              <texture flipy="true" background="true" diffuse="thumbs/multiplex_tvmaskreflect.png">DefaultVideo.png</texture>
              <info>ListItem.Thumb</info>
              <colordiffuse>aaFFFFFF</colordiffuse>
              <animation effect="zoom" center="140,140" start="100" end="120" time="200" tween="cubic" easing="inout">Focus</animation>
            </control>
          </control>
          <control type="group">
            <visible>Container.Content(tvshows)+!Control.HasFocus(109)</visible>
            <control type="image">
              <posx>4</posx>
              <posy>50</posy>
              <width>322</width>
              <height>180</height>
              <aspectratio scalediffuse="false">scale</aspectratio>
              <bordertexture border="-48">thumbs/multiplex_tvborder.png</bordertexture>
              <texture fallback="DefaultVideo.png" background="true" diffuse="thumbs/multiplex_tvmask.png">$INFO[ListItem.Path]/folder.jpg</texture>
              <animation effect="zoom" center="140,140" start="100" end="120" time="200" tween="cubic" easing="inout">Focus</animation>
            </control>
            <control type="image">
              <posx>4</posx>
              <posy>231</posy>
              <width>322</width>
              <height>180</height>
              <aspectratio scalediffuse="false">scale</aspectratio>
              <texture fallback="DefaultVideo.png" flipy="true" background="true" diffuse="thumbs/multiplex_tvmaskreflect.png">$INFO[ListItem.Path]/folder.jpg</texture>
              <colordiffuse>aaFFFFFF</colordiffuse>
              <animation effect="zoom" center="140,140" start="100" end="120" time="200" tween="cubic" easing="inout">Focus</animation>
            </control>
          </control>
          <control type="group">
            <visible>Container.Content(movies)+!Control.HasFocus(109)</visible>
            <control type="image">
              <posx>4</posx>
              <posy>50</posy>
              <width>322</width>
              <height>180</height>
			  <fadetime>IconCrossfadeTime2</fadetime>
              <bordertexture border="-48">thumbs/multiplex_tvborder.png</bordertexture>
              <aspectratio scalediffuse="false">scale</aspectratio>
              <texture background="true" diffuse="thumbs/multiplex_tvmask.png">DefaultVideo.png</texture>
              <info>ListItem.property(fanart_image)</info>
              <animation effect="zoom" center="140,140" start="100" end="120" time="200" tween="cubic" easing="inout">Focus</animation>
              <animation effect="zoom" center="140,140" start="100" end="120" time="200" tween="cubic" easing="inout" condition="Control.HasFocus(7001)">Conditional</animation>
            </control>
            <control type="image">
              <posx>4</posx>
              <posy>231</posy>
              <width>322</width>
              <height>180</height>
			  <fadetime>IconCrossfadeTime2</fadetime>
              <aspectratio scalediffuse="false">scale</aspectratio>
              <texture flipy="true" background="true" diffuse="thumbs/multiplex_tvmaskreflect.png">DefaultVideo.png</texture>
              <info>ListItem.property(fanart_image)</info>
              <animation effect="zoom" center="140,140" start="100" end="120" time="200" tween="cubic" easing="inout">Focus</animation>
              <colordiffuse>aaFFFFFF</colordiffuse>
              <animation effect="zoom" center="140,140" start="100" end="120" time="200" tween="cubic" easing="inout" condition="Control.HasFocus(7001)">Conditional</animation>
            </control>
          </control>
          <control type="image">
            <posx>266</posx>
            <posy>50</posy>
            <width>60</width>
            <height>60</height>
            <texture>thumbs/OverlayWatched.png</texture>
            <visible>StringCompare(ListItem.Overlay,OverlayWatched.png)+!Control.HasFocus(109)</visible>
            <animation effect="zoom" center="140,140" start="100" end="120" time="200" tween="cubic" easing="inout">Focus</animation>
            <animation effect="zoom" center="140,140" start="100" end="120" time="200" tween="cubic" easing="inout" condition="Control.HasFocus(7001)">Conditional</animation>
          </control>
        </focusedlayout>
      </control>
      <control type="scrollbar" id="63">
        <posx>305</posx>
        <posy>670</posy>
        <width>670</width>
        <height>41</height>
        <visible allowhiddenfocus="true">Control.HasFocus(63)</visible>
        <texturesliderbackground border="14,0,14,0">views/scrollBarH.png</texturesliderbackground>
        <texturesliderbar border="14,0,14,0">views/scrollBarH_bar.png</texturesliderbar>
        <texturesliderbarfocus border="14,0,14,0">views/scrollBarH_bar_focus.png</texturesliderbarfocus>
        <textureslidernib>views/scrollBarNib.png</textureslidernib>
        <textureslidernibfocus>views/scrollBarNib.png</textureslidernibfocus>
        <pulseonselect>yes</pulseonselect>
        <onup>503</onup>
        <ondown>SetFocus(109)</ondown>
        <ondown>9000</ondown>
        <showonepage>false</showonepage>
        <orientation>horizontal</orientation>
      </control>
      <control type="group">
        <visible>!Control.HasFocus(109)</visible>
      <control type="label">
        <posx>340</posx>
        <posy>693</posy>
        <width>600</width>
        <align>center</align>
        <aligny>center</aligny>
        <include>Animation_CommonFade</include>
        <font>Font_ShowcaseMainLabel2</font>
        <textcolor>floor</textcolor>
        <shadowcolor>black</shadowcolor>
        <label>[UPPERCASE]$INFO[ListItem.Label][/UPPERCASE]</label>
        <visible>!Control.HasFocus(63)+!ControlGroup(9000).HasFocus</visible>
      </control>
      <control type="label">
        <posx>340</posx>
        <posy>693</posy>
        <width>600</width>
        <align>center</align>
        <aligny>center</aligny>
        <include>Animation_CommonFade</include>
        <font>Font_ShowcaseMainLabel2</font>
        <textcolor>floor</textcolor>
        <shadowcolor>black</shadowcolor>
        <label>[UPPERCASE]$INFO[Container.NumItems] $LOCALIZE[31025] | $LOCALIZE[31024] $INFO[Container.CurrentPage]/$INFO[Container.NumPages][/UPPERCASE]</label>
        <visible>ControlGroup(9000).HasFocus</visible>
      </control>
        <control type="image">
          <posx>103</posx>
          <posy>4</posy>
          <width>160</width>
          <height>62</height>
          <texture>$INFO[ListItem.path]../logo.png</texture>
          <fadetime>300</fadetime>
          <aspectratio scalediffuse="false">stretch</aspectratio>
          <visible>Container.Content(episodes)+!ControlGroup(9000).HasFocus+[!Player.HasMedia|[Player.HasMedia+SubString(Window(videolibrary).Property(TvTunesIsAlive),True)]]</visible>
          <animation effect="fade" start="100" end="0" time="200">Hidden</animation>
          <animation effect="fade" start="0" end="100" time="400">Visible</animation>
        </control>
        <control type="image">
          <posx>103</posx>
          <posy>4</posy>
          <width>160</width>
          <height>62</height>
          <texture>$INFO[ListItem.path]logo.png</texture>
          <fadetime>300</fadetime>
          <aspectratio scalediffuse="false">stretch</aspectratio>
          <visible>Container.Content(tvshows)+!ControlGroup(9000).HasFocus+[!Player.HasMedia|[Player.HasMedia+SubString(Window(videolibrary).Property(TvTunesIsAlive),True)]]</visible>
          <animation effect="fade" start="100" end="0" time="200">Hidden</animation>
          <animation effect="fade" start="0" end="100" time="400">Visible</animation>
        </control>
      </control>

      <include>FloorFlags</include>
      <include>Furniture_DarkGradient</include>
     </control>
  </include>
  <include name="MediaListView2">
    <control type="group">
      <visible>Control.IsVisible(504)</visible>
      <posx>0</posx>
      <posy>0</posy>
      <include>Furniture_Showcase</include>
      <control type="group">
        <!--<animation effect="slide" end="0,30"  time="400" easing="inout" tween="cubic" condition="Skin.HasSetting(showcaseinfoon)+Container.Content(movies)|Skin.HasSetting(showcaseinfoontv)+Container.Content(tvshows)|!Skin.HasSetting(showcaseextrainfo)">Conditional</animation>-->
        <include>ShowcaseInfoPaneMovies</include>
      </control>
      <control type="group">
        <!--<animation effect="slide" end="0,30"  time="400" easing="inout" tween="cubic" condition="Skin.HasSetting(showcaseinfoon)+Container.Content(movies)|Skin.HasSetting(showcaseinfoontv)+Container.Content(tvshows)|!Skin.HasSetting(showcaseextrainfo)">Conditional</animation>-->
        <include>ShowcaseMoviesDVD</include>
      </control>
      <control type="wraplist" id="504">
        <visible>Container.Content(Movies) | Container.Content(Seasons) | [Container.Content(TVShows) + Skin.HasSetting(TVShowsUsePosters)] | Window.IsVisible(VideoFiles)| Window.IsActive(1)</visible>
        <visible>!Container.Content(LiveTV)</visible>
        <include condition="Window.IsActive(28) | Window.IsActive(24) | [Window.IsActive(25) + !Container.Content(episodes)] | Window.IsActive(1)">MovieShowcaseGroupVars</include>
        <onleft>504</onleft>
        <onright>504</onright>
        <onup>SetFocus(7000)</onup>
        <ondown>64</ondown>
        <viewtype label="$LOCALIZE[31151]">bigwrap</viewtype>
        <pagecontrol>64</pagecontrol>
        <scrolltime>200</scrolltime>
        <focusposition>3</focusposition>
        <orientation>horizontal</orientation>
        <preloaditems>4</preloaditems>
        <animation effect="fade" start="100" end="0" time="400" condition="Control.HasFocus(109)">Conditional</animation>
        <itemlayout height="350" width="196" condition="Window.IsActive(28) | Window.IsActive(24) | [Window.IsActive(25) + !Container.Content(episodes)] | Window.IsActive(1)">
          <control type="group">
            <visible>Skin.HasSetting(noflowdvd)+!Control.IsVisible(6004)</visible>
            <control type="image">
              <include>MovieShowcaseThumbMainDVD</include>
              <info>ListItem.Thumb</info>
            </control>
            <control type="image">
              <description>Glass overlay</description>
              <include>MovieShowcaseGlassOverlayAngledDVD</include>
            </control>
            <control type="image">
              <include>MovieShowcaseThumbReflectionDVDCover</include>
              <info>ListItem.Thumb</info>
            </control>
            <control type="image">
              <description>Glass overlay reflection</description>
              <include>MovieShowcaseThumbReflectionDVD</include>
            </control>
            <control type="image">
              <include>WatchedOverlayShowCaseDVD</include>
              <visible>!IsEmpty(ListItem.Overlay)</visible>
              <visible>StringCompare(ListItem.Overlay,OverlayWatched.png)</visible>
            </control>
          </control>
        </itemlayout>
        <focusedlayout height="350" width="196" condition="Window.IsActive(28) | Window.IsActive(24) | [Window.IsActive(25) + !Container.Content(episodes)] | Window.IsActive(1)">
          <control type="group">
            <visible>Skin.HasSetting(noflowdvd)+!Control.IsVisible(6004)</visible>
            <animation effect="zoom" start="100" end="120" center="135,230" time="400" easing="out" reversible="false" tween="cubic" condition="Control.HasFocus(7000) + Skin.HasSetting(noflowdvd)">Conditional</animation>
            <control type="image">
              <include>MovieShowcaseThumbDVD</include>
              <info>ListItem.Thumb</info>
              <animation effect="zoom" start="100" end="120" center="135,230" time="400" easing="out" reversible="false" tween="cubic">Focus</animation>
              <animation effect="zoom" start="120" end="100" center="135,230" time="400" easing="out" reversible="false" tween="cubic" condition="!Control.HasFocus(504) + Skin.HasSetting(noflowdvd)">Unfocus</animation>
            </control>
            <control type="image">
              <description>Glass overlay</description>
              <include>MovieShowcaseGlassOverlayAngledDVD</include>
              <animation effect="zoom" start="100" end="120" center="135,230" time="400" easing="out" reversible="false" tween="cubic">Focus</animation>
              <animation effect="zoom" start="120" end="100" center="135,230" time="400" easing="out" reversible="false" tween="cubic" condition="!Control.HasFocus(504) + Skin.HasSetting(noflowdvd)">Unfocus</animation>
            </control>
            <control type="image">
              <include>MovieShowcaseThumbReflectionDVDCover</include>
              <info>ListItem.Thumb</info>
              <animation effect="zoom" start="100" end="120" center="135,230" time="400" easing="out" reversible="false" tween="cubic">Focus</animation>
              <animation effect="zoom" start="120" end="100" center="135,230" time="400" easing="out" reversible="false" tween="cubic" condition="!Control.HasFocus(504) + Skin.HasSetting(noflowdvd)">Unfocus</animation>
            </control>
            <control type="image">
              <description>Glass overlay reflection</description>
              <include>MovieShowcaseThumbReflectionDVD</include>
              <animation effect="zoom" start="100" end="120" center="135,230" time="400" easing="out" reversible="false" tween="cubic">Focus</animation>
              <animation effect="zoom" start="120" end="100" center="135,230" time="400" easing="out" reversible="false" tween="cubic" condition="!Control.HasFocus(504) + Skin.HasSetting(noflowdvd)">Unfocus</animation>
            </control>
            <control type="image">
              <include>WatchedOverlayShowCaseDVD</include>
              <visible>!IsEmpty(ListItem.Overlay)</visible>
              <visible>StringCompare(ListItem.Overlay,OverlayWatched.png)</visible>
              <animation effect="zoom" start="100" end="120" center="135,230" time="400" easing="out" reversible="false" tween="cubic">Focus</animation>
              <animation effect="zoom" start="120" end="100" center="135,230" time="400" easing="out" reversible="false" tween="cubic" condition="!Control.HasFocus(504) + Skin.HasSetting(noflowdvd)">Unfocus</animation>
            </control>
          </control>
        </focusedlayout>
      </control>
      <control type="scrollbar" id="64">
        <posx>305</posx>
        <posy>670</posy>
        <width>670</width>
        <height>41</height>
        <visible allowhiddenfocus="true">Control.HasFocus(64)+Control.IsVisible(504)</visible>
        <texturesliderbackground border="14,0,14,0">views/scrollBarH.png</texturesliderbackground>
        <texturesliderbar border="14,0,14,0">views/scrollBarH_bar.png</texturesliderbar>
        <texturesliderbarfocus border="14,0,14,0">views/scrollBarH_bar_focus.png</texturesliderbarfocus>
        <textureslidernib>views/scrollBarNib.png</textureslidernib>
        <textureslidernibfocus>views/scrollBarNib.png</textureslidernibfocus>
        <pulseonselect>yes</pulseonselect>
        <onup>504</onup>
        <ondown>SetFocus(109)</ondown>
        <ondown>9000</ondown>
        <showonepage>false</showonepage>
        <orientation>horizontal</orientation>
      </control>
      <control type="group">
        <visible>!Control.HasFocus(109)</visible>

        <control type="label">
          <posx>340</posx>
          <posy>670</posy>
          <width>600</width>
          <align>center</align>
          <aligny>center</aligny>
          <include>Animation_CommonFade</include>
          <font>Font_Info</font>
          <textcolor>floor</textcolor>
          <shadowcolor>black</shadowcolor>
          <label>[UPPERCASE]$INFO[ListItem.Year] • $INFO[ListItem.Duration] $LOCALIZE[12391] • $INFO[ListItem.RatingAndVotes][/UPPERCASE]</label>
          <visible>!Control.HasFocus(64)+!ControlGroup(9000).HasFocus+!SubString(ListItem.Label,..)+Container.Content(movies)+!Skin.HasSetting(wallgenre)</visible>
        </control>

      <control type="label">
        <posx>340</posx>
        <posy>670</posy>
        <width>600</width>
        <align>center</align>
        <aligny>center</aligny>
        <include>Animation_CommonFade</include>
        <font>Font_Info</font>
        <textcolor>floor</textcolor>
        <shadowcolor>black</shadowcolor>
        <label>[UPPERCASE]$INFO[ListItem.Genre][/UPPERCASE]</label>
        <visible>!Control.HasFocus(64)+!ControlGroup(9000).HasFocus+!SubString(ListItem.Label,..)+Skin.HasSetting(wallgenre)</visible>
      </control>
      <control type="label">
        <posx>340</posx>
        <posy>693</posy>
        <width>600</width>
        <align>center</align>
        <aligny>center</aligny>
        <include>Animation_CommonFade</include>
        <font>Font_ShowcaseMainLabel2</font>
        <textcolor>floor</textcolor>
        <shadowcolor>black</shadowcolor>
        <label>[UPPERCASE]$INFO[ListItem.Label][/UPPERCASE]</label>
        <visible>!Control.HasFocus(64)+!ControlGroup(9000).HasFocus</visible>
      </control>
      <control type="label">
        <posx>340</posx>
        <posy>693</posy>
        <width>600</width>
        <align>center</align>
        <aligny>center</aligny>
        <include>Animation_CommonFade</include>
        <font>Font_ShowcaseMainLabel2</font>
        <textcolor>floor</textcolor>
        <shadowcolor>black</shadowcolor>
        <label>[UPPERCASE]$INFO[Container.NumItems] $LOCALIZE[31025] | $LOCALIZE[31024] $INFO[Container.CurrentPage]/$INFO[Container.NumPages][/UPPERCASE]</label>
        <visible>ControlGroup(9000).HasFocus</visible>
      </control>
      </control>
      <include>FloorFlags</include>
      <include>Furniture_DarkGradient</include>
    </control>
  </include>
  <include name="LowList">
    <control type="group">
      <visible>Control.IsVisible(511)</visible>
      <control type="group">
        <description>Low List Furniture</description>
        <animation effect="slide" start="0,0" end="0,-143" time="150" condition="Skin.HasSetting(highlist)+Control.HasFocus(7002)">Conditional</animation>
        <animation effect="slide" start="0,0" end="0,-33" time="150" condition="!Skin.HasSetting(highlist)+Control.HasFocus(7002)">Conditional</animation>
        <control type="image">
        <description>Low List Spot Light</description>
        <posx>30</posx>
        <posy>503</posy>
        <width>1350</width>
        <height>404</height>
        <texture>views/showcase_spot.png</texture>
        <include>Animation_CommonFade</include>
        <animation effect="slide" start="0,0" end="0,-110" time="150" condition="!Skin.HasSetting(highlist)">Conditional</animation>
        <animation effect="fade" start="100" end="55" time="50" condition="!Skin.HasSetting(listpanelthin)">Conditional</animation>
        <animation effect="fade" start="100" end="30" time="50" condition="Skin.HasSetting(listpanelthin)">Conditional</animation>
      </control>
      <control type="image">
        <description>Low List Background Panel</description>
        <posx>0</posx>
        <posy>503</posy>
        <width>1280</width>
        <height>404</height>
        <aspectratio scalediffuse="false">stretch</aspectratio>
        <texture>views/lowlist_panelback.png</texture>
        <include>Animation_CommonFade</include>
        <animation effect="slide" start="0,0" end="0,-110" time="150" condition="!Skin.HasSetting(highlist)">Conditional</animation>
        <animation effect="fade" start="100" end="80" time="50" condition="!Skin.HasSetting(listpanelthin)">Conditional</animation>
        <animation effect="fade" start="100" end="35" time="50" condition="Skin.HasSetting(listpanelthin)">Conditional</animation>
      </control>
    
      <control type="image">
        <description>Right Slim Background Bar</description>
        <posx>752</posx>
        <posy>503</posy>
        <width>44</width>
        <height>327</height>
        <texture>views/listpanel_detailwide.png</texture>
        <animation effect="slide" start="0,0" end="0,-110" time="150" condition="!Skin.HasSetting(highlist)">Conditional</animation>
        <visible>!Control.HasFocus(7002)+!Container.Content(tvshows)+!Container.Content(seasons)</visible>
      </control>
      <!--<control type="image">
        <description>Right Full Background Bar</description>
        <posx>699</posx>
        <posy>503</posy>
        <width>97</width>
        <height>327</height>
        <texture>!views/listpanel_detailwide.png</texture>
        <animation effect="slide" start="0,0" end="0,-110" time="150" condition="!Skin.HasSetting(highlist)">Conditional</animation>
      </control>-->
      <control type="image">
        <posx>885</posx>
        <posy>363</posy>
        <width>360</width>
        <height>140</height>
        <aspectratio>stretch</aspectratio>
        <fadetime>400</fadetime>
        <texture background="true">$INFO[ListItem.Path]../logo.png</texture>
        <visible>!Window.IsActive(videofiles)+Container.Content(episodes)</visible>
        <animation effect="slide" start="0,0" end="0,-110" time="150" condition="!Skin.HasSetting(highlist)">Conditional</animation>
      </control>
	   <control type="image">
        <posx>885</posx>
        <posy>363</posy>
        <width>360</width>
        <height>140</height>
        <aspectratio>stretch</aspectratio>
        <fadetime>400</fadetime>
        <texture background="true">$INFO[ListItem.Path]/logo.png</texture>
        <visible>!Window.IsActive(videofiles)+Container.Content(tvshows)</visible>
        <animation effect="slide" start="0,0" end="0,-110" time="150" condition="!Skin.HasSetting(highlist)">Conditional</animation>
      </control>
      </control>
      <control type="group">
        <description>Low List info Furniture</description>
        <visible>Control.HasFocus(7002)</visible>
        <control type="image">
          <posx>300</posx>
          <posy>400</posy>
          <height>1</height>
          <width>960</width>
          <colordiffuse>66FFFFFF</colordiffuse>
          <texture background="true">views/listpanel_line.png</texture>
        </control>
        <control type="image">
          <posx>300</posx>
          <posy>650</posy>
          <height>1</height>
          <width>960</width>
          <colordiffuse>66FFFFFF</colordiffuse>
          <texture background="true">views/listpanel_line.png</texture>
        </control>
        <control type="image">
          <posx>300</posx>
          <posy>450</posy>
          <height>1</height>
          <width>265</width>
          <colordiffuse>66FFFFFF</colordiffuse>
          <texture background="true">views/listpanel_line.png</texture>
        </control>
        <control type="image">
          <posx>300</posx>
          <posy>500</posy>
          <height>1</height>
          <width>265</width>
          <colordiffuse>66FFFFFF</colordiffuse>
          <texture background="true">views/listpanel_line.png</texture>
        </control>
        <control type="image">
          <posx>300</posx>
          <posy>550</posy>
          <height>1</height>
          <width>265</width>
          <colordiffuse>66FFFFFF</colordiffuse>
          <texture background="true">views/listpanel_line.png</texture>
        </control>
        <control type="image">
          <posx>300</posx>
          <posy>600</posy>
          <height>1</height>
          <width>265</width>
          <colordiffuse>66FFFFFF</colordiffuse>
          <texture background="true">views/listpanel_line.png</texture>
        </control>
        <control type="largeimage">
          <posx>575</posx>
          <posy>410</posy>
          <width>409</width>
          <height>230</height>
          <aspectratio>scale</aspectratio>
          <fadetime>400</fadetime>
          <texture background="true">$INFO[ListItem.property(fanart_image)]</texture>
          <visible>!Container.Content(episodes)</visible>
        </control>
        <control type="largeimage">
          <posx>575</posx>
          <posy>410</posy>
          <width>409</width>
          <height>230</height>
          <aspectratio>scale</aspectratio>
          <fadetime>400</fadetime>
          <texture background="true">$INFO[ListItem.Thumb]</texture>
          <visible>Container.Content(episodes)</visible>
        </control>
        <control type="multiimage">
          <posx>575</posx>
          <posy>410</posy>
          <width>409</width>
          <height>230</height>
          <aspectratio>scale</aspectratio>
          <imagepath background="true">$INFO[ListItem.Path]/extrathumbs/</imagepath>
          <timeperimage>8000</timeperimage>
          <randomize>true</randomize>
          <fadetime>1000</fadetime>
        </control>
      </control>
      <control type="group">
        <description>Low List Info infolabels</description>
        <visible>Control.HasFocus(7002)+Container.Content(movies)</visible>
        <control type="fadelabel">
          <posx>300</posx>
          <posy>360</posy>
          <height>40</height>
          <width>960</width>
          <font>Font_Bold28</font>
          <align>center</align>
          <aligny>center</aligny>
          <textcolor>abFFFFFF</textcolor>
          <label>[UPPERCASE]$INFO[ListItem.Tagline][/UPPERCASE]</label>
        </control>
        <control type="fadelabel">
          <posx>300</posx>
          <posy>650</posy>
          <height>70</height>
          <width>545</width>
          <font>Font_OSDTitle2</font>
          <align>left</align>
          <aligny>center</aligny>
          <textcolor>abFFFFFF</textcolor>
          <label>[UPPERCASE]$INFO[ListItem.Title][/UPPERCASE]</label>
        </control>
        <control type="label">
          <posx>300</posx>
          <posy>400</posy>
          <height>25</height>
          <width>265</width>
          <aligny>center</aligny>
          <font>Font_Info</font>
          <textcolor>abFFFFFF</textcolor>
          <label>$LOCALIZE[20339]:</label>
        </control>
        <control type="label">
          <posx>300</posx>
          <posy>425</posy>
          <height>25</height>
          <width>265</width>
          <aligny>top</aligny>
          <font>Font_Info</font>
          <textcolor>white</textcolor>
          <label fallback="312577">$INFO[ListItem.Director]</label>
        </control>
        <control type="label">
          <posx>300</posx>
          <posy>450</posy>
          <height>25</height>
          <width>265</width>
          <aligny>center</aligny>
          <font>Font_Info</font>
          <textcolor>abFFFFFF</textcolor>
          <label>$LOCALIZE[20417]:</label>
        </control>
        <control type="label">
          <posx>300</posx>
          <posy>475</posy>
          <height>25</height>
          <width>265</width>
          <aligny>top</aligny>
          <font>Font_Info</font>
          <textcolor>white</textcolor>
          <label fallback="312577">$INFO[ListItem.Writer]</label>
        </control>
        <control type="label">
          <posx>300</posx>
          <posy>500</posy>
          <height>25</height>
          <width>265</width>
          <aligny>center</aligny>
          <font>Font_Info</font>
          <textcolor>abFFFFFF</textcolor>
          <label>$LOCALIZE[368]:</label>
        </control>
        <control type="label">
          <posx>300</posx>
          <posy>525</posy>
          <height>25</height>
          <width>265</width>
          <aligny>top</aligny>
          <font>Font_Info</font>
          <textcolor>white</textcolor>
          <label fallback="312577">$INFO[ListItem.RatingAndVotes] • $LOCALIZE[13409] #$INFO[ListItem.Top250]</label>
          <visible>!IsEmpty(ListItem.Top250)</visible>
        </control>
        <control type="label">
          <posx>300</posx>
          <posy>525</posy>
          <height>25</height>
          <width>265</width>
          <aligny>top</aligny>
          <font>Font_Info</font>
          <textcolor>white</textcolor>
          <label fallback="312577">$INFO[ListItem.RatingAndVotes]</label>
          <visible>IsEmpty(ListItem.Top250)</visible>
        </control>
        <control type="label">
          <posx>300</posx>
          <posy>550</posy>
          <height>25</height>
          <width>265</width>
          <aligny>center</aligny>
          <font>Font_Info</font>
          <textcolor>abFFFFFF</textcolor>
          <label>$LOCALIZE[2050]:</label>
        </control>
        <control type="label">
          <posx>300</posx>
          <posy>575</posy>
          <height>25</height>
          <width>265</width>
          <aligny>top</aligny>
          <font>Font_Info</font>
          <textcolor>white</textcolor>
          <label fallback="312577">$INFO[ListItem.Duration] $LOCALIZE[12391]</label>
          <visible>!IsEmpty(ListItem.Duration)</visible>
        </control>
        <control type="label">
          <posx>300</posx>
          <posy>575</posy>
          <height>25</height>
          <width>265</width>
          <aligny>top</aligny>
          <font>Font_Info</font>
          <textcolor>white</textcolor>
          <label>$LOCALIZE[312577]</label>
          <visible>IsEmpty(ListItem.Duration)</visible>
        </control>
        <control type="label">
          <posx>300</posx>
          <posy>600</posy>
          <height>25</height>
          <width>265</width>
          <aligny>center</aligny>
          <font>Font_Info</font>
          <textcolor>abFFFFFF</textcolor>
          <label>$LOCALIZE[345]:</label>
        </control>
        <control type="label">
          <posx>300</posx>
          <posy>625</posy>
          <height>25</height>
          <width>265</width>
          <aligny>top</aligny>
          <font>Font_Info</font>
          <textcolor>white</textcolor>
          <label fallback="312577">$INFO[ListItem.Year]</label>
        </control>
        <control type="textbox">
          <posx>1000</posx>
          <posy>403</posy>
          <width>260</width>
          <height>245</height>
          <font>Font_Info</font>
          <label>$INFO[ListItem.Plot]</label>
          <textcolor>abFFFFFF</textcolor>
          <autoscroll delay="8000" time="2000" repeat="8000">Skin.HasSetting(AutoScroll)</autoscroll>
        </control>
      </control>
      <control type="group">
        <description>Low List Info infolabels</description>
        <visible>Control.HasFocus(7002)+Container.Content(episodes)</visible>
        <control type="fadelabel">
          <posx>300</posx>
          <posy>360</posy>
          <height>40</height>
          <width>960</width>
          <font>Font_Bold28</font>
          <align>center</align>
          <aligny>center</aligny>
          <textcolor>abFFFFFF</textcolor>
          <label>[UPPERCASE]$INFO[ListItem.Title][/UPPERCASE]</label>
        </control>
        <control type="fadelabel">
          <posx>300</posx>
          <posy>650</posy>
          <height>70</height>
          <width>545</width>
          <font>Font_OSDTitle2</font>
          <align>left</align>
          <aligny>center</aligny>
          <textcolor>abFFFFFF</textcolor>
          <label>[UPPERCASE]$INFO[ListItem.TVShowTitle][/UPPERCASE]</label>
        </control>
        <control type="label">
          <posx>300</posx>
          <posy>400</posy>
          <height>25</height>
          <width>265</width>
          <aligny>center</aligny>
          <font>Font_Info</font>
          <textcolor>abFFFFFF</textcolor>
          <label>$LOCALIZE[20339]:</label>
        </control>
        <control type="label">
          <posx>300</posx>
          <posy>425</posy>
          <height>25</height>
          <width>265</width>
          <aligny>top</aligny>
          <font>Font_Info</font>
          <textcolor>white</textcolor>
          <label fallback="312577">$INFO[ListItem.Director]</label>
        </control>
        <control type="label">
          <posx>300</posx>
          <posy>450</posy>
          <height>25</height>
          <width>265</width>
          <aligny>center</aligny>
          <font>Font_Info</font>
          <textcolor>abFFFFFF</textcolor>
          <label>$LOCALIZE[20417]:</label>
        </control>
        <control type="label">
          <posx>300</posx>
          <posy>475</posy>
          <height>25</height>
          <width>265</width>
          <aligny>top</aligny>
          <font>Font_Info</font>
          <textcolor>white</textcolor>
          <label fallback="312577">$INFO[ListItem.Writer]</label>
        </control>
        <control type="label">
          <posx>300</posx>
          <posy>500</posy>
          <height>25</height>
          <width>265</width>
          <aligny>center</aligny>
          <font>Font_Info</font>
          <textcolor>abFFFFFF</textcolor>
          <label>$LOCALIZE[563]:</label>
        </control>
        <control type="label">
          <posx>300</posx>
          <posy>525</posy>
          <height>25</height>
          <width>265</width>
          <aligny>top</aligny>
          <font>Font_Info</font>
          <textcolor>white</textcolor>
          <label fallback="312577">$INFO[ListItem.RatingAndVotes]</label>
        </control>
        <control type="label">
          <posx>300</posx>
          <posy>550</posy>
          <height>25</height>
          <width>265</width>
          <aligny>center</aligny>
          <font>Font_Info</font>
          <textcolor>abFFFFFF</textcolor>
          <label>$LOCALIZE[2050]:</label>
        </control>
        <control type="label">
          <posx>300</posx>
          <posy>575</posy>
          <height>25</height>
          <width>265</width>
          <aligny>top</aligny>
          <font>Font_Info</font>
          <textcolor>white</textcolor>
          <label fallback="312577">$INFO[ListItem.Duration] $LOCALIZE[12391]</label>
          <visible>!IsEmpty(ListItem.Duration)</visible>
        </control>
        <control type="label">
          <posx>300</posx>
          <posy>575</posy>
          <height>25</height>
          <width>265</width>
          <aligny>top</aligny>
          <font>Font_Info</font>
          <textcolor>white</textcolor>
          <label>$LOCALIZE[312577]</label>
          <visible>IsEmpty(ListItem.Duration)</visible>
        </control>
        <control type="label">
          <posx>300</posx>
          <posy>600</posy>
          <height>25</height>
          <width>265</width>
          <aligny>center</aligny>
          <font>Font_Info</font>
          <textcolor>abFFFFFF</textcolor>
          <label>$LOCALIZE[20416]:</label>
        </control>
        <control type="label">
          <posx>300</posx>
          <posy>625</posy>
          <height>25</height>
          <width>265</width>
          <aligny>top</aligny>
          <font>Font_Info</font>
          <textcolor>white</textcolor>
          <label fallback="312577">$INFO[ListItem.Premiered]</label>
        </control>
        <control type="textbox">
          <posx>1000</posx>
          <posy>403</posy>
          <width>260</width>
          <height>245</height>
          <font>Font_Info</font>
          <label>$INFO[ListItem.Plot]</label>
          <textcolor>abFFFFFF</textcolor>
          <autoscroll delay="8000" time="2000" repeat="8000">Skin.HasSetting(AutoScroll)</autoscroll>
        </control>
      </control>
      <control type="group">
        <posx>25</posx>
        <posy>155</posy>
        <visible>Player.HasVideo</visible>
        <animation effect="slide" tween="cubic" easing="inout" time="1300" start="-800,0" end="0,0" delay="1000">Visible</animation>
        <animation effect="slide" tween="cubic" easing="inout" time="1300" start="-800,0" end="0,0" delay="1000">WindowOpen</animation>
        <animation effect="slide" start="0,0" end="0,-110" time="150" condition="!Skin.HasSetting(highlist)">Conditional</animation>
        <include>Animation_CommonFade</include>
        <control type="image">
          <description>gradient</description>
          <posx>254</posx>
          <posy>-11</posy>
          <width>775</width>
          <height>342</height>
          <texture>home/nowplaying/OverlayDialogBackground.png</texture>
        </control>
        <control type="image">
          <posx>280</posx>
          <posy>10</posy>
          <width>720</width>
          <height>300</height>
          <texture>common/black.png</texture>
        </control>
        <control type="videowindow">
          <posx>280</posx>
          <posy>10</posy>
          <width>720</width>
          <height>300</height>
        </control>
      </control>
      <control type="group">
        <description>Media icon</description>
        <posx>10</posx>
        <posy>321</posy>
        <animation effect="slide" start="0,0" end="-22,0" time="400" easing="inout" tween="cubic" condition="Control.HasFocus(69)">Conditional</animation>
        <animation effect="slide" time="1000" start="-600,0" end="0,0" tween="cubic" easing="out">WindowOpen</animation>
        <animation effect="fade" time="400" start="0" end="100">Visible</animation>
        <animation effect="fade" time="400" start="100" end="0">Hidden</animation>
        <visible>[Container.Content(movies)|[Container.Content(tvshows) + Skin.HasSetting(TVShowsUsePosters)]|Container.Content(seasons)]</visible>
        <control type="largeimage">
          <description>Poster Icon Mask</description>
          <posx>0</posx>
          <posy>-87</posy>
          <width>266</width>
          <height>400</height>
          <texture diffuse="thumbs/movieposter_mask.png">common/black.png</texture>
          <bordertexture border="-172">thumbs/movieposter_frame.png</bordertexture>
          <fadetime>400</fadetime>
          <visible>!Container.Content(years) + !Container.Content(studios)]</visible>
        </control>
        <control type="largeimage">
          <description>POSTER icon</description>
          <posx>0</posx>
          <posy>-87</posy>
          <width>266</width>
          <height>400</height>
          <aspectratio scalediffuse="false">scale</aspectratio>
          <texture background="true" fallback="DefaultVideoBigPoster.png" diffuse="thumbs/movieposter_mask.png">$INFO[ListItem.Icon]</texture>
          <fadetime>400</fadetime>
        </control>
      
        <control type="largeimage">
          <description>POSTER icon</description>
          <posx>0</posx>
          <posy>-87</posy>
          <width>266</width>
          <height>400</height>
          <aspectratio scalediffuse="false">scale</aspectratio>
          <texture background="true" diffuse="thumbs/movieposter_mask.png">thumbs/poster_glass_noreflect.png</texture>
          <fadetime>400</fadetime>
        </control>
        <control type="largeimage">
          <description>POSTER icon</description>
          <posx>0</posx>
          <posy>313</posy>
          <width>266</width>
          <height>400</height>
          <aspectratio scalediffuse="false">scale</aspectratio>
          <texture background="true" flipy="true" fallback="DefaultVideoBigPoster.png" diffuse="thumbs/movieposter_mask_reflect.png">$INFO[ListItem.Icon]</texture>
          <fadetime>400</fadetime>
        </control>
     
        <control type="largeimage">
          <description>POSTER icon</description>
          <posx>16</posx>
          <posy>25</posy>
          <width>233</width>
          <height>176</height>
          <texture background="true">thumbs/play-button.png</texture>
          <fadetime>400</fadetime>
          <visible>!IsEmpty(ListItem.Trailer)+!Control.HasFocus(7001)</visible>
          <animation effect="fade" start="35" end="35" condition="!Control.HasFocus(7001)">Conditional</animation>
        </control>
        <control type="largeimage">
          <description>POSTER icon</description>
          <posx>16</posx>
          <posy>25</posy>
          <width>233</width>
          <height>176</height>
          <texture background="true">thumbs/play-button.png</texture>
          <fadetime>400</fadetime>
          <visible>!IsEmpty(ListItem.Trailer)+Control.HasFocus(7001)</visible>
          <animation effect="fade" start="50" end="20" time="1000" pulse="true" condition="Control.HasFocus(7001)">Conditional</animation>
        </control>
      </control>
      <control type="group">
        <description>Season and TV show thumb</description>
        <visible>Container.Content(episodes)+Control.HasFocus(7002)</visible>
        <posx>10</posx>
        <posy>321</posy>
        <animation effect="slide" time="1000" start="-600,0" end="0,0" tween="cubic" easing="out">WindowOpen</animation>
        <control type="largeimage">
          <description>POSTER icon</description>
          <posx>0</posx>
          <posy>-87</posy>
          <width>266</width>
          <height>400</height>
          <aspectratio scalediffuse="false">scale</aspectratio>
          <texture background="true" fallback="DefaultVideoBigPoster.png" diffuse="thumbs/movieposter_mask.png">$INFO[Container.TvshowThumb]</texture>
          <fadetime>400</fadetime>
        </control>
        <control type="largeimage" id="89898989">
          <description>POSTER icon</description>
          <posx>0</posx>
          <posy>-87</posy>
          <width>266</width>
          <height>400</height>
          <aspectratio scalediffuse="false">scale</aspectratio>
          <texture background="true" diffuse="thumbs/movieposter_mask.png">$INFO[Container.SeasonThumb]</texture>
          <fadetime>400</fadetime>
        </control>
        <control type="largeimage">
          <description>POSTER icon</description>
          <posx>0</posx>
          <posy>-87</posy>
          <width>266</width>
          <height>400</height>
          <aspectratio scalediffuse="false">scale</aspectratio>
          <texture background="true" diffuse="thumbs/movieposter_mask.png">thumbs/poster_glass_noreflect.png</texture>
          <fadetime>400</fadetime>
        </control>
        <control type="largeimage">
          <description>POSTER icon</description>
          <posx>0</posx>
          <posy>313</posy>
          <width>266</width>
          <height>400</height>
          <aspectratio scalediffuse="false">scale</aspectratio>
          <texture background="true" flipy="true" fallback="DefaultVideoBigPoster.png" diffuse="thumbs/movieposter_mask_reflect.png">$INFO[Container.TvshowThumb]</texture>
          <fadetime>400</fadetime>
          <visible>IsEmpty(Control.GetLabel(89898989))</visible>
        </control>
        <control type="largeimage">
          <description>POSTER icon</description>
          <posx>0</posx>
          <posy>313</posy>
          <width>266</width>
          <height>400</height>
          <aspectratio scalediffuse="false">scale</aspectratio>
          <texture background="true" flipy="true" diffuse="thumbs/movieposter_mask_reflect.png">$INFO[Container.SeasonThumb]</texture>
          <fadetime>400</fadetime>
        </control>
      </control>
        <control type="group">
          <posx>10</posx>
          <posy>525</posy>
          <animation effect="slide" start="0,0" end="0,-70" time="150" condition="!Skin.HasSetting(highlist)">Conditional</animation>
          <animation type="Visible">
            <effect type="fade" time="450" start="0" end="100"/>
            <effect type="slide" start="0,-50" end="0,0" time="200"/>
          </animation>
          <animation effect="slide" start="0,0" end="-30,0" time="400" condition="Control.HasFocus(69)">Conditional</animation>
          <visible>Container.Content(episodes)+!Control.HasFocus(7002)</visible>
          <control type="largeimage">
            <posx>0</posx>
            <posy>0</posy>
            <width>280</width>
            <height>158</height>
            <bordertexture border="-20">thumbs/multiplex_tvborder.png</bordertexture>
            <texture diffuse="thumbs/multiplex_tvmask.png" background="true">$INFO[ListItem.Icon]</texture>
            <aspectratio scalediffuse="false">scale</aspectratio>
          </control>
          <control type="largeimage">
            <posy>159</posy>
            <posx>0</posx>
            <width>280</width>
            <height>158</height>
            <texture background="true" flipy="true" diffuse="thumbs/multiplex_tvmaskreflect.png">$INFO[ListItem.Icon]</texture>
          </control>
        </control>

     
      <control type="group">
        <description>Media Flags</description>
        <control type="image">
          <posx>850</posx>
          <posy>658</posy>
          <width>90</width>
          <height>60</height>
          <aspectratio>keep</aspectratio>
          <colordiffuse>FFDDDDDD</colordiffuse>
          <fadetime>IconCrossfadeTime2</fadetime>
          <texture fallback="flags/studios/default-studio.png">$INFO[ListItem.Studio,flags/studios/,.png]</texture>
          <visible>!IsEmpty(ListItem.Studio)+Skin.HasSetting(highlist)|[!Skin.HasSetting(highlist)+Control.HasFocus(7002)]|[!Skin.HasSetting(highlist)+Container.Content(tvshows)]</visible>
        </control>
        <control type="image">
          <posx>850</posx>
          <posy>658</posy>
          <width>90</width>
          <height>60</height>
          <aspectratio>keep</aspectratio>
          <colordiffuse>FFDDDDDD</colordiffuse>
          <fadetime>IconCrossfadeTime2</fadetime>
          <texture>$INFO[ListItem.VideoCodec,flags/videocodec/,.png]</texture>
          <visible>!Skin.HasSetting(highlist)+!Control.HasFocus(7002)</visible>
        </control>
        <control type="image">
          <posx>950</posx>
          <posy>658</posy>
          <width>90</width>
          <height>60</height>
          <aspectratio>keep</aspectratio>
          <colordiffuse>FFDDDDDD</colordiffuse>
          <fadetime>IconCrossfadeTime2</fadetime>
          <texture>$INFO[ListItem.VideoAspect,flags/aspectratio/,.png]</texture>
          <visible>!Skin.HasSetting(highlist)+!Control.HasFocus(7002)</visible>
        </control>
        <control type="group">
          <description>Rating Flags</description>
          <posx>950</posx>
          <posy>658</posy>
          <visible>Skin.HasSetting(highlist)|[!Skin.HasSetting(highlist)+Control.HasFocus(7002)]|[!Skin.HasSetting(highlist)+Container.Content(tvshows)]</visible>
          <control type="image">
            <width>90</width>
            <height>60</height>
            <aspectratio>keep</aspectratio>
            <colordiffuse>FFDDDDDD</colordiffuse>
            <fadetime>IconCrossfadeTime2</fadetime>
            <texture>flags/rating/MPAA_NR_Certificate_US.png</texture>
        <visible>[SubString(ListItem.mpaa,US:NR) | SubString(ListItem.mpaa,USA:NR) | SubString(ListItem.mpaa,Rated NR | SubString(ListItem.mpaa,NR)| IsEmpty(ListItem.Mpaa)]+!IsEmpty(ListItem.Title)</visible>
          </control>
          <control type="image">
            <width>90</width>
            <height>60</height>
            <aspectratio>keep</aspectratio>
            <colordiffuse>FFDDDDDD</colordiffuse>
            <fadetime>IconCrossfadeTime2</fadetime>
            <texture>flags/rating/MPAA_G_Certificate_US.png</texture>
            <visible>SubString(ListItem.mpaa,US:G) | SubString(ListItem.mpaa,USA:G) | SubString(ListItem.mpaa,Rated G)</visible>
          </control>
          <control type="image">
            <width>90</width>
            <height>60</height>
            <aspectratio>keep</aspectratio>
            <colordiffuse>FFDDDDDD</colordiffuse>
            <fadetime>IconCrossfadeTime2</fadetime>
            <texture>flags/rating/MPAA_PG_Certificate_US.png</texture>
            <visible>[Substring(ListItem.mpaa,Rated PG) | StringCompare(ListItem.Mpaa,PG)] + !substring(ListItem.mpaa,PG-13)</visible>
          </control>
          <control type="image">
            <width>90</width>
            <height>60</height>
            <aspectratio>keep</aspectratio>
            <colordiffuse>FFDDDDDD</colordiffuse>
            <fadetime>IconCrossfadeTime2</fadetime>
            <texture>flags/rating/MPAA_PG-13_Certificate_US.png</texture>
            <visible>SubString(ListItem.mpaa,PG-13)</visible>
          </control>
          <control type="image">
            <width>90</width>
            <height>60</height>
            <aspectratio>keep</aspectratio>
            <colordiffuse>FFDDDDDD</colordiffuse>
            <fadetime>IconCrossfadeTime2</fadetime>
            <texture>flags/rating/MPAA_R_Certificate_US.png</texture>
            <visible>SubString(ListItem.mpaa,US:R) | SubString(ListItem.mpaa,USA:R) | SubString(ListItem.mpaa,Rated R) | StringCompare(ListItem.Mpaa,R)</visible>
          </control>
          <control type="image">
            <width>90</width>
            <height>60</height>
            <aspectratio>keep</aspectratio>
            <colordiffuse>FFDDDDDD</colordiffuse>
            <fadetime>IconCrossfadeTime2</fadetime>
            <texture>flags/rating/MPAA_NC-17_Certificate_US.png</texture>
            <visible>SubString(ListItem.mpaa,US:NC-17) | SubString(ListItem.mpaa,USA:NC-17) | SubString(ListItem.mpaa,Rated NC-17)</visible>
          </control>
          <control type="image">
            <width>90</width>
            <height>60</height>
            <aspectratio>keep</aspectratio>
            <colordiffuse>FFDDDDDD</colordiffuse>
            <fadetime>IconCrossfadeTime2</fadetime>
            <texture>flags/rating/TV-G_Certificate_US.png</texture>
            <visible>substring(ListItem.mpaa,TV-G)</visible>
          </control>
          <control type="image">
            <width>90</width>
            <height>60</height>
            <aspectratio>keep</aspectratio>
            <colordiffuse>FFDDDDDD</colordiffuse>
            <fadetime>IconCrossfadeTime2</fadetime>
            <texture>flags/rating/TV-PG_Certificate_US.png</texture>
            <visible>substring(ListItem.mpaa,TV-PG)</visible>
          </control>
          <control type="image">
            <width>90</width>
            <height>60</height>
            <aspectratio>keep</aspectratio>
            <colordiffuse>FFDDDDDD</colordiffuse>
            <fadetime>IconCrossfadeTime2</fadetime>
            <texture>flags/rating/TV-14_Certificate_US.png</texture>
            <visible>substring(ListItem.mpaa,TV-14)</visible>
          </control>
          <control type="image">
            <width>90</width>
            <height>60</height>
            <aspectratio>keep</aspectratio>
            <colordiffuse>FFDDDDDD</colordiffuse>
            <fadetime>IconCrossfadeTime2</fadetime>
            <texture>flags/rating/TV-MA_Certificate_US.png</texture>
            <visible>substring(ListItem.mpaa,TV-MA)</visible>
          </control>
        </control>
        <control type="image">
          <posx>1050</posx>
          <posy>658</posy>
          <width>90</width>
          <height>60</height>
          <aspectratio>keep</aspectratio>
          <colordiffuse>FFDDDDDD</colordiffuse>
          <fadetime>IconCrossfadeTime2</fadetime>
          <texture>$INFO[ListItem.VideoResolution,flags/resolution/,.png]</texture>
        </control>
        <control type="group">
          <description>Audio Flags</description>
          <posx>1150</posx>
          <posy>658</posy>
          <control type="image">
            <width>90</width>
            <height>60</height>
            <aspectratio>keep</aspectratio>
            <colordiffuse>FFDDDDDD</colordiffuse>
            <fadetime>IconCrossfadeTime2</fadetime>
            <texture>flags/audio/dts.png</texture>
            <visible>substring(ListItem.AudioCodec,dca)</visible>
          </control>
          <control type="image">
            <width>90</width>
            <height>60</height>
            <aspectratio>keep</aspectratio>
            <colordiffuse>FFDDDDDD</colordiffuse>
            <fadetime>IconCrossfadeTime2</fadetime>
            <texture>flags/audio/dolbydigital.png</texture>
            <visible>substring(ListItem.AudioCodec,ac3)+!substring(ListItem.AudioChannels,2)</visible>
          </control>
          <control type="image">
            <width>90</width>
            <height>60</height>
            <aspectratio>keep</aspectratio>
            <colordiffuse>FFDDDDDD</colordiffuse>
            <fadetime>IconCrossfadeTime2</fadetime>
            <texture>flags/audio/dolbypro.png</texture>
            <visible>substring(ListItem.AudioCodec,ac3)+substring(ListItem.AudioChannels,2)</visible>
          </control>
          <control type="image">
            <width>90</width>
            <height>60</height>
            <aspectratio>keep</aspectratio>
            <colordiffuse>FFDDDDDD</colordiffuse>
            <fadetime>IconCrossfadeTime2</fadetime>
            <texture>flags/audio/mp3.png</texture>
            <visible>substring(ListItem.AudioCodec,mp3)</visible>
          </control>
          <control type="image">
            <width>90</width>
            <height>60</height>
            <aspectratio>keep</aspectratio>
            <colordiffuse>FFDDDDDD</colordiffuse>
            <fadetime>IconCrossfadeTime2</fadetime>
            <texture>flags/audio/aac.png</texture>
            <visible>substring(ListItem.AudioCodec,aac)</visible>
          </control>
        </control>
      </control>
      <control type="group">
        <description>Info labels</description>
        <visible>!Control.HasFocus(7002)</visible>
        <control type="label">
        <posx>850</posx>
        <posy>632</posy>
        <height>13</height>
        <width>215</width>
        <font>Font_Bold20</font>
        <textcolor>abFFFFFF</textcolor>
        <label>$INFO[ListItem.Year]</label>
        <visible>Container.Content(movies)</visible>
      </control>
      <control type="label">
        <posx>850</posx>
        <posy>632</posy>
        <height>13</height>
        <width>215</width>
        <font>Font_Bold20</font>
        <textcolor>abFFFFFF</textcolor>
        <label>$INFO[ListItem.Premiered]</label>
        <visible>Container.Content(episodes)</visible>
      </control>
      <control type="label">
        <posx>1260</posx>
        <posy>632</posy>
        <height>13</height>
        <width>215</width>
        <align>right</align>
        <font>Font_Bold20</font>
        <textcolor>abFFFFFF</textcolor>
        <label>[LOWERCASE]$INFO[ListItem.Duration] $LOCALIZE[12391][/LOWERCASE]</label>
        <visible>!IsEmpty(ListItem.Duration)</visible>
      </control>
      <control type="group">
        <visible>!Skin.HasSetting(highlist)+!IsEmpty(ListItem.Title)+!Container.Content(tvshows)+!Container.Content(seasons)</visible>
        <animation effect="fade" start="0" end="70" time="400">VisibleChange</animation>
        <control type="label">
          <posx>850</posx>
          <posy>525</posy>
          <height>13</height>
          <width>430</width>
          <font>Font_Info</font>
          <textcolor>abFFFFFF</textcolor>
          <label>$LOCALIZE[20339]:</label>
        </control>
        <control type="label">
          <posx>937</posx>
          <posy>525</posy>
          <height>13</height>
          <width>323</width>
          <font>Font_Info</font>
          <textcolor>white</textcolor>
          <label fallback="312577">$INFO[ListItem.Director]</label>
        </control>
        <control type="label">
          <posx>850</posx>
          <posy>550</posy>
          <height>13</height>
          <width>430</width>
          <font>Font_Info</font>
          <textcolor>abFFFFFF</textcolor>
          <label>$LOCALIZE[20417]:</label>
        </control>
        <control type="label">
          <posx>937</posx>
          <posy>550</posy>
          <height>13</height>
          <width>323</width>
          <font>Font_Info</font>
          <textcolor>white</textcolor>
          <label fallback="312577">$INFO[ListItem.Writer]</label>
        </control>
        <control type="group">
        <control type="label">
          <posx>850</posx>
          <posy>575</posy>
          <height>13</height>
          <width>430</width>
          <font>Font_Info</font>
          <textcolor>abFFFFFF</textcolor>
          <label>$LOCALIZE[572]:</label>
        </control>
        <control type="fadelabel">
          <posx>937</posx>
          <posy>575</posy>
          <height>13</height>
          <width>323</width>
          <font>Font_Info</font>
          <textcolor>white</textcolor>
          <label fallback="312577">$INFO[ListItem.Studio]</label>
        </control>
          <control type="label">
            <posx>850</posx>
            <posy>600</posy>
            <height>13</height>
            <width>430</width>
            <font>Font_Info</font>
            <textcolor>abFFFFFF</textcolor>
            <label>MPAA:</label>
          </control>
          <control type="fadelabel">
            <posx>937</posx>
            <posy>600</posy>
            <height>13</height>
            <width>323</width>
            <font>Font_Info</font>
            <textcolor>white</textcolor>
            <label fallback="Not Rated">$INFO[ListItem.Mpaa]</label>
          </control>
        </control>
      </control>
        <control type="group">
          <visible>!Skin.HasSetting(highlist)+!IsEmpty(ListItem.Title)+Container.Content(tvshows)</visible>
          <animation effect="fade" start="0" end="70" time="400">VisibleChange</animation>
          <control type="label">
            <posx>850</posx>
            <posy>525</posy>
            <height>13</height>
            <width>430</width>
            <font>Font_Info</font>
            <textcolor>abFFFFFF</textcolor>
            <label>$LOCALIZE[515]:</label>
          </control>
          <control type="label">
            <posx>937</posx>
            <posy>525</posy>
            <height>13</height>
            <width>323</width>
            <font>Font_Info</font>
            <textcolor>white</textcolor>
            <label fallback="312577">$INFO[ListItem.Genre]</label>
          </control>
          <control type="label">
            <posx>850</posx>
            <posy>550</posy>
            <height>13</height>
            <width>430</width>
            <font>Font_Info</font>
            <textcolor>abFFFFFF</textcolor>
            <label>$LOCALIZE[312576]:</label>
          </control>
          <control type="label">
            <posx>937</posx>
            <posy>550</posy>
            <height>13</height>
            <width>323</width>
            <font>Font_Info</font>
            <textcolor>white</textcolor>
            <label fallback="312577">$INFO[ListItem.Premiered]</label>
          </control>
          <control type="group">
            <control type="label">
              <posx>850</posx>
              <posy>575</posy>
              <height>13</height>
              <width>430</width>
              <font>Font_Info</font>
              <textcolor>abFFFFFF</textcolor>
              <label>$LOCALIZE[563]:</label>
            </control>
            <control type="fadelabel">
              <posx>937</posx>
              <posy>575</posy>
              <height>13</height>
              <width>323</width>
              <font>Font_Info</font>
              <textcolor>white</textcolor>
              <label fallback="312577">$INFO[ListItem.Rating]</label>
            </control>
            <control type="label">
              <posx>850</posx>
              <posy>600</posy>
              <height>13</height>
              <width>430</width>
              <font>Font_Info</font>
              <textcolor>abFFFFFF</textcolor>
              <label>$LOCALIZE[20360]:</label>
            </control>
            <control type="label">
              <posx>937</posx>
              <posy>600</posy>
              <height>13</height>
              <width>323</width>
              <font>Font_Info</font>
              <textcolor>white</textcolor>
              <label>$INFO[ListItem.Property(TotalEpisodes)] ($LOCALIZE[16101]: $INFO[ListItem.Property(UnWatchedEpisodes)])</label>
            </control>
          </control>
        </control>
      <control type="group">
        <description>ListItem Info</description>
        <animation effect="slide" start="0,0" end="0,-110" time="150" condition="!Skin.HasSetting(highlist)">Conditional</animation>
        <control type="textbox">
          <posx>850</posx>
          <posy>510</posy>
          <width>425</width>
          <height>117</height>
          <font>Font_Info</font>
          <label>$INFO[ListItem.PlotOutline]</label>
          <textcolor>d0FFFFFF</textcolor>
          <autoscroll delay="8000" time="2000" repeat="8000">Skin.HasSetting(AutoScroll)</autoscroll>
          <visible>!IsEmpty(ListItem.PlotOutline)</visible>
        </control>
        <control type="textbox">
          <posx>850</posx>
          <posy>510</posy>
          <width>425</width>
          <height>117</height>
          <font>Font_Info</font>
          <label>$INFO[ListItem.Plot]</label>
          <textcolor>d0FFFFFF</textcolor>
          <autoscroll delay="8000" time="2000" repeat="8000">Skin.HasSetting(AutoScroll)</autoscroll>
          <visible>IsEmpty(ListItem.PlotOutline)</visible>
        </control>
      </control>
      </control>
      <control type="fixedlist" id="511">
        <posx>300</posx>
        <posy>503</posy>
        <width>651</width>
        <height>320</height>
        <onleft>69</onleft>
        <onright>7002</onright>
        <onup>511</onup>
        <ondown>511</ondown>
        <orientation>vertical</orientation>
        <viewtype label="$LOCALIZE[31153]">BigWrap</viewtype>
        <pagecontrol>69</pagecontrol>
        <scrolltime>200</scrolltime>
        <preloaditems>2</preloaditems>
        <focusposition>1</focusposition>
        <visible>Container.Content(movies)|[Container.Content(episodes)+Skin.HasSetting(TVShowsUsePosters)]|Container.Content(seasons)|[Container.Content(tvshows) + Skin.HasSetting(TVShowsUsePosters)]</visible>
        <animation effect="slide" start="0,0" end="0,-110" time="150" condition="!Skin.HasSetting(highlist)">Conditional</animation>
        <animation effect="fade" start="100" end="0" time="50" condition="Control.HasFocus(7002)">Conditional</animation>
        <itemlayout height="44" width="550">
          <control type="image">
            <posx>1</posx>
            <posy>43</posy>
            <height>1</height>
            <width>530</width>
            <texture background="true">views/listpanel_line.png</texture>
          </control>
          <control type="label">
            <posx>20</posx>
            <posy>0</posy>
            <width>430</width>
            <height>44</height>
            <align>left</align>
            <aligny>center</aligny>
            <include>listcolornofocus</include>
            <font>Font_Bold16</font>
            <label>[UPPERCASE]$INFO[ListItem.Label][/UPPERCASE]</label>
          </control>
          <control type="label">
            <posx>473</posx>
            <posy>0</posy>
            <width>53</width>
            <height>44</height>
            <align>center</align>
            <aligny>center</aligny>
            <include>listcolornofocus</include>
            <font>Font_Bold16</font>
            <label>[UPPERCASE]$INFO[ListItem.Label2][/UPPERCASE]</label>
            <visible>!Container.Content(tvshows)</visible>
          </control>
          <control type="image">
            <posx>503</posx>
            <posy>13</posy>
            <width>20</width>
            <height>20</height>
            <visible>!IsEmpty(ListItem.Overlay)</visible>
            <info>ListItem.Overlay</info>
          </control>
        </itemlayout>
        <focusedlayout height="44" width="550">
          <control type="image">
            <posx>1</posx>
            <posy>43</posy>
            <height>1</height>
            <width>530</width>
            <texture background="true">views/listpanel_line.png</texture>
          </control>
          <control type="image">
            <posx>6</posx>
            <posy>-3</posy>
            <width>523</width>
            <height>50</height>
            <aspectratio scalediffuse="false">scale</aspectratio>
            <texture background="true">views/listpanel_selectbar.png</texture>
          </control>
          <control type="label">
            <posx>20</posx>
            <posy>0</posy>
            <width>430</width>
            <height>44</height>
            <align>left</align>
            <aligny>center</aligny>
            <include>listcolorfocus</include>
            <font>Font_Bold16</font>
            <label>[UPPERCASE]$INFO[ListItem.Label][/UPPERCASE]</label>
            <animation effect="slide" start="0,-10" end="0,-10" time="150" condition="Container.Content(movies)">Conditional</animation>
          </control>
          <control type="label">
            <posx>20</posx>
            <posy>8</posy>
            <width>430</width>
            <height>44</height>
            <align>left</align>
            <aligny>center</aligny>
            <include>listcolorfocus</include>
            <font>Font_Info</font>
            <label>$INFO[ListItem.Genre]</label>
            <visible>Container.Content(movies)</visible>
          </control>
          <control type="label">
            <posx>473</posx>
            <posy>0</posy>
            <width>53</width>
            <height>44</height>
            <align>center</align>
            <aligny>center</aligny>
            <include>listcolorfocus</include>
            <font>Font_Bold16</font>
            <label>[UPPERCASE]$INFO[ListItem.Label2][/UPPERCASE]</label>
            <visible>!Container.Content(tvshows)</visible>
          </control>
          <control type="image">
            <posx>503</posx>
            <posy>13</posy>
            <width>20</width>
            <height>20</height>
            <visible>!IsEmpty(ListItem.Overlay)</visible>
            <info>ListItem.Overlay</info>
          </control>
        </focusedlayout>
      </control>
      <control type="scrollbar" id="69">
        <posx>265</posx>
        <posy>394</posy>
        <width>27</width>
        <height>327</height>
        <visible allowhiddenfocus="true">Control.HasFocus(69)+!Skin.HasSetting(highlist)</visible>
        <texturesliderbackground border="0,14,0,14">views/ScrollBarV.png</texturesliderbackground>
        <texturesliderbar border="2,16,2,16">views/ScrollBarV_bar.png</texturesliderbar>
        <texturesliderbarfocus border="2,16,2,16">views/ScrollBarV_bar_focus.png</texturesliderbarfocus>
        <textureslidernib>-</textureslidernib>
        <textureslidernibfocus>-</textureslidernibfocus>
        <onleft>7000</onleft>
        <onright>511</onright>
        <showonepage>false</showonepage>
        <orientation>vertical</orientation>
        <animation effect="fade" start="0" end="70" time="400">Focus</animation>
        <enable>!Skin.HasSetting(highlist)</enable>
      </control>
      <control type="scrollbar" id="69">
        <posx>265</posx>
        <posy>504</posy>
        <width>27</width>
        <height>220</height>
        <visible allowhiddenfocus="true">Control.HasFocus(69)+Skin.HasSetting(highlist)</visible>
        <texturesliderbackground border="0,14,0,14">views/ScrollBarV.png</texturesliderbackground>
        <texturesliderbar border="2,16,2,16">views/ScrollBarV_bar.png</texturesliderbar>
        <texturesliderbarfocus border="2,16,2,16">views/ScrollBarV_bar_focus.png</texturesliderbarfocus>
        <textureslidernib>-</textureslidernib>
        <textureslidernibfocus>-</textureslidernibfocus>
        <onleft>7000</onleft>
        <onright>511</onright>
        <showonepage>false</showonepage>
        <orientation>vertical</orientation>
        <animation effect="fade" start="0" end="70" time="400">Focus</animation>
        <enable>Skin.HasSetting(highlist)</enable>
      </control>
    </control>
  </include>
</includes>
