<window id="115">
  <defaultcontrol>1</defaultcontrol>
  <visible>Window.IsActive(fullscreenvideo)+[Player.Seeking | Player.DisplayAfterSeek | Player.Paused | Player.Forwarding | Player.Rewinding]+ !Window.IsActive(videoosd)+ !Window.IsActive(fullscreeninfo)</visible>
  <coordinates>
    <system>1</system>
    <posx>0</posx>
    <posy>0</posy>
  </coordinates>
  <controls>
    <control type="group">
      <control type="image">
        <description>ClearART</description>
        <posx>950</posx>
        <posy>534</posy>
        <width>330</width>
        <height>185</height>
        <texture background="true">$INFO[Player.FolderPath]/clearart.png</texture>
        <aspectratio>keep</aspectratio>
        <visible>VideoPlayer.Content(episodes)</visible>
        <visible>Player.Paused</visible>
      </control>
      <control type="image">
        <description>ClearART</description>
        <posx>950</posx>
        <posy>534</posy>
        <width>330</width>
        <height>185</height>
        <texture background="true">$INFO[Player.FolderPath]../clearart.png</texture>
        <aspectratio>keep</aspectratio>
        <visible>VideoPlayer.Content(episodes)</visible>
        <visible>Player.Paused</visible>
      </control>
      <control type="image">
        <posx>500</posx>
        <posy>0</posy>
        <width>280</width>
        <height>28</height>
        <texture flipy="true">osd/osd_button_paused.png</texture>
        <include>Animation_CommonFade</include>
        <visible>true</visible>
        <animation effect="slide" start="0,-65" end="0,0" time="100">WindowOpen</animation>
        <animation effect="slide" start="0,0" end="0,-65" time="100">WindowClose</animation>
      </control>
    </control>
    <control type="group">
      <posx>380</posx>
      <posy>692</posy>
      <animation effect="slide" start="0,65" end="0,0" time="100">WindowOpen</animation>
      <animation effect="slide" start="0,0" end="0,65" time="100">WindowClose</animation>
      <control type="image">
        <posx>-10</posx>
        <width>540</width>
        <height>28</height>
        <texture>osd/osd_button_progress.png</texture>
      </control>
      <control type="progress" id="20">
        <description>Progressbar</description>
        <posx>80</posx>
        <posy>8</posy>
        <width>360</width>
        <height>13</height>
        <texturebg>osd/seek/progress_back.png</texturebg>
        <lefttexture>osd/seek/progress_left.png</lefttexture>
        <midtexture>osd/seek/progress_mid.png</midtexture>
        <righttexture>osd/seek/progress_right.png</righttexture>
        <overlaytexture>-</overlaytexture>
        <info>Player.Progress</info>
      </control>
      <control type="label">
        <description>Current time</description>
        <posx>5</posx>
        <posy>0</posy>
        <width>200</width>
        <height>28</height>
        <font>Font_Reg18</font>
        <label>$INFO[Player.Time]</label>
        <align>left</align>
        <aligny>center</aligny>
      </control>
      <control type="label">
        <description>Current time</description>
        <posx>515</posx>
        <posy>0</posy>
        <width>200</width>
        <height>28</height>
        <font>Font_Reg18</font>
        <label>$INFO[Player.Duration]</label>
        <align>right</align>
        <aligny>center</aligny>
      </control>
    </control>
    <control type="group">
      <animation effect="slide" start="-150,0" end="0,0" time="100">WindowOpen</animation>
      <animation effect="slide" start="0,0" end="-150,0" time="100">WindowClose</animation>
      <control type="image">
        <posx>-281</posx>
        <width>481</width>
        <height>28</height>
        <texture flipx="true" flipy="true">osd/osd_button_advance.png</texture>
      </control>
      <control type="label">
        <posx>10</posx>
        <posy>0</posy>
        <width>120</width>
        <height>28</height>
        <align>left</align>
        <aligny>center</aligny>
        <font>Font_Reg18</font>
        <textcolor>FFececec</textcolor>
        <scroll>true</scroll>
        <label>[UPPERCASE]time: $INFO[System.Time][/UPPERCASE]</label>
      </control>
    </control>
    <control type="group">
      <animation effect="slide" start="150,0" end="0,0" time="100">WindowOpen</animation>
      <animation effect="slide" start="0,0" end="150,0" time="100">WindowClose</animation>
      <control type="image">
        <posx>1080</posx>
        <width>481</width>
        <height>28</height>
        <texture flipy="true">osd/osd_button_advance.png</texture>
      </control>
      <control type="label">
        <posx>1270</posx>
        <posy>0</posy>
        <width>330</width>
        <height>28</height>
        <align>right</align>
        <aligny>center</aligny>
        <font>Font_Reg18</font>
        <textcolor>FFececec</textcolor>
        <scroll>true</scroll>
        <label>[UPPERCASE]$LOCALIZE[31049]: $INFO[Player.FinishTime][/UPPERCASE]</label>
      </control>
    </control>
    <control type="group">
      <posx>-500</posx>
      <posy>692</posy>
      <width>499</width>
      <height>28</height>
      <animation effect="slide" end="200,0" time="200" condition="Player.Forwarding2x">Conditional</animation>
      <animation effect="slide" end="238,0" time="200" condition="Player.Forwarding4x">Conditional</animation>
      <animation effect="slide" end="275,0" time="200" condition="Player.Forwarding8x">Conditional</animation>
      <animation effect="slide" end="312,0" time="200" condition="Player.Forwarding16x">Conditional</animation>
      <animation effect="slide" end="350,0" time="200" condition="Player.Forwarding32x">Conditional</animation>
      <control type="image">
        <posx>0</posx>
        <posy>0</posy>
        <width>499</width>
        <height>28</height>
        <texture>osd/osd_button_reverse.png</texture>
      </control>
      <control type="label">
        <include>Objects_OSDSeekForward</include>
        <label>[UPPERCASE]$LOCALIZE[31044] 2X[/UPPERCASE]</label>
        <visible>Player.Forwarding2x</visible>
      </control>
      <control type="label">
        <include>Objects_OSDSeekForward</include>
        <label>[UPPERCASE]$LOCALIZE[31044] 4X[/UPPERCASE]</label>
        <visible>Player.Forwarding4x</visible>
      </control>
      <control type="label">
        <include>Objects_OSDSeekForward</include>
        <label>[UPPERCASE]$LOCALIZE[31044] 8X[/UPPERCASE]</label>
        <visible>Player.Forwarding8x</visible>
      </control>
      <control type="label">
        <include>Objects_OSDSeekForward</include>
        <label>[UPPERCASE]$LOCALIZE[31044] 16X[/UPPERCASE]</label>
        <visible>Player.Forwarding16x</visible>
      </control>
      <control type="label">
        <include>Objects_OSDSeekForward</include>
        <label>[UPPERCASE]$LOCALIZE[31044] 32X[/UPPERCASE]</label>
        <visible>Player.Forwarding32x</visible>
      </control>
    </control>
    <control type="group">
      <posx>1280</posx>
      <posy>692</posy>
      <width>499</width>
      <height>28</height>
      <animation effect="slide" end="-200,0" time="200" condition="Player.Rewinding2x">Conditional</animation>
      <animation effect="slide" end="-238,0" time="200" condition="Player.Rewinding4x">Conditional</animation>
      <animation effect="slide" end="-275,0" time="200" condition="Player.Rewinding8x">Conditional</animation>
      <animation effect="slide" end="-312,0" time="200" condition="Player.Rewinding16x">Conditional</animation>
      <animation effect="slide" end="-350,0" time="200" condition="Player.Rewinding32x">Conditional</animation>
      <control type="image">
        <posx>0</posx>
        <posy>0</posy>
        <width>499</width>
        <height>28</height>
        <texture>osd/osd_button_advance.png</texture>
      </control>
      <control type="label">
        <include>Objects_OSDSeekReverse</include>
        <label>[UPPERCASE]$LOCALIZE[31045] 2X[/UPPERCASE]</label>
        <visible>Player.Rewinding2x</visible>
      </control>
      <control type="label">
        <include>Objects_OSDSeekReverse</include>
        <label>[UPPERCASE]$LOCALIZE[31045] 4X[/UPPERCASE]</label>
        <visible>Player.Rewinding4x</visible>
      </control>
      <control type="label">
        <include>Objects_OSDSeekReverse</include>
        <label>[UPPERCASE]$LOCALIZE[31045] 8X[/UPPERCASE]</label>
        <visible>Player.Rewinding8x</visible>
      </control>
      <control type="label">
        <include>Objects_OSDSeekReverse</include>
        <label>[UPPERCASE]$LOCALIZE[31045] 16X[/UPPERCASE]</label>
        <visible>Player.Rewinding16x</visible>
      </control>
      <control type="label">
        <include>Objects_OSDSeekReverse</include>
        <label>[UPPERCASE]$LOCALIZE[31045] 32X[/UPPERCASE]</label>
        <visible>Player.Rewinding32x</visible>
      </control>
    </control>
    <control type="group">
      <control type="label">
        <description>Playing Label</description>
        <posx>500</posx>
        <posy>0</posy>
        <width>280</width>
        <height>28</height>
        <aligny>center</aligny>
        <align>center</align>
        <font>Font_Reg18</font>
        <textcolor>FF363636</textcolor>
        <include>Animation_CommonFade</include>
        <label>[UPPERCASE]$LOCALIZE[31042][/UPPERCASE]</label>
        <visible>Player.Playing + !Player.Seeking + !Player.DisplayAfterSeek</visible>
      </control>
      <control type="label">
        <description>Paused Label</description>
        <posx>500</posx>
        <posy>0</posy>
        <width>280</width>
        <height>28</height>
        <aligny>center</aligny>
        <align>center</align>
        <font>Font_Reg18</font>
        <textcolor>FF363636</textcolor>
        <include>Animation_CommonFade</include>
        <label>[UPPERCASE]$LOCALIZE[31043][/UPPERCASE]</label>
        <visible>[Player.Paused + !Player.Caching] + !Player.Seeking + !Player.DisplayAfterSeek</visible>
      </control>
      <control type="label">
        <description>Cache Label</description>
        <posx>500</posx>
        <posy>0</posy>
        <width>280</width>
        <height>28</height>
        <aligny>center</aligny>
        <align>center</align>
        <font>Font_Reg18</font>
        <textcolor>FF363636</textcolor>
        <include>Animation_CommonFade</include>
        <label>[UPPERCASE]$LOCALIZE[15107] $INFO[Player.CacheLevel]%[/UPPERCASE]</label>
        <visible>[Player.Paused + Player.Caching] + !Player.Seeking</visible>
      </control>
      <control type="label">
        <description>Seeking Label</description>
        <posx>500</posx>
        <posy>0</posy>
        <width>280</width>
        <height>28</height>
        <aligny>center</aligny>
        <align>center</align>
        <font>Font_Reg18</font>
        <textcolor>FF363636</textcolor>
        <include>Animation_CommonFade</include>
        <label>[UPPERCASE]$LOCALIZE[773][/UPPERCASE]</label>
        <visible>Player.Seeking</visible>
      </control>
      <control type="label">
        <description>Final Seek amount Label</description>
        <posx>500</posx>
        <posy>0</posy>
        <width>280</width>
        <height>28</height>
        <aligny>center</aligny>
        <align>center</align>
        <font>Font_Reg18</font>
        <textcolor>FF363636</textcolor>
        <include>Animation_CommonFade</include>
        <label>[UPPERCASE]$LOCALIZE[773] $INFO[Player.SeekOffset][/UPPERCASE]</label>
        <visible>Player.DisplayAfterSeek + ![player.forwarding | player.rewinding]</visible>
      </control>

      <control type="label">
        <description>Seek Time Label</description>
        <posx>500</posx>
        <posy>0</posy>
        <width>280</width>
        <height>28</height>
        <aligny>center</aligny>
        <align>center</align>
        <font>Font_Reg18</font>
        <textcolor>FF363636</textcolor>
        <include>Animation_CommonFade</include>
        <label>[UPPERCASE]$INFO[Player.SeekTime][/UPPERCASE]</label>
        <visible>Player.Seeking</visible>
      </control>
    </control>
    <control type="group">
      <posx>-330</posx>
      <posy>692</posy>
      <width>499</width>
      <height>28</height>
      <animation effect="slide" start="-150,0" end="0,0" time="100">WindowOpen</animation>
      <animation effect="slide" start="0,0" end="-150,0" time="100">WindowClose</animation>
      <control type="image">
        <posx>0</posx>
        <posy>0</posy>
        <width>499</width>
        <height>28</height>
        <texture>osd/osd_button_reverse.png</texture>
        <visible>player.chaptercount+![Player.Forwarding | Player.Rewinding]</visible>
      </control>
      <control type="label" id="1">
        <description>Chapter Pos No</description>
        <posx>480</posx>
        <posy>0</posy>
        <width>499</width>
        <height>28</height>
        <aligny>center</aligny>
        <align>right</align>
        <font>Font_Reg18</font>
        <textcolor>FF363636</textcolor>
        <include>Animation_CommonFade</include>
        <label>[UPPERCASE]$LOCALIZE[21396]: $INFO[player.chapter]$INFO[player.chaptercount, / ][/UPPERCASE]</label>
        <visible>player.chaptercount+![Player.Forwarding | Player.Rewinding]</visible>
      </control>
    </control>
  </controls>
</window>