<includes>
  <include name="ShowcaseInfoPaneMusic">
  
    <control type="group">
      <visible>Control.IsVisible(199)+!Control.HasFocus(110)+Skin.HasSetting(infopanelmusic)</visible>
      <animation effect="slide" start="0,-630" end="0,0" time="550" easing="out" tween="cubic">VisibleChange</animation>
      <control type="image">
        <posy>-30</posy>
        <width>1280</width>
        <height>613</height>
        <texture>common/black.png</texture>
        <colordiffuse>aaffffff</colordiffuse>
        <animation effect="fade" start="0" end="100" time="550" delay="200">Visible</animation>
        <visible>Control.IsVisible(199)</visible>
        <visible>Skin.HasSetting(darkinfopane)</visible>
      </control>
      <control type="group">
        <!-- info pane -->
        <posx>0</posx>
        <posy>26</posy>
        <animation effect="fade" end="0" time="200">WindowClose</animation>
        <width>1280</width>
        <height>500</height>
        <control type="image">
          <posx>75</posx>
          <width>1130</width>
          <height>590</height>
          <texture background="true" border="0,0,0,204">views/multiplex_back.png</texture>
          <include>Animation_CommonFade</include>
          <visible>!Skin.HasSetting(lightinfopanel)</visible>
        </control>
        <control type="image">
          <posx>75</posx>
          <width>1130</width>
          <height>590</height>
          <texture border="0,0,0,204">views/multiplex_tablet_bigthumb.png</texture>
        </control>
        <include condition="Skin.HasSetting(effect_bg)">BG_Effect_Showcase_Panel</include>
        <control type="group">
          <!--fanart-->
          <posx>610</posx>
          <posy>50</posy>
          <control type="image">
            <posx>0</posx>
            <posy>0</posy>
            <width>524</width>
            <height>295</height>
            <texture>common/black.png</texture>
            <colordiffuse>94FFFFFF</colordiffuse>
          </control>
          <control type="largeimage">
            <posx>1</posx>
            <posy>1</posy>
            <width>522</width>
            <height>293</height>
            <aspectratio>scale</aspectratio>
            <fadetime>400</fadetime>
            <texture background="true" fallback="special://skin/backgrounds/music.jpg">$INFO[ListItem.property(fanart_image)]</texture>
          </control>
        </control>
        <control type="group">
          <visible>Container.Content(albums)</visible>
          <posx>105</posx>
          <posy>42</posy>
          <control type="label">
            <posx>0</posx>
            <posy>0</posy>
            <height>13</height>
            <width>280</width>
            <font>Font_Info</font>
            <textcolor>abFFFFFF</textcolor>
            <label>$LOCALIZE[175]:</label>
          </control>
          <control type="label">
            <posx>0</posx>
            <posy>17</posy>
            <height>13</height>
            <width>200</width>
            <font>Font_Info</font>
            <textcolor>white</textcolor>
            <label fallback="312577">$INFO[ListItem.Property(Album_Mood)]</label>
          </control>
          <control type="label">
            <posx>235</posx>
            <posy>0</posy>
            <height>13</height>
            <width>280</width>
            <font>Font_Info</font>
            <textcolor>abFFFFFF</textcolor>
            <label>$LOCALIZE[176]:</label>
          </control>
          <control type="label">
            <posx>235</posx>
            <posy>17</posy>
            <height>13</height>
            <width>200</width>
            <font>Font_Info</font>
            <textcolor>white</textcolor>
            <label fallback="312577">$INFO[ListItem.Property(Album_Style)]</label>
          </control>
          <control type="label">
            <posx>0</posx>
            <posy>47</posy>
            <height>13</height>
            <width>280</width>
            <font>Font_Info</font>
            <textcolor>abFFFFFF</textcolor>
            <label>$LOCALIZE[21895]:</label>
          </control>
          <control type="label">
            <posx>0</posx>
            <posy>64</posy>
            <height>13</height>
            <width>200</width>
            <font>Font_Info</font>
            <textcolor>white</textcolor>
            <label fallback="312577">$INFO[ListItem.Property(Album_Theme)]</label>
          </control>
          <control type="label">
            <posx>235</posx>
            <posy>47</posy>
            <height>13</height>
            <width>280</width>
            <font>Font_Info</font>
            <textcolor>abFFFFFF</textcolor>
            <label>$LOCALIZE[467]:</label>
          </control>
          <control type="label">
            <posx>235</posx>
            <posy>64</posy>
            <height>13</height>
            <width>200</width>
            <font>Font_Info</font>
            <textcolor>white</textcolor>
            <label fallback="312577">$INFO[ListItem.Property(Album_Type)]</label>
          </control>
          <control type="label">
            <posx>0</posx>
            <posy>97</posy>
            <height>13</height>
            <width>280</width>
            <font>Font_Info</font>
            <textcolor>abFFFFFF</textcolor>
            <label>$LOCALIZE[345]:</label>
          </control>
          <control type="label">
            <posx>0</posx>
            <posy>115</posy>
            <height>13</height>
            <width>200</width>
            <font>Font_Info</font>
            <textcolor>white</textcolor>
            <label>$INFO[ListItem.Year]</label>
          </control>
            <control type="label">
              <posx>235</posx>
              <posy>97</posy>
              <height>13</height>
              <width>280</width>
              <font>Font_Info</font>
              <textcolor>abFFFFFF</textcolor>
              <label>$LOCALIZE[21899]:</label>
            </control>
            <control type="label">
              <posx>235</posx>
              <posy>115</posy>
              <height>13</height>
              <width>200</width>
              <font>Font_Info</font>
              <textcolor>white</textcolor>
              <label fallback="312577">$INFO[ListItem.Property(Album_Label)]</label>
            </control>
            <control type="textbox">
            <posx>0</posx>
            <posy>148</posy>
            <width>435</width>
            <height>153</height>
            <font>Font_Info</font>
            <label fallback="312577">$INFO[ListItem.Property(Album_Description)]</label>
            <textcolor>d0FFFFFF</textcolor>
            <autoscroll delay="8000" time="2000" repeat="8000">Skin.HasSetting(AutoScroll)</autoscroll>
          </control>
        </control>
        <control type="group">
          <visible>Container.Content(artists)</visible>
          <posx>105</posx>
          <posy>42</posy>
          <control type="label">
            <posx>0</posx>
            <posy>0</posy>
            <height>13</height>
            <width>280</width>
            <font>Font_Info</font>
            <textcolor>abFFFFFF</textcolor>
            <label>$LOCALIZE[21893]:</label>
          </control>
          <control type="label">
            <posx>0</posx>
            <posy>17</posy>
            <height>13</height>
            <width>200</width>
            <font>Font_Info</font>
            <textcolor>white</textcolor>
            <label fallback="312577">$INFO[ListItem.Property(Artist_Born)]</label>
          </control>
          <control type="label">
            <posx>235</posx>
            <posy>0</posy>
            <height>13</height>
            <width>280</width>
            <font>Font_Info</font>
            <textcolor>abFFFFFF</textcolor>
            <label>$LOCALIZE[21897]:</label>
          </control>
          <control type="label">
            <posx>235</posx>
            <posy>17</posy>
            <height>13</height>
            <width>200</width>
            <font>Font_Info</font>
            <textcolor>white</textcolor>
            <label fallback="312577">$INFO[ListItem.Property(Artist_Died)]</label>
          </control>
          <control type="label">
            <posx>0</posx>
            <posy>47</posy>
            <height>13</height>
            <width>280</width>
            <font>Font_Info</font>
            <textcolor>abFFFFFF</textcolor>
            <label>$LOCALIZE[21894]:</label>
          </control>
          <control type="label">
            <posx>0</posx>
            <posy>64</posy>
            <height>13</height>
            <width>200</width>
            <font>Font_Info</font>
            <textcolor>white</textcolor>
            <label fallback="312577">$INFO[ListItem.Property(Artist_Formed)]</label>
          </control>
          <control type="label">
            <posx>235</posx>
            <posy>47</posy>
            <height>13</height>
            <width>280</width>
            <font>Font_Info</font>
            <textcolor>abFFFFFF</textcolor>
            <label>$LOCALIZE[21896]:</label>
          </control>
          <control type="label">
            <posx>235</posx>
            <posy>64</posy>
            <height>13</height>
            <width>200</width>
            <font>Font_Info</font>
            <textcolor>white</textcolor>
            <label fallback="312577">$INFO[ListItem.Property(Artist_Disbanded)]</label>
          </control>
          <control type="label">
            <posx>0</posx>
            <posy>97</posy>
            <height>13</height>
            <width>280</width>
            <font>Font_Info</font>
            <textcolor>abFFFFFF</textcolor>
            <label>$LOCALIZE[21898]:</label>
          </control>
          <control type="label">
            <posx>0</posx>
            <posy>114</posy>
            <height>13</height>
            <width>200</width>
            <font>Font_Info</font>
            <textcolor>white</textcolor>
            <label fallback="312577">$INFO[ListItem.Property(Artist_YearsActive)]</label>
          </control>
          <control type="label">
            <posx>235</posx>
            <posy>97</posy>
            <height>13</height>
            <width>280</width>
            <font>Font_Info</font>
            <textcolor>abFFFFFF</textcolor>
            <label>$LOCALIZE[135]:</label>
          </control>
          <control type="label">
            <posx>235</posx>
            <posy>114</posy>
            <height>13</height>
            <width>200</width>
            <font>Font_Info</font>
            <textcolor>white</textcolor>
            <label fallback="312577">$INFO[ListItem.Property(Artist_Genre)]</label>
          </control>
          <control type="textbox">
            <posx>0</posx>
            <posy>148</posy>
            <width>435</width>
            <height>153</height>
            <font>Font_Info</font>
            <label>$INFO[ListItem.Property(Artist_Description)]</label>
            <textcolor>d0FFFFFF</textcolor>
            <autoscroll delay="8000" time="2000" repeat="8000">Skin.HasSetting(AutoScroll)</autoscroll>
          </control>
        </control>
      </control>




    </control>
  </include>
</includes>
