<window id="6">
	<defaultcontrol always="true">50</defaultcontrol>
	<allowoverlay>no</allowoverlay>
	<views>50,500,501,504,511,509</views>
	<controls>
		<include>CommonVideoBackground</include>
		<control type="image">
			<posx>0</posx>
			<posy>0</posy>
			<width>1280</width>
			<height>720</height>
			<texture background="true">$INFO[ListItem.Property(Fanart_Image)]</texture>
			<include>backgroundfade</include>
			<fadetime>FanartCrossfadeTime</fadetime>
			<visible>!Skin.HasSetting(VideoFilesFanart)</visible>
      <include condition="Skin.HasSetting(animatedbg)">Animation_Background</include>
      <include>Animation_OpenCloseZoom</include>		
		</control>
    <control type="group">
      <include>Animation_OpenCloseZoom</include>
      <visible>Control.IsVisible(504)|Control.IsVisible(501)|Control.IsVisible(509)</visible>
      <include>Furniture_Showcase</include>
    </control>
    <control type="group">
			<include>Animation_OpenCloseZoom</include>		
			<include>CommonRootView</include> <!-- view id = 50 -->
			<!--<include>FullWidthList</include> --><!-- view id = 51 -->
			<include>Showcase</include> --><!-- view id = 501 Showcase -->
      <include>ShowcaseDVD</include><!-- view id = 504 Showcase DVD-->
      <include>LowList</include><!-- view id = 511 low List-->
      <include>Viewtype_Wall</include> --><!-- view id = 500 -->
      <include>ShowcaseQuadrate</include>

      <!--
			<include>Banners</include> --><!-- view id = 508 --><!--
			<include>InfoList</include> --><!-- view id = 505 --><!--
			<include>AddonInfoListView1</include> --><!-- view id = 550 --><!--
			<include>LiveTVView1</include> --><!-- view id = 560 -->
		</control>
    <control type="button" id="7000">
      <texturefocus>-</texturefocus>
      <texturenofocus>-</texturenofocus>
      <onfocus>SetFocus(9000)</onfocus>
    </control>
		<include>ScrollOffsetLabel</include>
    <control type="group">
      <include>Animation_OpenCloseZoom</include>
      <visible>Control.IsVisible(508)|Control.IsVisible(503)|Control.IsVisible(509)|Control.IsVisible(504)|Control.IsVisible(501)|Control.IsVisible(51)|Control.IsVisible(500)</visible>
      <include>FloorFlags</include>
    </control>
    <control type="group">
      <include>Animation_OpenCloseZoom</include>
      <visible>Control.IsVisible(508)|Control.IsVisible(503)|Control.IsVisible(509)|Control.IsVisible(504)|Control.IsVisible(501)</visible>
      <include>Furniture_DarkGradient</include>
    </control>
    <include>Media_Menu</include>
    <include condition="Skin.HasSetting(breadcrumb)">Breadcrumbs</include>
    <include>Furniture_NowPlayingWidget</include>
    <include condition="Skin.HasSetting(globaltime)">Furniture_Clock</include>
  </controls>
</window>