<includes>
  <include name="nativebanners">
    <itemlayout height="110" width="560">
      <control type="image">
        <posx>5</posx>
        <posy>5</posy>
        <width>550</width>
        <height>103</height>
        <aspectratio scalediffuse="false">stretch</aspectratio>
        <texture background="true" diffuse="thumbs/banner_wall_mask.png">DefaultBanner.png</texture>
        <info>ListItem.Icon</info>
      </control>
      <control type="image">
        <posx>5</posx>
        <posy>5</posy>
        <width>550</width>
        <height>103</height>
        <scalediffuse>true</scalediffuse>
        <colordiffuse>55FFFFFF</colordiffuse>
        <texture background="true" diffuse="thumbs/banner_wall_mask.png">common/black.png</texture>
        <visible>!IsEmpty(ListItem.Thumb)</visible>
      </control>
      <control type="image">
        <posx>495</posx>
        <posy>5</posy>
        <width>60</width>
        <height>60</height>
        <aspectratio>scale</aspectratio>
        <scalediffuse>false</scalediffuse>
        <texture>thumbs/OverlayWatched.png</texture>
        <visible>StringCompare(ListItem.Overlay,OverlayWatched.png)+!IsEmpty(ListItem.Overlay)+!Skin.HasSetting(newstatus)</visible>
      </control>
      <control type="image">
        <posx>497</posx>
        <posy>3</posy>
        <width>60</width>
        <height>60</height>
        <aspectratio>scale</aspectratio>
        <scalediffuse>false</scalediffuse>
        <texture>thumbs/UnWatched2.png</texture>
        <visible>!StringCompare(ListItem.Overlay,OverlayWatched.png)+!IsEmpty(ListItem.Overlay)+Skin.HasSetting(newstatus)</visible>
      </control>
    </itemlayout>
    <focusedlayout height="110" width="560">
      <control type="image">
        <posx>30</posx>
        <posy>7</posy>
        <width>500</width>
        <height>96</height>
        <aspectratio scalediffuse="false">stretch</aspectratio>
        <texture background="true" diffuse="thumbs/banner_wall_mask.png">DefaultBanner.png</texture>
        <info>ListItem.Icon</info>
        <visible>!IsEmpty(ListItem.Thumb)</visible>
        <animation effect="zoom" center="280,45" start="110" end="120" time="200" tween="cubic" easing="out" reversible="false">Focus</animation>
      </control>
      <control type="image">
        <posx>473</posx>
        <posy>8</posy>
        <width>55</width>
        <height>55</height>
        <aspectratio>scale</aspectratio>
        <scalediffuse>false</scalediffuse>
        <texture>thumbs/OverlayWatched.png</texture>
        <visible>StringCompare(ListItem.Overlay,OverlayWatched.png)+!IsEmpty(ListItem.Overlay)+!Skin.HasSetting(newstatus)</visible>
        <animation effect="zoom" center="280,45" start="110" end="120" time="200" tween="cubic" easing="out" reversible="false">Focus</animation>
      </control>
      <control type="image">
        <posx>475</posx>
        <posy>5</posy>
        <width>55</width>
        <height>55</height>
        <aspectratio>scale</aspectratio>
        <scalediffuse>false</scalediffuse>
        <texture>thumbs/UnWatched2.png</texture>
        <visible>!StringCompare(ListItem.Overlay,OverlayWatched.png)+!IsEmpty(ListItem.Overlay)+Skin.HasSetting(newstatus)</visible>
        <animation effect="zoom" center="280,45" start="110" end="120" time="200" tween="cubic" easing="out" reversible="false">Focus</animation>
      </control>
      <control type="image">
        <posx>20</posx>
        <posy>-3</posy>
        <width>519</width>
        <height>115</height>
        <aspectratio>keep</aspectratio>
        <texture background="true">thumbs/banner_shadow.png</texture>
        <animation effect="zoom" center="280,45" start="110" end="120" time="200" tween="cubic" easing="out" reversible="false">Focus</animation>
      </control>
    </focusedlayout>
  </include>
  <include name="nativeposters">
    <itemlayout height="110" width="560">
      <control type="image">
        <posx>5</posx>
        <posy>5</posy>
        <width>550</width>
        <height>103</height>
        <aspectratio scalediffuse="false">stretch</aspectratio>
        <texture background="true" diffuse="thumbs/banner_wall_mask.png">DefaultBanner.png</texture>
        <info>ListItem.Path,,banner.jpg</info>
      </control>
      <control type="image">
        <posx>5</posx>
        <posy>5</posy>
        <width>550</width>
        <height>103</height>
        <scalediffuse>true</scalediffuse>
        <colordiffuse>55FFFFFF</colordiffuse>
        <texture background="true" diffuse="thumbs/banner_wall_mask.png">common/black.png</texture>
        <visible>!IsEmpty(ListItem.Thumb)</visible>
      </control>
      <control type="image">
        <posx>495</posx>
        <posy>5</posy>
        <width>60</width>
        <height>60</height>
        <aspectratio>scale</aspectratio>
        <scalediffuse>false</scalediffuse>
        <texture>thumbs/OverlayWatched.png</texture>
        <visible>StringCompare(ListItem.Overlay,OverlayWatched.png)+!IsEmpty(ListItem.Overlay)+!Skin.HasSetting(newstatus)</visible>
      </control>
      <control type="image">
        <posx>497</posx>
        <posy>3</posy>
        <width>60</width>
        <height>60</height>
        <aspectratio>scale</aspectratio>
        <scalediffuse>false</scalediffuse>
        <texture>thumbs/UnWatched2.png</texture>
        <visible>!StringCompare(ListItem.Overlay,OverlayWatched.png)+!IsEmpty(ListItem.Overlay)+Skin.HasSetting(newstatus)</visible>
      </control>
    </itemlayout>
    <focusedlayout height="110" width="560">
      <control type="image">
        <posx>30</posx>
        <posy>7</posy>
        <width>500</width>
        <height>96</height>
        <aspectratio scalediffuse="false">stretch</aspectratio>
        <texture background="true" diffuse="thumbs/banner_wall_mask.png">DefaultBanner.png</texture>
        <info>ListItem.Path,,banner.jpg</info>
        <animation effect="zoom" center="280,45" start="110" end="120" time="200" tween="cubic" easing="out" reversible="false">Focus</animation>
      </control>
      <control type="image">
        <posx>473</posx>
        <posy>8</posy>
        <width>55</width>
        <height>55</height>
        <aspectratio>scale</aspectratio>
        <scalediffuse>false</scalediffuse>
        <texture>thumbs/OverlayWatched.png</texture>
        <visible>StringCompare(ListItem.Overlay,OverlayWatched.png)+!IsEmpty(ListItem.Overlay)+!Skin.HasSetting(newstatus)</visible>
        <animation effect="zoom" center="280,45" start="110" end="120" time="200" tween="cubic" easing="out" reversible="false">Focus</animation>
      </control>
      <control type="image">
        <posx>475</posx>
        <posy>5</posy>
        <width>55</width>
        <height>55</height>
        <aspectratio>keep</aspectratio>
        <scalediffuse>false</scalediffuse>
        <texture>thumbs/UnWatched2.png</texture>
        <visible>!StringCompare(ListItem.Overlay,OverlayWatched.png)+!IsEmpty(ListItem.Overlay)+Skin.HasSetting(newstatus)</visible>
        <animation effect="zoom" center="280,45" start="110" end="120" time="200" tween="cubic" easing="out" reversible="false">Focus</animation>
      </control>
      <control type="image">
        <posx>20</posx>
        <posy>-3</posy>
        <width>519</width>
        <height>115</height>
        <aspectratio>keep</aspectratio>
        <texture background="true">thumbs/banner_shadow.png</texture>
        <animation effect="zoom" center="280,45" start="110" end="120" time="200" tween="cubic" easing="out" reversible="false">Focus</animation>
      </control>
    </focusedlayout>
  </include>
  <include name="BannerWallHor">
    <control type="image">
      <posx>57</posx>
      <posy>98</posy>
      <width>20</width>
      <height>524</height>
      <texture>wall/wall_arrow.png</texture>
      <visible>Control.IsVisible(51)+!Control.HasFocus(109)</visible>
      <animation effect="slide" start="-100" end="0" delay="800" time="400" easing="out" tween="cubic">WindowOpen</animation>
    </control>
    <control type="image">
      <posx>1203</posx>
      <posy>98</posy>
      <width>20</width>
      <height>524</height>
      <texture flipx="true">wall/wall_arrow.png</texture>
      <visible>Control.IsVisible(51)+!Control.HasFocus(109)</visible>
      <animation effect="slide" start="100" end="0" delay="800" time="400" easing="out" tween="cubic">WindowOpen</animation>
    </control>
    <control type="panel" id="51">
      <posx>80</posx>
      <posy>90</posy>
      <width>1120</width>
      <height>555</height>
      <onleft>51</onleft>
      <onright>51</onright>
      <onup>SetFocus(9000)</onup>
      <ondown>60</ondown>
      <visible>Container.Content(tvshows)</visible>
      <animation effect="fade" start="100" end="0" time="400" condition="Control.HasFocus(109)">Conditional</animation>
      <viewtype label="$LOCALIZE[31231]">Wide Icon</viewtype>
      <pagecontrol>60</pagecontrol>
      <scrolltime>300</scrolltime>
      <preloaditems>2</preloaditems>
      <orientation>horizontal</orientation>
      <include condition="!Skin.HasSetting(TVShowsUsePosters)">nativebanners</include>
      <include condition="Skin.HasSetting(TVShowsUsePosters)">nativeposters</include>
    </control>
    <control type="scrollbar" id="60">
      <posx>305</posx>
      <posy>670</posy>
      <width>670</width>
      <height>41</height>
      <animation effect="fade" start="100" end="0" time="400" condition="Control.HasFocus(109)">Conditional</animation>
      <visible allowhiddenfocus="true">Control.HasFocus(60)</visible>
      <texturesliderbackground border="14,0,14,0">views/scrollBarH.png</texturesliderbackground>
      <texturesliderbar border="14,0,14,0">views/scrollBarH_bar.png</texturesliderbar>
      <texturesliderbarfocus border="14,0,14,0">views/scrollBarH_bar_focus.png</texturesliderbarfocus>
      <textureslidernib>views/scrollBarNib.png</textureslidernib>
      <textureslidernibfocus>views/scrollBarNib.png</textureslidernibfocus>
      <pulseonselect>yes</pulseonselect>
      <onup>51</onup>
      <ondown>SetFocus(109)</ondown>
      <showonepage>false</showonepage>
      <orientation>horizontal</orientation>
    </control>

  </include>
  <include name="BannerWallVert">
    <control type="panel" id="51">
      <posx>80</posx>
      <posy>90</posy>
      <width>1120</width>
      <height>555</height>
      <onleft>SetFocus(9000)</onleft>
      <onright>60</onright>
      <onup>51</onup>
      <ondown>51</ondown>
      <visible>Container.Content(tvshows)</visible>
      <animation effect="fade" start="100" end="0" time="400" condition="Control.HasFocus(109)">Conditional</animation>
      <viewtype label="$LOCALIZE[31231]">Wide Icon</viewtype>
      <pagecontrol>60</pagecontrol>
      <scrolltime>200</scrolltime>
      <preloaditems>2</preloaditems>
      <orientation>vertical</orientation>
      <include condition="!Skin.HasSetting(TVShowsUsePosters)">nativebanners</include>
      <include condition="Skin.HasSetting(TVShowsUsePosters)">nativeposters</include>
    </control>
    <control type="scrollbar" id="60">
      <posx>1227</posx>
      <posy>92</posy>
      <width>65</width>
      <height>548</height>
      <visible allowhiddenfocus="true">Control.HasFocus(60)</visible>
      <texturesliderbackground>views/scrollbarbacklist.png</texturesliderbackground>
      <texturesliderbar>-</texturesliderbar>
      <texturesliderbarfocus>-</texturesliderbarfocus>
      <textureslidernib>views/scrollbarnub-nofocus.png</textureslidernib>
      <textureslidernibfocus>views/scrollbarnub-focus.png</textureslidernibfocus>
      <orientation>vertical</orientation>
      <showonepage>false</showonepage>
      <pulseonselect>yes</pulseonselect>
      <onleft>51</onleft>
      <onright>SetFocus(109)</onright>
    </control>
  </include>
  <include name="BannerWall">
    <control type="group">
      <visible>Control.IsVisible(51)</visible>
      <include>VisibleFadeEffect</include>
      <control type="image">
        <width>1280</width>
        <height>720</height>
        <texture>common/black.png</texture>
        <colordiffuse>CCffffff</colordiffuse>
        <visible>!Control.HasFocus(109)</visible>
        <animation effect="fade" start="100" end="0" time="400">Hidden</animation>
      </control>
      <control type="image">
        <width>1280</width>
        <height>720</height>
        <texture>common/black.png</texture>
        <colordiffuse>FFffffff</colordiffuse>
        <visible>!Skin.HasSetting(bannerwalldark)+!Control.HasFocus(109)</visible>
        <include>Animation_WindowFade200</include>
        <animation effect="fade" start="0" end="100" time="400">VisibleChange</animation>
      </control>
      <include condition="!Skin.HasSetting(BannerwallVertical)">BannerWallHor</include>
      <include condition="Skin.HasSetting(BannerwallVertical)">BannerWallVert</include>
      <control type="group">
        <visible>!Control.HasFocus(109)+!Control.HasFocus(60)</visible>
        <include>Animation_HideMultiplex</include>
        <include>SecondLabelFloor</include>
        <include>FirstLabelFloor</include>
      </control>
    </control>
  </include>
</includes>