<includes>
  <include name="PosterSlide">
    <control type="group">
      <posx>5</posx>
      <posy>75</posy>
      <control type="group" id="5801">
        <visible>Container(510).OnPrevious</visible>
        <animation effect="slide" end="0,0" time="250" reversible="false">Hidden</animation>
        <!-- Hide Far Right Thumb On Move Previous -->
        <control type="group">
          <visible>Container(510).OnPrevious</visible>
          <animation type="Hidden" reversible="false">
            <effect type="fade" start="100" end="0" time="250"/>
            <effect type="slide" start="0,0" end="32,0" time="250"/>
          </animation>
          <posx>1154</posx>
          <posy>332</posy>
          <width>144</width>
          <height>337</height>
          <control type="largeimage">
            <posx>18</posx>
            <posy>16</posy>
            <width>107</width>
            <height>161</height>
            <aspectratio stretchdiffuse="false">stretch</aspectratio>
            <texture background="true" diffuse="thumbs/posterdiffuse.png">thumbs/posterback.png</texture>
            <info>Container(510).ListItem(9).Thumb</info>
          </control>
          <control type="largeimage">
            <posx>18</posx>
            <posy>176</posy>
            <width>107</width>
            <height>161</height>
            <aspectratio stretchdiffuse="false">stretch</aspectratio>
            <texture background="true" flipy="true" diffuse="thumbs/posterreflectiondiffuse2.png">thumbs/posterback.png</texture>
            <info>Container(510).ListItem(9).Thumb</info>
          </control>
          <control type="image">
            <posx>0</posx>
            <posy>0</posy>
            <width>144</width>
            <height>235</height>
            <aspectratio stretchdiffuse="false">stretch</aspectratio>
            <texture>thumbs/poster_overlay.png</texture>
          </control>
        </control>
        <!-- Move Panel 8 to 9-->
        <control type="group">
          <visible>Container(510).OnPrevious</visible>
          <animation effect="zoom" start="1078,312,173,405" end="1154,332,144,337" time="250" reversible="false">Hidden</animation>
          <posx>1078</posx>
          <posy>312</posy>
          <width>173</width>
          <height>405</height>
          <control type="largeimage">
            <posx>22</posx>
            <posy>19</posy>
            <width>129</width>
            <height>194</height>
            <aspectratio stretchdiffuse="false">stretch</aspectratio>
            <texture background="true" diffuse="thumbs/posterdiffuse.png">thumbs/posterback.png</texture>
            <info>Container(510).ListItem(8).Thumb</info>
          </control>
          <control type="largeimage">
            <posx>22</posx>
            <posy>212</posy>
            <width>129</width>
            <height>193</height>
            <aspectratio stretchdiffuse="false">stretch</aspectratio>
            <texture background="true" flipy="true" diffuse="thumbs/posterreflectiondiffuse2.png">thumbs/posterback.png</texture>
            <info>Container(510).ListItem(8).Thumb</info>
          </control>
          <control type="image">
            <posx>0</posx>
            <posy>0</posy>
            <width>173</width>
            <height>283</height>
            <aspectratio stretchdiffuse="false">stretch</aspectratio>
            <texture background="false">thumbs/poster_overlay.png</texture>
          </control>
        </control>
        <!-- Move Panel 7 to 8-->
        <control type="group">
          <visible>Container(510).OnPrevious</visible>
          <animation effect="zoom" start="992,291,203,474" end="1078,312,173,405" time="250" reversible="false">Hidden</animation>
          <posx>992</posx>
          <posy>291</posy>
          <width>203</width>
          <height>474</height>
          <control type="largeimage">
            <posx>26</posx>
            <posy>22</posy>
            <width>151</width>
            <height>227</height>
            <aspectratio stretchdiffuse="false">stretch</aspectratio>
            <texture background="true" diffuse="thumbs/posterdiffuse.png">thumbs/posterback.png</texture>
            <info>Container(510).ListItem(7).Thumb</info>
          </control>
          <control type="largeimage">
            <posx>26</posx>
            <posy>248</posy>
            <width>151</width>
            <height>226</height>
            <aspectratio stretchdiffuse="false">stretch</aspectratio>
            <texture background="true" flipy="true" diffuse="thumbs/posterreflectiondiffuse2.png">thumbs/posterback.png</texture>
            <info>Container(510).ListItem(7).Thumb</info>
          </control>
          <control type="image">
            <posx>0</posx>
            <posy>0</posy>
            <width>203</width>
            <height>331</height>
            <aspectratio stretchdiffuse="false">stretch</aspectratio>
            <texture background="false">thumbs/poster_overlay.png</texture>
          </control>
        </control>
        <!-- Move Panel 6 to 7-->
        <control type="group">
          <visible>Container(510).OnPrevious</visible>
          <animation effect="zoom" start="890,271,232,543" end="992,291,203,474" time="250" reversible="false">Hidden</animation>
          <posx>890</posx>
          <posy>271</posy>
          <width>232</width>
          <height>543</height>
          <control type="largeimage">
            <posx>30</posx>
            <posy>26</posy>
            <width>173</width>
            <height>258</height>
            <aspectratio stretchdiffuse="false">stretch</aspectratio>
            <texture background="true" diffuse="thumbs/posterdiffuse.png">thumbs/posterback.png</texture>
            <info>Container(510).ListItem(6).Thumb</info>
          </control>
          <control type="largeimage">
            <posx>30</posx>
            <posy>284</posy>
            <width>173</width>
            <height>258</height>
            <aspectratio stretchdiffuse="false">stretch</aspectratio>
            <texture background="true" flipy="true" diffuse="thumbs/posterreflectiondiffuse2.png">thumbs/posterback.png</texture>
            <info>Container(510).ListItem(6).Thumb</info>
          </control>
          <control type="image">
            <posx>0</posx>
            <posy>0</posy>
            <width>232</width>
            <height>379</height>
            <aspectratio stretchdiffuse="false">stretch</aspectratio>
            <texture background="false">thumbs/poster_overlay.png</texture>
          </control>
        </control>
        <!-- Move Panel 5 to 6-->
        <control type="group">
          <visible>Container(510).OnPrevious</visible>
          <animation effect="zoom" start="768,250,262,612" end="890,271,232,543" time="250" reversible="false">Hidden</animation>
          <posx>768</posx>
          <posy>250</posy>
          <width>262</width>
          <height>612</height>
          <control type="largeimage">
            <posx>33</posx>
            <posy>29</posy>
            <width>195</width>
            <height>292</height>
            <aspectratio stretchdiffuse="false">stretch</aspectratio>
            <texture background="true" diffuse="thumbs/posterdiffuse.png">thumbs/posterback.png</texture>
            <info>Container(510).ListItem(5).Thumb</info>
          </control>
          <control type="largeimage">
            <posx>33</posx>
            <posy>320</posy>
            <width>195</width>
            <height>292</height>
            <aspectratio stretchdiffuse="false">stretch</aspectratio>
            <texture background="true" flipy="true" diffuse="thumbs/posterreflectiondiffuse2.png">thumbs/posterback.png</texture>
            <info>Container(510).ListItem(5).Thumb</info>
          </control>
          <control type="image">
            <posx>0</posx>
            <posy>0</posy>
            <width>262</width>
            <height>427</height>
            <aspectratio stretchdiffuse="false">stretch</aspectratio>
            <texture background="false">thumbs/poster_overlay.png</texture>
          </control>
        </control>
        <!-- Move Panel 4 to 5-->
        <control type="group">
          <visible>Container(510).OnPrevious</visible>
          <animation effect="zoom" start="622,226,291,681" end="768,250,262,612" time="250" reversible="false">Hidden</animation>
          <posx>622</posx>
          <posy>226</posy>
          <width>291</width>
          <height>681</height>
          <control type="largeimage">
            <posx>37</posx>
            <posy>32</posy>
            <width>217</width>
            <height>325</height>
            <aspectratio stretchdiffuse="false">stretch</aspectratio>
            <texture background="true" diffuse="thumbs/posterdiffuse.png">thumbs/posterback.png</texture>
            <info>Container(510).ListItem(4).Thumb</info>
          </control>
          <control type="largeimage">
            <posx>37</posx>
            <posy>356</posy>
            <width>217</width>
            <height>325</height>
            <aspectratio stretchdiffuse="false">stretch</aspectratio>
            <texture background="true" flipy="true" diffuse="thumbs/posterreflectiondiffuse2.png">thumbs/posterback.png</texture>
            <info>Container(510).ListItem(4).Thumb</info>
          </control>
          <control type="image">
            <posx>0</posx>
            <posy>0</posy>
            <width>291</width>
            <height>475</height>
            <aspectratio stretchdiffuse="false">stretch</aspectratio>
            <texture background="false">thumbs/poster_overlay.png</texture>
          </control>
        </control>
        <!-- Move Panel 3 to 4-->
        <control type="group">
          <visible>Container(510).OnPrevious</visible>
          <animation effect="zoom" start="446,205,321,750" end="622,226,291,681" time="250" reversible="false">Hidden</animation>
          <posx>446</posx>
          <posy>205</posy>
          <width>321</width>
          <height>750</height>
          <control type="largeimage">
            <posx>41</posx>
            <posy>35</posy>
            <width>239</width>
            <height>358</height>
            <aspectratio stretchdiffuse="false">stretch</aspectratio>
            <texture background="true" diffuse="thumbs/posterdiffuse.png">thumbs/posterback.png</texture>
            <info>Container(510).ListItem(3).Thumb</info>
          </control>
          <control type="largeimage">
            <posx>41</posx>
            <posy>392</posy>
            <width>239</width>
            <height>358</height>
            <aspectratio stretchdiffuse="false">stretch</aspectratio>
            <texture background="true" flipy="true" diffuse="thumbs/posterreflectiondiffuse2.png">thumbs/posterback.png</texture>
            <info>Container(510).ListItem(3).Thumb</info>
          </control>
          <control type="image">
            <posx>0</posx>
            <posy>0</posy>
            <width>321</width>
            <height>523</height>
            <aspectratio stretchdiffuse="false">stretch</aspectratio>
            <texture background="false">thumbs/poster_overlay.png</texture>
          </control>
        </control>
        <!-- Move Panel 2 to 3-->
        <control type="group">
          <visible>Container(510).OnPrevious</visible>
          <animation effect="zoom" start="236,185,350,819" end="446,205,321,750" time="250" reversible="false">Hidden</animation>
          <posx>236</posx>
          <posy>185</posy>
          <width>350</width>
          <height>819</height>
          <control type="largeimage">
            <posx>45</posx>
            <posy>38</posy>
            <width>261</width>
            <height>391</height>
            <aspectratio stretchdiffuse="false">stretch</aspectratio>
            <texture background="true" diffuse="thumbs/posterdiffuse.png">thumbs/posterback.png</texture>
            <info>Container(510).ListItem(2).Thumb</info>
          </control>
          <control type="largeimage">
            <posx>45</posx>
            <posy>428</posy>
            <width>261</width>
            <height>391</height>
            <aspectratio stretchdiffuse="false">stretch</aspectratio>
            <texture background="true" flipy="true" diffuse="thumbs/posterreflectiondiffuse2.png">thumbs/posterback.png</texture>
            <info>Container(510).ListItem(2).Thumb</info>
          </control>
          <control type="image">
            <posx>0</posx>
            <posy>0</posy>
            <width>350</width>
            <height>571</height>
            <aspectratio stretchdiffuse="false">stretch</aspectratio>
            <texture background="false">thumbs/poster_overlay.png</texture>
          </control>
        </control>
        <!-- Move Panel 1 to 2-->
        <control type="group">
          <visible>Container(510).OnPrevious</visible>
          <animation effect="zoom" start="-17,164,380,889" end="236,185,350,819" time="250" reversible="false">Hidden</animation>
          <posx>-17</posx>
          <posy>164</posy>
          <width>380</width>
          <height>889</height>
          <control type="largeimage">
            <posx>49</posx>
            <posy>41</posy>
            <width>284</width>
            <height>424</height>
            <aspectratio stretchdiffuse="false">stretch</aspectratio>
            <texture background="true" diffuse="thumbs/posterdiffuse.png">thumbs/posterback.png</texture>
            <info>Container(510).ListItem(1).Thumb</info>
          </control>
          <control type="largeimage">
            <posx>49</posx>
            <posy>465</posy>
            <width>284</width>
            <height>424</height>
            <aspectratio stretchdiffuse="false">stretch</aspectratio>
            <texture background="true" flipy="true" diffuse="thumbs/posterreflectiondiffuse2.png">thumbs/posterback.png</texture>
            <info>Container(510).ListItem(1).Thumb</info>
          </control>
          <control type="image">
            <posx>0</posx>
            <posy>0</posy>
            <width>380</width>
            <height>620</height>
            <aspectratio stretchdiffuse="false">stretch</aspectratio>
            <texture background="false">thumbs/poster_overlay.png</texture>
          </control>
        </control>
        <!-- Move Panel 1 to 2 -->
        <control type="group">
          <visible>Container(510).OnPrevious</visible>
          <animation type="Hidden" reversible="false">
            <effect type="zoom" start="-17,164,380,889" end="236,185,350,819" time="250"/>
            <effect type="fade" start="100" end="0" time="250"/>
          </animation>
          <posx>-17</posx>
          <posy>164</posy>
          <width>380</width>
          <height>889</height>
          <control type="image">
            <posx>0</posx>
            <posy>0</posy>
            <width>380</width>
            <height>620</height>
            <aspectratio stretchdiffuse="false">stretch</aspectratio>
            <texture background="false">thumbs/poster_overlay-focus.png</texture>
          </control>
        </control>
        <!-- Move Panel 1 to 2 -->
        <control type="group">
          <visible>Container(510).OnPrevious</visible>
          <animation type="Hidden" reversible="false">
            <effect type="zoom" start="-17,164,380,889" end="236,185,350,819" time="250"/>
            <effect type="fade" start="0" end="100" time="250"/>
          </animation>
          <animation type="Visible" reversible="false">
            <effect type="fade" start="0" end="0" time="0"/>
          </animation>
          <posx>-17</posx>
          <posy>164</posy>
          <width>380</width>
          <height>889</height>
          <control type="image">
            <posx>0</posx>
            <posy>0</posy>
            <width>380</width>
            <height>620</height>
            <aspectratio stretchdiffuse="false">stretch</aspectratio>
            <texture background="false">thumbs/poster_overlay.png</texture>
          </control>
        </control>
        <!-- Show Far Left Thumb On Move Previous -->
        <control type="group">
          <visible>Container(510).OnPrevious</visible>
          <animation type="Hidden" reversible="false">
            <effect type="fade" start="0" end="100" time="250"/>
            <effect type="slide" start="0,0" end="128,0" time="250"/>
          </animation>
          <animation effect="fade" start="0" end="0" time="0" reversible="false">Visible</animation>
          <posx>-145</posx>
          <posy>164</posy>
          <width>380</width>
          <height>889</height>
          <control type="largeimage">
            <posx>49</posx>
            <posy>41</posy>
            <width>284</width>
            <height>424</height>
            <aspectratio stretchdiffuse="false">stretch</aspectratio>
            <texture background="true" diffuse="thumbs/posterdiffuse.png">thumbs/posterback.png</texture>
            <info>Container(510).ListItem(0).Thumb</info>
          </control>
          <control type="largeimage">
            <posx>49</posx>
            <posy>465</posy>
            <width>284</width>
            <height>424</height>
            <aspectratio stretchdiffuse="false">stretch</aspectratio>
            <texture background="true" flipy="true" diffuse="thumbs/posterreflectiondiffuse2.png">thumbs/posterback.png</texture>
            <info>Container(510).ListItem(0).Thumb</info>
          </control>
          <control type="image">
            <posx>0</posx>
            <posy>0</posy>
            <width>380</width>
            <height>620</height>
            <aspectratio stretchdiffuse="false">stretch</aspectratio>
            <texture background="false">thumbs/poster_overlay-focus.png</texture>
          </control>
        </control>
      </control>
      <control type="group" id="5802">
        <visible>Container(510).OnNext + Control.IsVisible(510)</visible>
        <animation effect="slide" end="0,0" time="250" reversible="false">Hidden</animation>
        <!-- Show Far Right Thumb On Move Next -->
        <control type="group">
          <visible>Container(510).OnNext</visible>
          <animation type="Hidden" reversible="false">
            <effect type="fade" start="0" end="100" time="250"/>
            <effect type="slide" start="32,0" end="0,0" time="250"/>
          </animation>
          <animation effect="fade" start="0" end="0" time="0" reversible="false">Visible</animation>
          <posx>1154</posx>
          <posy>332</posy>
          <width>144</width>
          <height>337</height>
          <control type="largeimage">
            <posx>18</posx>
            <posy>16</posy>
            <width>107</width>
            <height>161</height>
            <aspectratio stretchdiffuse="false">stretch</aspectratio>
            <texture background="true" diffuse="thumbs/posterdiffuse.png">thumbs/posterback.png</texture>
            <info>Container(510).ListItem(8).Thumb</info>
          </control>
          <control type="largeimage">
            <posx>18</posx>
            <posy>176</posy>
            <width>107</width>
            <height>161</height>
            <aspectratio stretchdiffuse="false">stretch</aspectratio>
            <texture background="true" flipy="true" diffuse="thumbs/posterreflectiondiffuse2.png">thumbs/posterback.png</texture>
            <info>Container(510).ListItem(8).Thumb</info>
          </control>
         <control type="image">
            <posx>0</posx>
            <posy>0</posy>
            <width>144</width>
            <height>235</height>
            <aspectratio stretchdiffuse="false">stretch</aspectratio>
            <texture background="false">thumbs/poster_overlay.png</texture>
          </control>
        </control>
        <!-- Move Panel 9 to 8-->
        <control type="group">
          <visible>Container(510).OnNext</visible>
          <animation effect="zoom" start="1154,332,144,337" end="1078,312,173,405" time="250" reversible="false">Hidden</animation>
          <posx>1154</posx>
          <posy>332</posy>
          <width>144</width>
          <height>337</height>
          <control type="largeimage">
            <posx>18</posx>
            <posy>16</posy>
            <width>107</width>
            <height>161</height>
            <aspectratio stretchdiffuse="false">stretch</aspectratio>
            <texture background="true" diffuse="thumbs/posterdiffuse.png">thumbs/posterback.png</texture>
            <info>Container(510).ListItem(7).Thumb</info>
          </control>
          <control type="largeimage">
            <posx>18</posx>
            <posy>176</posy>
            <width>107</width>
            <height>161</height>
            <aspectratio stretchdiffuse="false">stretch</aspectratio>
            <texture background="true" flipy="true" diffuse="thumbs/posterreflectiondiffuse2.png">thumbs/posterback.png</texture>
            <info>Container(510).ListItem(7).Thumb</info>
          </control>
          <control type="image">
            <posx>0</posx>
            <posy>0</posy>
            <width>144</width>
            <height>235</height>
            <aspectratio stretchdiffuse="false">stretch</aspectratio>
            <texture background="false">thumbs/poster_overlay.png</texture>
          </control>
        </control>
        <!-- Move Panel 8 to 7-->
        <control type="group">
          <visible>Container(510).OnNext</visible>
          <animation effect="zoom" start="1078,312,173,405" end="992,291,203,474" time="250" reversible="false">Hidden</animation>
          <posx>1078</posx>
          <posy>312</posy>
          <width>173</width>
          <height>405</height>
          <control type="largeimage">
            <posx>22</posx>
            <posy>19</posy>
            <width>129</width>
            <height>194</height>
            <aspectratio stretchdiffuse="false">stretch</aspectratio>
            <texture background="true" diffuse="thumbs/posterdiffuse.png">thumbs/posterback.png</texture>
            <info>Container(510).ListItem(6).Thumb</info>
          </control>
          <control type="largeimage">
            <posx>22</posx>
            <posy>212</posy>
            <width>129</width>
            <height>193</height>
            <aspectratio stretchdiffuse="false">stretch</aspectratio>
            <texture background="true" flipy="true" diffuse="thumbs/posterreflectiondiffuse2.png">thumbs/posterback.png</texture>
            <info>Container(510).ListItem(6).Thumb</info>
          </control>
          <control type="image">
            <posx>0</posx>
            <posy>0</posy>
            <width>173</width>
            <height>283</height>
            <aspectratio stretchdiffuse="false">stretch</aspectratio>
            <texture background="false">thumbs/poster_overlay.png</texture>
          </control>
        </control>
        <!-- Move Panel 7 to 6-->
        <control type="group">
          <visible>Container(510).OnNext</visible>
          <animation effect="zoom" start="992,291,203,474" end="890,271,232,543" time="250" reversible="false">Hidden</animation>
          <posx>992</posx>
          <posy>291</posy>
          <width>203</width>
          <height>474</height>
          <control type="largeimage">
            <posx>26</posx>
            <posy>22</posy>
            <width>151</width>
            <height>227</height>
            <aspectratio stretchdiffuse="false">stretch</aspectratio>
            <texture background="true" diffuse="thumbs/posterdiffuse.png">thumbs/posterback.png</texture>
            <info>Container(510).ListItem(5).Thumb</info>
          </control>
          <control type="largeimage">
            <posx>26</posx>
            <posy>248</posy>
            <width>151</width>
            <height>226</height>
            <aspectratio stretchdiffuse="false">stretch</aspectratio>
            <texture background="true" flipy="true" diffuse="thumbs/posterreflectiondiffuse2.png">thumbs/posterback.png</texture>
            <info>Container(510).ListItem(5).Thumb</info>
          </control>
          <control type="image">
            <posx>0</posx>
            <posy>0</posy>
            <width>203</width>
            <height>331</height>
            <aspectratio stretchdiffuse="false">stretch</aspectratio>
            <texture background="false">thumbs/poster_overlay.png</texture>
          </control>
        </control>
        <!-- Move Panel 6 to 5-->
        <control type="group">
          <visible>Container(510).OnNext</visible>
          <animation effect="zoom" start="890,271,232,543" end="768,250,262,612" time="250" reversible="false">Hidden</animation>
          <posx>890</posx>
          <posy>271</posy>
          <width>232</width>
          <height>543</height>
          <control type="largeimage">
            <posx>30</posx>
            <posy>26</posy>
            <width>173</width>
            <height>258</height>
            <aspectratio stretchdiffuse="false">stretch</aspectratio>
            <texture background="true" diffuse="thumbs/posterdiffuse.png">thumbs/posterback.png</texture>
            <info>Container(510).ListItem(4).Thumb</info>
          </control>
          <control type="largeimage">
            <posx>30</posx>
            <posy>284</posy>
            <width>173</width>
            <height>258</height>
            <aspectratio stretchdiffuse="false">stretch</aspectratio>
            <texture background="true" flipy="true" diffuse="thumbs/posterreflectiondiffuse2.png">thumbs/posterback.png</texture>
            <info>Container(510).ListItem(4).Thumb</info>
          </control>
          <control type="image">
            <posx>0</posx>
            <posy>0</posy>
            <width>232</width>
            <height>379</height>
            <aspectratio stretchdiffuse="false">stretch</aspectratio>
            <texture background="false">thumbs/poster_overlay.png</texture>
          </control>
        </control>
        <!-- Move Panel 5 to 4-->
        <control type="group">
          <visible>Container(510).OnNext</visible>
          <animation effect="zoom" start="768,250,262,612" end="622,226,291,681" time="250" reversible="false">Hidden</animation>
          <posx>768</posx>
          <posy>250</posy>
          <width>262</width>
          <height>612</height>
          <control type="largeimage">
            <posx>33</posx>
            <posy>29</posy>
            <width>195</width>
            <height>292</height>
            <aspectratio stretchdiffuse="false">stretch</aspectratio>
            <texture background="true" diffuse="thumbs/posterdiffuse.png">thumbs/posterback.png</texture>
            <info>Container(510).ListItem(3).Thumb</info>
          </control>
          <control type="largeimage">
            <posx>33</posx>
            <posy>320</posy>
            <width>195</width>
            <height>292</height>
            <aspectratio stretchdiffuse="false">stretch</aspectratio>
            <texture background="true" flipy="true" diffuse="thumbs/posterreflectiondiffuse2.png">thumbs/posterback.png</texture>
            <info>Container(510).ListItem(3).Thumb</info>
          </control>
          <control type="image">
            <posx>0</posx>
            <posy>0</posy>
            <width>262</width>
            <height>427</height>
            <aspectratio stretchdiffuse="false">stretch</aspectratio>
            <texture background="false">thumbs/poster_overlay.png</texture>
          </control>
        </control>
        <!-- Move Panel 4 to 3-->
        <control type="group">
          <visible>Container(510).OnNext</visible>
          <animation effect="zoom" start="622,226,291,681" end="446,205,321,750" time="250" reversible="false">Hidden</animation>
          <posx>622</posx>
          <posy>226</posy>
          <width>291</width>
          <height>681</height>
          <control type="largeimage">
            <posx>37</posx>
            <posy>32</posy>
            <width>217</width>
            <height>325</height>
            <aspectratio stretchdiffuse="false">stretch</aspectratio>
            <texture background="true" diffuse="thumbs/posterdiffuse.png">thumbs/posterback.png</texture>
            <info>Container(510).ListItem(2).Thumb</info>
          </control>
          <control type="largeimage">
            <posx>37</posx>
            <posy>356</posy>
            <width>217</width>
            <height>325</height>
            <aspectratio stretchdiffuse="false">stretch</aspectratio>
            <texture background="true" flipy="true" diffuse="thumbs/posterreflectiondiffuse2.png">thumbs/posterback.png</texture>
            <info>Container(510).ListItem(2).Thumb</info>
          </control>
          <control type="image">
            <posx>0</posx>
            <posy>0</posy>
            <width>291</width>
            <height>475</height>
            <aspectratio stretchdiffuse="false">stretch</aspectratio>
            <texture background="false">thumbs/poster_overlay.png</texture>
          </control>
        </control>
        <!-- Move Panel 3 to 2-->
        <control type="group">
          <visible>Container(510).OnNext</visible>
          <animation effect="zoom" start="446,205,321,750" end="236,185,350,819" time="250" reversible="false">Hidden</animation>
          <posx>446</posx>
          <posy>205</posy>
          <width>321</width>
          <height>750</height>
          <control type="largeimage">
            <posx>41</posx>
            <posy>35</posy>
            <width>239</width>
            <height>358</height>
            <aspectratio stretchdiffuse="false">stretch</aspectratio>
            <texture background="true" diffuse="thumbs/posterdiffuse.png">thumbs/posterback.png</texture>
            <info>Container(510).ListItem(1).Thumb</info>
          </control>
          <control type="largeimage">
            <posx>41</posx>
            <posy>392</posy>
            <width>239</width>
            <height>358</height>
            <aspectratio stretchdiffuse="false">stretch</aspectratio>
            <texture background="true" flipy="true" diffuse="thumbs/posterreflectiondiffuse2.png">thumbs/posterback.png</texture>
            <info>Container(510).ListItem(1).Thumb</info>
          </control>
          <control type="image">
            <posx>0</posx>
            <posy>0</posy>
            <width>321</width>
            <height>523</height>
            <aspectratio stretchdiffuse="false">stretch</aspectratio>
            <texture background="false">thumbs/poster_overlay.png</texture>
          </control>
        </control>
        <!-- Move Panel 2 to 1-->
        <control type="group">
          <visible>Container(510).OnNext</visible>
          <animation effect="zoom" start="236,185,350,819" end="-17,164,380,889" time="250" reversible="false">Hidden</animation>
          <posx>236</posx>
          <posy>185</posy>
          <width>350</width>
          <height>819</height>
          <control type="largeimage">
            <posx>45</posx>
            <posy>38</posy>
            <width>261</width>
            <height>391</height>
            <aspectratio stretchdiffuse="false">stretch</aspectratio>
            <texture background="true" diffuse="thumbs/posterdiffuse.png">thumbs/posterback.png</texture>
            <info>Container(510).ListItem(0).Thumb</info>
          </control>
          <control type="largeimage">
            <posx>45</posx>
            <posy>428</posy>
            <width>261</width>
            <height>391</height>
            <aspectratio stretchdiffuse="false">stretch</aspectratio>
            <texture background="true" flipy="true" diffuse="thumbs/posterreflectiondiffuse2.png">thumbs/posterback.png</texture>
            <info>Container(510).ListItem(0).Thumb</info>
          </control>
        </control>
        <!-- Move Panel 2 to 1-->
        <control type="group">
          <visible>Container(510).OnNext</visible>
          <animation type="Hidden" reversible="false">
            <effect type="zoom" start="236,185,350,819" end="-17,164,380,889" time="250"/>
            <effect type="fade" start="0" end="100" time="250"/>
          </animation>
          <animation type="Visible" reversible="false">
            <effect type="fade" start="0" end="0" time="0"/>
          </animation>
          <posx>236</posx>
          <posy>185</posy>
          <width>350</width>
          <height>819</height>
          <control type="image">
            <posx>0</posx>
            <posy>0</posy>
            <width>350</width>
            <height>571</height>
            <aspectratio stretchdiffuse="false">stretch</aspectratio>
            <texture background="false">thumbs/poster_overlay-focus.png</texture>
          </control>
        </control>
        <!-- Move Panel 2 to 1-->
        <control type="group">
          <visible>Container(510).OnNext</visible>
          <animation type="Hidden" reversible="false">
            <effect type="zoom" start="236,185,350,819" end="-17,164,380,889" time="250"/>
            <effect type="fade" start="100" end="0" time="250"/>
          </animation>
          <posx>236</posx>
          <posy>185</posy>
          <width>350</width>
          <height>819</height>
          <control type="image">
            <posx>0</posx>
            <posy>0</posy>
            <width>350</width>
            <height>571</height>
            <aspectratio stretchdiffuse="false">stretch</aspectratio>
            <texture background="false">thumbs/poster_overlay.png</texture>
          </control>
        </control>
        <!-- Hide Far Left Thumb On Move Next -->
        <control type="group">
          <visible>Container(510).OnNext</visible>
          <animation type="Hidden" reversible="false">
            <effect type="fade" start="100" end="0" time="250"/>
            <effect type="slide" start="0,0" end="-128,0" time="250"/>
          </animation>
          <posx>11</posx>
          <posy>205</posy>
          <width>323</width>
          <height>848</height>
          <control type="largeimage">
            <posx>20</posx>
            <posy>0</posy>
            <width>284</width>
            <height>424</height>
            <aspectratio stretchdiffuse="false">stretch</aspectratio>
            <texture background="true" diffuse="thumbs/posterdiffuse.png">thumbs/posterback.png</texture>
            <info>Container(510).ListItem(-1).Thumb</info>
          </control>
          <control type="largeimage">
            <posx>20</posx>
            <posy>424</posy>
            <width>284</width>
            <height>424</height>
            <aspectratio stretchdiffuse="false">stretch</aspectratio>
            <texture background="true" flipy="true" diffuse="thumbs/posterreflectiondiffuse2.png">thumbs/posterback.png</texture>
            <info>Container(510).ListItem(-1).Thumb</info>
          </control>
          <control type="image">
            <posx>0</posx>
            <posy>416</posy>
            <width>323</width>
            <height>40</height>
            <aspectratio stretchdiffuse="false">stretch</aspectratio>
            <texture background="false">thumbs/poster_overlay-focus.png</texture>
          </control>
        </control>
      </control>
      <!-- Static Panels -->
      <control type="group" id="5800">
        <visible>!Control.IsVisible(5801) + !Control.IsVisible(5802)</visible>
        <!-- Panel 9 -->
        <control type="group">
          <animation type="WindowOpen" reversible="false">
            <effect type="slide" start="-65,0" end="0,0" delay="1800" tween="sine" easing="out" time="200"/>
          </animation>
          <animation type="Visible" reversible="false">
            <effect type="slide" start="-65,0" end="0,0" delay="2000" tween="sine" easing="out" time="200"/>
          </animation>
          <animation type="Hidden" reversible="false">
            <effect type="slide" start="0,0" end="-65,0" delay="0" tween="sine" easing="out" time="100"/>
            <effect type="fade" start="100" end="0" delay="25" time="50"/>
          </animation>
          <animation type="WindowClose" reversible="false">
            <effect type="slide" start="0,0" end="-65,0" delay="0" tween="sine" easing="out" time="200"/>
            <effect type="fade" start="100" end="0" delay="100" time="50"/>
          </animation>
          <visible>!Control.HasFocus(109)</visible>
          <posx>1154</posx>
          <posy>332</posy>
          <width>144</width>
          <height>337</height>
          <control type="largeimage">
            <posx>18</posx>
            <posy>16</posy>
            <width>107</width>
            <height>161</height>
            <aspectratio stretchdiffuse="false">stretch</aspectratio>
            <texture background="true" diffuse="thumbs/posterdiffuse.png">thumbs/posterback.png</texture>
            <info>Container(510).ListItem(8).Thumb</info>
          </control>
          <control type="largeimage">
            <posx>18</posx>
            <posy>176</posy>
            <width>107</width>
            <height>161</height>
            <aspectratio stretchdiffuse="false">stretch</aspectratio>
            <texture background="true" flipy="true" diffuse="thumbs/posterreflectiondiffuse2.png">thumbs/posterback.png</texture>
            <info>Container(510).ListItem(8).Thumb</info>
          </control>
          <control type="image">
            <posx>0</posx>
            <posy>0</posy>
            <width>144</width>
            <height>235</height>
            <aspectratio stretchdiffuse="false">stretch</aspectratio>
            <texture background="false">thumbs/poster_overlay.png</texture>
          </control>
        </control>
        <!-- Panel 8 -->
        <control type="group">
          <animation type="WindowOpen" reversible="false">
            <effect type="slide" start="-75,0" end="0,0" delay="1600" tween="sine" easing="out" time="200"/>
          </animation>
          <animation type="Visible" reversible="false">
            <effect type="slide" start="-75,0" end="0,0" delay="1800" tween="sine" easing="out" time="200"/>
          </animation>
          <animation type="Hidden" reversible="false">
            <effect type="slide" start="0,0" end="-75,0" delay="50" tween="sine" easing="out" time="100"/>
            <effect type="fade" start="100" end="0" delay="50" time="50"/>
          </animation>
          <animation type="WindowClose" reversible="false">
            <effect type="slide" start="0,0" end="-75,0" delay="111" tween="sine" easing="out" time="200"/>
            <effect type="fade" start="100" end="0" delay="200" time="50"/>
          </animation>
          <visible>!Control.HasFocus(109)</visible>
          <posx>1078</posx>
          <posy>312</posy>
          <width>173</width>
          <height>405</height>
          <control type="largeimage">
            <posx>22</posx>
            <posy>19</posy>
            <width>129</width>
            <height>194</height>
            <aspectratio stretchdiffuse="false">stretch</aspectratio>
            <texture background="true" diffuse="thumbs/posterdiffuse.png">thumbs/posterback.png</texture>
            <info>Container(510).ListItem(7).Thumb</info>
          </control>
          <control type="largeimage">
            <posx>22</posx>
            <posy>212</posy>
            <width>129</width>
            <height>193</height>
            <aspectratio stretchdiffuse="false">stretch</aspectratio>
            <texture background="true" flipy="true" diffuse="thumbs/posterreflectiondiffuse2.png">thumbs/posterback.png</texture>
            <info>Container(510).ListItem(7).Thumb</info>
          </control>
          <control type="image">
            <posx>0</posx>
            <posy>0</posy>
            <width>173</width>
            <height>283</height>
            <aspectratio stretchdiffuse="false">stretch</aspectratio>
            <texture background="false">thumbs/poster_overlay.png</texture>
          </control>
        </control>
        <!-- Panel 7 -->
        <control type="group">
          <animation type="WindowOpen" reversible="false">
            <effect type="slide" start="-95,0" end="0,0" delay="1400" tween="sine" easing="out" time="200"/>
          </animation>
          <animation type="Visible" reversible="false">
            <effect type="slide" start="-95,0" end="0,0" delay="1600" tween="sine" easing="out" time="200"/>
          </animation>
          <animation type="Hidden" reversible="false">
            <effect type="slide" start="0,0" end="-95,0" delay="100" tween="sine" easing="out" time="100"/>
            <effect type="fade" start="100" end="0" delay="100" time="50"/>
          </animation>
          <animation type="WindowClose" reversible="false">
            <effect type="slide" start="0,0" end="-95,0" delay="222" tween="sine" easing="out" time="200"/>
            <effect type="fade" start="100" end="0" delay="300" time="50"/>
          </animation>
          <visible>!Control.HasFocus(109)</visible>
          <posx>992</posx>
          <posy>291</posy>
          <width>203</width>
          <height>474</height>
          <control type="largeimage">
            <posx>26</posx>
            <posy>22</posy>
            <width>151</width>
            <height>227</height>
            <aspectratio stretchdiffuse="false">stretch</aspectratio>
            <texture background="true" diffuse="thumbs/posterdiffuse.png">thumbs/posterback.png</texture>
            <info>Container(510).ListItem(6).Thumb</info>
          </control>
          <control type="largeimage">
            <posx>26</posx>
            <posy>248</posy>
            <width>151</width>
            <height>226</height>
            <aspectratio stretchdiffuse="false">stretch</aspectratio>
            <texture background="true" flipy="true" diffuse="thumbs/posterreflectiondiffuse2.png">thumbs/posterback.png</texture>
            <info>Container(510).ListItem(6).Thumb</info>
          </control>
          <control type="image">
            <posx>0</posx>
            <posy>0</posy>
            <width>203</width>
            <height>331</height>
            <aspectratio stretchdiffuse="false">stretch</aspectratio>
            <texture background="false">thumbs/poster_overlay.png</texture>
          </control>
        </control>
        <!-- Panel 6 -->
        <control type="group">
          <animation type="WindowOpen" reversible="false">
            <effect type="slide" start="-120,0" end="0,0" delay="1200" tween="sine" easing="out" time="200"/>
          </animation>
          <animation type="Visible" reversible="false">
            <effect type="slide" start="-120,0" end="0,0" delay="1400" tween="sine" easing="out" time="200"/>
          </animation>
          <animation type="Hidden" reversible="false">
            <effect type="slide" start="0,0" end="-120,0" delay="300" tween="sine" easing="out" time="100"/>
            <effect type="fade" start="100" end="0" delay="150" time="50"/>
          </animation>
          <animation type="WindowClose" reversible="false">
            <effect type="slide" start="0,0" end="-120,0" delay="333" tween="sine" easing="out" time="200"/>
            <effect type="fade" start="100" end="0" delay="300" time="50"/>
          </animation>
          <visible>!Control.HasFocus(109)</visible>
          <posx>890</posx>
          <posy>271</posy>
          <width>232</width>
          <height>543</height>
          <control type="largeimage">
            <posx>30</posx>
            <posy>26</posy>
            <width>173</width>
            <height>258</height>
            <aspectratio stretchdiffuse="false">stretch</aspectratio>
            <texture background="true" diffuse="thumbs/posterdiffuse.png">thumbs/posterback.png</texture>
            <info>Container(510).ListItem(5).Thumb</info>
          </control>
          <control type="largeimage">
            <posx>30</posx>
            <posy>284</posy>
            <width>173</width>
            <height>258</height>
            <aspectratio stretchdiffuse="false">stretch</aspectratio>
            <texture background="true" flipy="true" diffuse="thumbs/posterreflectiondiffuse2.png">thumbs/posterback.png</texture>
            <info>Container(510).ListItem(5).Thumb</info>
          </control>
          <control type="image">
            <posx>0</posx>
            <posy>0</posy>
            <width>232</width>
            <height>379</height>
            <aspectratio stretchdiffuse="false">stretch</aspectratio>
            <texture background="false">thumbs/poster_overlay.png</texture>
          </control>
        </control>
        <!-- Panel 5 -->
        <control type="group">
          <animation type="WindowOpen" reversible="false">
            <effect type="slide" start="-150,0" end="0,0" delay="1000" tween="sine" easing="out" time="200"/>
          </animation>
          <animation type="Visible" reversible="false">
            <effect type="slide" start="-150,0" end="0,0" delay="1200" tween="sine" easing="out" time="200"/>
          </animation>
          <animation type="Hidden" reversible="false">
            <effect type="slide" start="0,0" end="-150,0" delay="350" tween="sine" easing="out" time="100"/>
            <effect type="fade" start="100" end="0" delay="200" time="50"/>
          </animation>
          <animation type="WindowClose" reversible="false">
            <effect type="slide" start="0,0" end="-150,0" delay="444" tween="sine" easing="out" time="200"/>
            <effect type="fade" start="100" end="0" delay="550" time="50"/>
          </animation>
          <visible>!Control.HasFocus(109)</visible>
          <posx>768</posx>
          <posy>250</posy>
          <width>262</width>
          <height>612</height>
          <control type="largeimage">
            <posx>33</posx>
            <posy>29</posy>
            <width>195</width>
            <height>292</height>
            <aspectratio stretchdiffuse="false">stretch</aspectratio>
            <texture background="true" diffuse="thumbs/posterdiffuse.png">thumbs/posterback.png</texture>
            <info>Container(510).ListItem(4).Thumb</info>
          </control>
          <control type="largeimage">
            <posx>33</posx>
            <posy>320</posy>
            <width>195</width>
            <height>292</height>
            <aspectratio stretchdiffuse="false">stretch</aspectratio>
            <texture background="true" flipy="true" diffuse="thumbs/posterreflectiondiffuse2.png">thumbs/posterback.png</texture>
            <info>Container(510).ListItem(4).Thumb</info>
          </control>
          <control type="image">
            <posx>0</posx>
            <posy>0</posy>
            <width>262</width>
            <height>427</height>
            <aspectratio stretchdiffuse="false">stretch</aspectratio>
            <texture background="false">thumbs/poster_overlay.png</texture>
          </control>
        </control>
        <!-- Panel 4 -->
        <control type="group">
          <animation type="WindowOpen" reversible="false">
            <effect type="slide" start="-185,0" end="0,0" delay="800" tween="sine" easing="out" time="200"/>
          </animation>
          <animation type="Visible" reversible="false">
            <effect type="slide" start="-185,0" end="0,0" delay="1000" tween="sine" easing="out" time="200"/>
          </animation>
          <animation type="Hidden" reversible="false">
            <effect type="slide" start="0,0" end="-185,0" delay="400" tween="sine" easing="out" time="100"/>
            <effect type="fade" start="100" end="0" delay="250" time="50"/>
          </animation>
          <animation type="WindowClose" reversible="false">
            <effect type="slide" start="0,0" end="-185,0" delay="555" tween="sine" easing="out" time="200"/>
            <effect type="fade" start="100" end="0" delay="670" time="50"/>
          </animation>
          <visible>!Control.HasFocus(109)</visible>
          <posx>622</posx>
          <posy>226</posy>
          <width>291</width>
          <height>681</height>
          <control type="largeimage">
            <posx>37</posx>
            <posy>32</posy>
            <width>217</width>
            <height>325</height>
            <aspectratio stretchdiffuse="false">stretch</aspectratio>
            <texture background="true" diffuse="thumbs/posterdiffuse.png">thumbs/posterback.png</texture>
            <info>Container(510).ListItem(3).Thumb</info>
          </control>
          <control type="largeimage">
            <posx>37</posx>
            <posy>356</posy>
            <width>217</width>
            <height>325</height>
            <aspectratio stretchdiffuse="false">stretch</aspectratio>
            <texture background="true" flipy="true" diffuse="thumbs/posterreflectiondiffuse2.png">thumbs/posterback.png</texture>
            <info>Container(510).ListItem(3).Thumb</info>
          </control>
          <control type="image">
            <posx>0</posx>
            <posy>0</posy>
            <width>291</width>
            <height>475</height>
            <aspectratio stretchdiffuse="false">stretch</aspectratio>
            <texture background="false">thumbs/poster_overlay.png</texture>
          </control>
        </control>
        <!-- Panel 3 -->
        <control type="group">
          <animation type="WindowOpen" reversible="false">
            <effect type="slide" start="-225,0" end="0,0" delay="600" tween="sine" easing="out" time="200"/>
          </animation>
          <animation type="Visible" reversible="false">
            <effect type="slide" start="-225,0" end="0,0" delay="800" tween="sine" easing="out" time="200"/>
          </animation>
          <animation type="Hidden" reversible="false">
            <effect type="slide" start="0,0" end="-225,0" delay="500" tween="sine" easing="out" time="100"/>
            <effect type="fade" start="100" end="0" delay="300" time="50"/>
          </animation>
          <animation type="WindowClose" reversible="false">
            <effect type="slide" start="0,0" end="-225,0" delay="666" tween="sine" easing="out" time="200"/>
            <effect type="fade" start="100" end="0" delay="780" time="50"/>
          </animation>
          <visible>!Control.HasFocus(109)</visible>
          <posx>446</posx>
          <posy>205</posy>
          <width>321</width>
          <height>750</height>
          <control type="largeimage">
            <posx>41</posx>
            <posy>35</posy>
            <width>239</width>
            <height>358</height>
            <aspectratio stretchdiffuse="false">stretch</aspectratio>
            <texture background="true" diffuse="thumbs/posterdiffuse.png">thumbs/posterback.png</texture>
            <info>Container(510).ListItem(2).Thumb</info>
          </control>
          <control type="largeimage">
            <posx>41</posx>
            <posy>392</posy>
            <width>239</width>
            <height>358</height>
            <aspectratio stretchdiffuse="false">stretch</aspectratio>
            <texture background="true" flipy="true" diffuse="thumbs/posterreflectiondiffuse2.png">thumbs/posterback.png</texture>
            <info>Container(510).ListItem(2).Thumb</info>
          </control>
          <control type="image">
            <posx>0</posx>
            <posy>0</posy>
            <width>321</width>
            <height>523</height>
            <aspectratio stretchdiffuse="false">stretch</aspectratio>
            <texture background="false">thumbs/poster_overlay.png</texture>
          </control>
        </control>
        <!-- Panel 2 -->
        <control type="group">
          <animation type="WindowOpen" reversible="false">
            <effect type="slide" start="-230,0" end="0,0" delay="400" tween="sine" easing="out" time="200"/>
          </animation>
          <animation type="Visible" reversible="false">
            <effect type="slide" start="-230,0" end="0,0" delay="600" tween="sine" easing="out" time="200"/>
          </animation>
          <animation type="Hidden" reversible="false">
            <effect type="slide" start="0,0" end="-230,0" delay="550" tween="sine" easing="out" time="100"/>
            <effect type="fade" start="100" end="0" delay="350" time="50"/>
          </animation>
          <animation type="WindowClose" reversible="false">
            <effect type="slide" start="0,0" end="-230,0" delay="777" tween="sine" easing="out" time="200"/>
            <effect type="fade" start="100" end="0" delay="900" time="50"/>
          </animation>
          <visible>!Control.HasFocus(109)</visible>
          <posx>236</posx>
          <posy>185</posy>
          <width>350</width>
          <height>819</height>
          <control type="largeimage">
            <posx>45</posx>
            <posy>38</posy>
            <width>261</width>
            <height>391</height>
            <aspectratio stretchdiffuse="false">stretch</aspectratio>
            <texture background="true" diffuse="thumbs/posterdiffuse.png">thumbs/posterback.png</texture>
            <info>Container(510).ListItem(1).Thumb</info>
          </control>
          <control type="largeimage">
            <posx>45</posx>
            <posy>428</posy>
            <width>261</width>
            <height>391</height>
            <aspectratio stretchdiffuse="false">stretch</aspectratio>
            <texture background="true" flipy="true" diffuse="thumbs/posterreflectiondiffuse2.png">thumbs/posterback.png</texture>
            <info>Container(510).ListItem(1).Thumb</info>
          </control>
          <control type="image">
            <posx>0</posx>
            <posy>0</posy>
            <width>350</width>
            <height>571</height>
            <aspectratio stretchdiffuse="false">stretch</aspectratio>
            <texture background="false">thumbs/poster_overlay.png</texture>
          </control>
        </control>
        <!-- Panel 1 -->
        <control type="group">
          <animation type="WindowOpen" reversible="false">
            <effect type="rotatey" start="90" end="0" delay="0" time="300"/>
            <effect type="fade" delay="0" time="300"/>
          </animation>
          <animation type="Visible" reversible="false">
            <effect type="fade" delay="300" time="300"/>
          </animation>
          <animation type="Hidden" reversible="false">
            <effect type="fade" delay="100" time="100"/>
          </animation>
          <animation type="WindowClose" reversible="false">
            <effect type="rotatey" start="0" end="90" delay="1000" time="400"/>
            <effect type="fade" delay="1000" time="200"/>
          </animation>
          <visible>!Control.HasFocus(109)</visible>
          <posx>-17</posx>
          <posy>164</posy>
          <width>380</width>
          <height>889</height>
          <control type="largeimage">
            <posx>49</posx>
            <posy>41</posy>
            <width>284</width>
            <height>424</height>
            <aspectratio stretchdiffuse="false">stretch</aspectratio>
            <texture background="true" diffuse="thumbs/posterdiffuse.png">thumbs/posterback.png</texture>
            <info>Container(510).ListItem(0).Thumb</info>
          </control>
          <control type="largeimage">
            <posx>49</posx>
            <posy>465</posy>
            <width>284</width>
            <height>424</height>
            <aspectratio stretchdiffuse="false">stretch</aspectratio>
            <texture background="true" flipy="true" diffuse="thumbs/posterreflectiondiffuse2.png">thumbs/posterback.png</texture>
            <info>Container(510).ListItem(0).Thumb</info>
          </control>
          <control type="image">
            <posx>0</posx>
            <posy>0</posy>
            <width>380</width>
            <height>620</height>
            <aspectratio stretchdiffuse="false">stretch</aspectratio>
            <texture background="false">thumbs/poster_overlay-focus.png</texture>
          </control>
        </control>
      </control>
    </control>
  </include>
  <include name="Posters_Furniture">
    <control type="group">
      <posy>658</posy>
      <visible>!Control.HasFocus(70)</visible>
      <include>Animation_HideMultiplex</include>
      <control type="image">
        <posy>1</posy>
        <width>75</width>
        <posx>1190</posx>
        <include>AudioFlagsVars</include>
        <texture>flags/posters/imdb.png</texture>
      </control>
      <control type="label">
        <posx>1194</posx>
        <posy>18</posy>
        <width>90</width>
        <height>25</height>
        <align>center</align>
        <aligny>center</aligny>
        <font>Font_Bold24</font>
        <textcolor>floor</textcolor>
        <label fallback="?">$INFO[ListItem.Rating]</label>
      </control>
      <control type="group">
        <posx>980</posx>
        <control type="image">
          <include>AudioFlagsVars</include>
          <texture>flags/audio/$INFO[ListItem.AudioCodec,,.png]</texture>
          <visible>!substring(ListItem.AudioCodec,ac3)</visible>
        </control>
        <control type="image">
          <include>AudioFlagsVars</include>
          <texture>flags/audio/dolbydigital.png</texture>
          <visible>substring(ListItem.AudioCodec,ac3)+!substring(ListItem.AudioChannels,2)</visible>
        </control>
        <control type="image">
          <include>AudioFlagsVars</include>
          <texture>flags/audio/dolbypro.png</texture>
          <visible>substring(ListItem.AudioCodec,ac3)+substring(ListItem.AudioChannels,2)</visible>
        </control>  
      </control>
      <control type="group">
        <posx>1080</posx>
        <visible>Skin.HasSetting(sourceflags)</visible>
        <control type="image">
          <include>AudioFlagsVars</include>
          <texture>flags/source/sdtv.png</texture>
          <visible>SubString(ListItem.filename,PDTV) | SubString(ListItem.filename,sdtv)</visible>
        </control>
        <control type="image">
          <include>AudioFlagsVars</include>
          <texture>flags/source/hdtv.png</texture>
          <visible>SubString(ListItem.Filename,hdtv)</visible>
        </control>
        <control type="image">
          <include>AudioFlagsVars</include>
          <texture>flags/source/hddvd.png</texture>
          <visible>SubString(ListItem.Filename,hddvd) | SubString(ListItem.Filename,hd-dvd)</visible>
        </control>
        <control type="image">
          <include>AudioFlagsVars</include>
          <texture>flags/source/bluray.png</texture>
          <visible>SubString(ListItem.Filename,bluray) | SubString(ListItem.Filename,blu-ray) | SubString(ListItem.Filename,bdrip) | SubString(ListItem.Filename,brrip)</visible>
        </control>
        <control type="image">
          <include>AudioFlagsVars</include>
          <texture>flags/source/dvd.png</texture>
          <visible>[SubString(ListItem.Filename,dvd) + !SubString(ListItem.Filename,hddvd) + !SubString(ListItem.Filename,hd-dvd) + !SubString(ListItem.Filename,bluray)] | [SubString(ListItem.Filename,.iso,Right) + !SubString(ListItem.Filename,bluray)] | SubString(ListItem.Filename,.ifo,Right)</visible>
        </control>
        <control type="image">
          <include>AudioFlagsVars</include>
          <texture>flags/source/dvb.png</texture>
          <visible>SubString(ListItem.Filename,dvb)</visible>
        </control>
        <control type="image">
          <include>AudioFlagsVars</include>
          <texture>flags/source/web-dl.png</texture>
          <visible>SubString(ListItem.Filename,web-dl)</visible>
        </control>
      </control>
      <control type="image">
        <posx>1080</posx>
        <include>AudioFlagsVars</include>
        <texture>$INFO[ListItem.VideoCodec,flags/videocodec/,.png]</texture>
        <visible>!Skin.HasSetting(sourceflags)|[!SubString(ListItem.filename,PDTV)+!SubString(ListItem.filename,sdtv)+!SubString(ListItem.Filename,hdtv)+!SubString(ListItem.Filename,hddvd)+!SubString(ListItem.Filename,hd-dvd)+!SubString(ListItem.Filename,bluray)+!SubString(ListItem.Filename,blu-ray)+!SubString(ListItem.Filename,bdrip)+!SubString(ListItem.Filename,brrip)+!SubString(ListItem.Filename,dvd)+!SubString(ListItem.Filename,dvb)+!SubString(ListItem.Filename,.iso,Right)+!SubString(ListItem.Filename,.ifo+!SubString(ListItem.Filename,web-dl)]</visible>
      </control>
    </control>
  </include>
  <include name="PostersView">
    <control type="group">
      <visible>Control.IsVisible(510)</visible>
      <include condition="!Skin.HasSetting(posterslide)">PosterSlide</include>
      <control type="wraplist" id="510">
        <posx>20</posx>
        <posy>320</posy>
        <width>1240</width>
        <height>500</height>
        <onleft>503</onleft>
        <onright>503</onright>
        <onup>SetFocus(7000)</onup>
        <ondown>70</ondown>
        <orientation>horizontal</orientation>
        <viewtype label="Posters">BigWrap</viewtype>
        <pagecontrol>70</pagecontrol>
        <scrolltime>200</scrolltime>
        <focusposition>4</focusposition>
        <preloaditems>2</preloaditems>
        <animation effect="fade" start="100" end="0" time="400" condition="Control.HasFocus(109)">Conditional</animation>
        <itemlayout height="500" width="128">
          <control type="group">
            <visible>Skin.HasSetting(posterslide)</visible>
            <control type="largeimage">
              <posx>9</posx>
              <posy>110</posy>
              <width>110</width>
              <height>165</height>
              <aspectratio stretchdiffuse="false">stretch</aspectratio>
              <texture background="true" diffuse="thumbs/posterdiffuse.png">thumbs/posterback.png</texture>
              <info>ListItem.Thumb</info>
            </control>
            <control type="largeimage">
              <posx>9</posx>
              <posy>276</posy>
              <width>110</width>
              <height>165</height>
              <aspectratio stretchdiffuse="false">stretch</aspectratio>
              <texture background="true" flipy="true" diffuse="thumbs/posterreflectiondiffuse.png"/>
              <info>ListItem.Thumb</info>
            </control>
            <control type="largeimage">
              <posx>9</posx>
              <posy>110</posy>
              <width>110</width>
              <height>165</height>
              <aspectratio stretchdiffuse="false">stretch</aspectratio>
              <texture background="true" diffuse="thumbs/posterdiffuse.png">thumbs/poster_glass_noreflect.png</texture>
            </control>
            <control type="largeimage">
              <posx>-10</posx>
              <posy>94</posy>
              <width>148</width>
              <height>242</height>
              <aspectratio stretchdiffuse="false">stretch</aspectratio>
              <texture background="true">thumbs/poster_overlay-focus.png</texture>
            </control>
            <control type="group">
              <visible>Skin.HasSetting(postersoverlay)</visible>
              <control type="image">
                <posx>89</posx>
                <posy>110</posy>
                <width>30</width>
                <height>30</height>
                <texture>thumbs/OverlayWatched.png</texture>
                <visible>StringCompare(ListItem.Overlay,OverlayWatched.png)+!Skin.HasSetting(newstatus)+!IsEmpty(ListItem.Overlay)</visible>
              </control>
              <control type="image">
                <posx>89</posx>
                <posy>110</posy>
                <width>30</width>
                <height>30</height>
                <texture>thumbs/UnWatched2.png</texture>
                <visible>!StringCompare(ListItem.Overlay,OverlayWatched.png)+Skin.HasSetting(newstatus)+!IsEmpty(ListItem.Overlay)</visible>
              </control>
            </control>
          </control>
        </itemlayout>
        <focusedlayout height="500" width="216">
          <control type="group">
            <visible>Skin.HasSetting(posterslide)</visible>
            <animation effect="zoom" center="auto" start="100" end="122" time="600" tween="back" easing="out" reversible="false">Focus</animation>
            <control type="largeimage">
              <posx>28</posx>
              <posy>70</posy>
              <width>160</width>
              <height>240</height>
              <aspectratio stretchdiffuse="false">stretch</aspectratio>
              <texture background="true" diffuse="thumbs/posterdiffuse.png">thumbs/posterback.png</texture>
              <info>ListItem.Thumb</info>
            </control>
            <control type="largeimage">
              <posx>28</posx>
              <posy>311</posy>
              <width>160</width>
              <height>240</height>
              <aspectratio stretchdiffuse="false">stretch</aspectratio>
              <texture background="true" flipy="true" diffuse="thumbs/posterreflectiondiffuse.png"/>
              <info>ListItem.Thumb</info>
            </control>
            <control type="largeimage">
              <posx>28</posx>
              <posy>70</posy>
              <width>160</width>
              <height>240</height>
              <aspectratio stretchdiffuse="false">stretch</aspectratio>
              <texture background="true" diffuse="thumbs/posterdiffuse.png">thumbs/poster_glass_noreflect.png</texture>
            </control>
            <control type="largeimage">
              <posx>0</posx>
              <posy>47</posy>
              <width>215</width>
              <height>350</height>
              <aspectratio stretchdiffuse="false">stretch</aspectratio>
              <texture background="true">thumbs/poster_overlay-focus.png</texture>
            </control>
            <control type="group">
              <visible>Skin.HasSetting(postersoverlay)</visible>
              <control type="image">
                <posx>148</posx>
                <posy>71</posy>
                <width>40</width>
                <height>40</height>
                <texture>thumbs/OverlayWatched.png</texture>
                <visible>StringCompare(ListItem.Overlay,OverlayWatched.png)+!Skin.HasSetting(newstatus)+!IsEmpty(ListItem.Overlay)</visible>
              </control>
              <control type="image">
                <posx>148</posx>
                <posy>70</posy>
                <width>40</width>
                <height>40</height>
                <texture>thumbs/UnWatched2.png</texture>
                <visible>!StringCompare(ListItem.Overlay,OverlayWatched.png)+Skin.HasSetting(newstatus)+!IsEmpty(ListItem.Overlay)</visible>
              </control>
            </control>
          </control>
        </focusedlayout>
      </control>
      <control type="scrollbar" id="70">
        <posx>305</posx>
        <posy>670</posy>
        <width>670</width>
        <height>41</height>
        <visible allowhiddenfocus="true">Control.HasFocus(70)</visible>
        <texturesliderbackground border="14,0,14,0">views/scrollBarH.png</texturesliderbackground>
        <texturesliderbar border="14,0,14,0">views/scrollBarH_bar.png</texturesliderbar>
        <texturesliderbarfocus border="14,0,14,0">views/scrollBarH_bar_focus.png</texturesliderbarfocus>
        <textureslidernib>views/scrollBarNib.png</textureslidernib>
        <textureslidernibfocus>views/scrollBarNib.png</textureslidernibfocus>
        <pulseonselect>yes</pulseonselect>
        <onup>510</onup>
        <ondown>SetFocus(109)</ondown>
        <ondown>9000</ondown>
        <showonepage>false</showonepage>
        <animation effect="slide" start="290,0" end="290,0" condition="!Skin.HasSetting(posterslide)">Conditional</animation>
        <orientation>horizontal</orientation>
      </control>
      <include condition="!Skin.HasSetting(posterslide)">Posters_Furniture</include>
      <control type="group">
        <visible>!Control.HasFocus(109)+!Control.HasFocus(70)</visible>
        <include>Animation_HideMultiplex</include>
        <include condition="Skin.HasSetting(posterslide)">SecondLabelFloor</include>
        <include condition="Skin.HasSetting(posterslide)">FirstLabelFloor</include>
      </control>
    </control>
  </include>
</includes>