<?xml version="1.0"?>
<window id="129">
  <defaultcontrol always="true">15</defaultcontrol>
  <coordinates>
    <system>1</system>
    <posx>0</posx>
    <posy>0</posy>
  </coordinates>
  <include>Animation_DialogPopup</include>
  <controls>
    <control type="group">
      <posx>247</posx>
      <posy>248</posy>
      <width>847</width>
      <height>328</height>
      <control type="image">
        <description>background image</description>
        <posx>0</posx>
        <posy>0</posy>
        <width>861</width>
        <height>316</height>
        <texture>dialogs/scrapersettings_back.png</texture>
      </control>
      <control type="label">
        <description>heading label</description>
        <posx>0</posx>
        <posy>40</posy>
        <width>692</width>
        <align>center</align>
        <font>Font_Reg22</font>
        <label>[UPPERCASE]$LOCALIZE[21421][/UPPERCASE]</label>
      </control>
      <control type="label" id="0">
        <description>Rule match label</description>
        <posx>25</posx>
        <posy>75</posy>
        <width>480</width>
        <font>Font_ListSmall</font>
        <label>21422</label>
      </control>
      <control type="group" id="9001">
        <control type="spincontrolex" id="15">
          <description>Rule Field</description>
          <posx>14</posx>
          <posy>110</posy>
          <width>322</width>
          <height>41</height>
          <font>Font_ContextMenuButton</font>
          <texturefocus>views/listpanel_selectbar.png</texturefocus>
          <texturenofocus>dialogs/setcontent_button_nofocus.png</texturenofocus>
          <textureup>settings/spin-up.png</textureup>
          <texturedown>settings/spin-down.png</texturedown>
          <textureupfocus>settings/spin-up-focus.png</textureupfocus>
          <texturedownfocus>settings/spin-down-focus.png</texturedownfocus>
          <textcolor>FF939597</textcolor>
          <focusedcolor>FF262728</focusedcolor>
          <pulseonselect>false</pulseonselect>
          <spinposx>-4</spinposx>
          <spinwidth>40</spinwidth>
          <spinheight>65</spinheight>
          <textoffsetx>20</textoffsetx>
          <aligny>center</aligny>
          <reverse>yes</reverse>
          <onright>16</onright>
          <onleft>16</onleft>
          <onup>9000</onup>
          <ondown>17</ondown>
        </control>
        <control type="spincontrolex" id="16">
          <description>Rule operator</description>
          <posx>336</posx>
          <posy>110</posy>
          <width>346</width>
          <height>41</height>
          <font>Font_ContextMenuButton</font>
          <texturefocus>views/listpanel_selectbar.png</texturefocus>
          <texturenofocus>dialogs/setcontent_button_nofocus.png</texturenofocus>
          <textureup>settings/spin-up.png</textureup>
          <texturedown>settings/spin-down.png</texturedown>
          <textureupfocus>settings/spin-up-focus.png</textureupfocus>
          <texturedownfocus>settings/spin-down-focus.png</texturedownfocus>
          <textcolor>FF939597</textcolor>
          <focusedcolor>FF262728</focusedcolor>
          <pulseonselect>false</pulseonselect>
          <spinposx>-4</spinposx>
          <spinwidth>40</spinwidth>
          <spinheight>65</spinheight>
          <textoffsetx>20</textoffsetx>
          <aligny>center</aligny>
          <reverse>yes</reverse>
          <onright>9000</onright>
          <onleft>15</onleft>
          <onup>9000</onup>
          <ondown>17</ondown>
        </control>
      </control>
      <control type="button" id="17">
        <description>Value Button</description>
        <textoffsetx>12</textoffsetx>
        <posx>28</posx>
        <posy>202</posy>
        <width>653</width>
        <height>44</height>
        <font>Font_AddSourceEdit</font>
        <align>center</align>
        <aligny>center</aligny>
        <texturefocus>-</texturefocus>
        <texturenofocus/>
        <textcolor>FF6a6565</textcolor>
        <selectedcolor>FFe4ec06</selectedcolor>
        <focusedcolor>FFFFFFFF</focusedcolor>
        <label>-</label>
        <onup>9001</onup>
        <onleft>17</onleft>
        <onright>20</onright>
        <ondown>17</ondown>
      </control>
      <control type="image">
        <posx>2</posx>
        <posy>203</posy>
        <width>687</width>
        <height>45</height>
        <texture>dialogs/context_highlight.png</texture>
      </control>
      <control type="image">
        <posx>28</posx>
        <posy>199</posy>
        <width>635</width>
        <height>52</height>
        <texture>dialogs/addsource_highlight.png</texture>
        <include>Animation_CommonFade</include>
        <visible>Control.HasFocus(17)</visible>
      </control>
      <control type="button" id="20">
        <description>Browse Button</description>
        <posx>682</posx>
        <posy>204</posy>
        <width>156</width>
        <height>41</height>
        <font>Font_SetContentMenu</font>
        <label>1024</label>
        <align>left</align>
        <textcolor>FFf5f5f5</textcolor>
        <focusedcolor>FF262728</focusedcolor>
        <selectedcolor>FF262728</selectedcolor>
        <textoffsetx>20</textoffsetx>
        <onup>9000</onup>
        <onleft>17</onleft>
        <onright>20</onright>
        <ondown>20</ondown>
        <texturenofocus>-</texturenofocus>
        <texturefocus>dialogs/setcontent_rightmenu_highlight.png</texturefocus>
      </control>
      <control type="group" id="9000">
        <posx>382</posx>
        <posy>110</posy>
        <control type="button" id="18">
          <description>Button: OK</description>
          <posy>0</posy>
          <width>156</width>
          <height>41</height>
          <font>Font_SetContentMenu</font>
          <label>186</label>
          <align>left</align>
          <textcolor>FFf5f5f5</textcolor>
          <focusedcolor>FF262728</focusedcolor>
          <selectedcolor>FF262728</selectedcolor>
          <textoffsetx>20</textoffsetx>
          <onup>18</onup>
          <onleft>9001</onleft>
          <onright>18</onright>
          <ondown>19</ondown>
          <texturenofocus>-</texturenofocus>
          <texturefocus>dialogs/setcontent_rightmenu_highlight.png</texturefocus>
        </control>
        <control type="button" id="19">
          <description>Cancel Button</description>
          <posy>41</posy>
          <width>156</width>
          <height>41</height>
          <font>Font_SetContentMenu</font>
          <label>222</label>
          <align>left</align>
          <textcolor>FFf5f5f5</textcolor>
          <focusedcolor>FF262728</focusedcolor>
          <selectedcolor>FF262728</selectedcolor>
          <textoffsetx>20</textoffsetx>
          <texturenofocus>-</texturenofocus>
          <texturefocus>dialogs/setcontent_rightmenu_highlight.png</texturefocus>
          <onup>18</onup>
          <onleft>9001</onleft>
          <onright>19</onright>
          <ondown>20</ondown>
        </control>
      </control>
    </control>
  </controls>
</window>
