<window id="1116" type="window">
  <defaultcontrol>7000</defaultcontrol>
  <controls>
    <control type="multiimage">
      <posx>0</posx>
      <posy>0</posy>
      <width>1280</width>
      <height>720</height>
      <imagepath fallback="special://skin/backgrounds/tvshows.jpg" background="true">$INFO[Skin.String(Home_Custom_Back_TVShow_Folder)]</imagepath>
      <timeperimage>10000</timeperimage>
      <randomize>true</randomize>
      <fadetime>1000</fadetime>
      <include>Animation_OpenCloseZoom</include>
    </control>
    <control type="image">
      <width>1280</width>
      <height>720</height>
      <texture>common/black.png</texture>
      <colordiffuse>aaffffff</colordiffuse>
    </control>
    <control type="panel" id="7000">
      <posx>50</posx>
      <posy>60</posy>
      <width>1180</width>
      <height>600</height>
      <onleft>7000</onleft>
      <onright>7000</onright>
      <onup>7000</onup>
      <ondown>7000</ondown>
      <viewtype label="535">icon</viewtype>
      <pagecontrol>-</pagecontrol>
      <scrolltime>200</scrolltime>
      <itemlayout height="200" width="295">
        <control type="image">
          <posx>50</posx>
          <posy>0</posy>
          <width>195</width>
          <height>75</height>
          <aspectratio>keep</aspectratio>
          <texture background="true">$INFO[ListItem.Thumb]</texture>
          <include>VisibleFadeEffect</include>
        </control>
        <control type="label">
          <posx>5</posx>
          <posy>100</posy>
          <width>280</width>
          <height>23</height>
          <font>Font_Info</font>
          <textcolor>white</textcolor>
          <shadowcolor>black</shadowcolor>
          <selectedcolor>selected</selectedcolor>
          <align>left</align>
          <aligny>center</aligny>
          <label>[COLOR c0FFFFFF]$LOCALIZE[31189]: [/COLOR]$INFO[ListItem.Property(LatestDate)]</label>
        </control>
        <control type="label">
          <posx>5</posx>
          <posy>125</posy>
          <width>280</width>
          <height>23</height>
          <font>Font_Info</font>
          <textcolor>white</textcolor>
          <shadowcolor>black</shadowcolor>
          <selectedcolor>selected</selectedcolor>
          <align>left</align>
          <aligny>center</aligny>
          <label>$INFO[ListItem.Property(LatestNumber)] • $INFO[ListItem.Property(LatestTitle)]</label>
        </control>
        <control type="label">
          <posx>5</posx>
          <posy>150</posy>
          <width>280</width>
          <height>23</height>
          <font>Font_Info</font>
          <textcolor>white</textcolor>
          <shadowcolor>black</shadowcolor>
          <selectedcolor>selected</selectedcolor>
          <align>left</align>
          <aligny>center</aligny>
          <label>[COLOR c0FFFFFF]$LOCALIZE[31190]: [/COLOR]$INFO[ListItem.Property(NextDate)]</label>
        </control>
        <control type="label">
          <posx>5</posx>
          <posy>175</posy>
          <width>280</width>
          <height>23</height>
          <font>Font_Info</font>
          <textcolor>white</textcolor>
          <shadowcolor>black</shadowcolor>
          <selectedcolor>selected</selectedcolor>
          <align>left</align>
          <aligny>center</aligny>
          <label>$INFO[ListItem.Property(NextNumber)] • $INFO[ListItem.Property(NextTitle)]</label>
        </control>
      </itemlayout>
      <focusedlayout height="200" width="295">
        <control type="image">
          <posx>50</posx>
          <posy>0</posy>
          <width>195</width>
          <height>75</height>
          <aspectratio>keep</aspectratio>
          <texture background="true">$INFO[ListItem.Thumb]</texture>
          <include>VisibleFadeEffect</include>
          <animation effect="zoom" center="auto" start="100" end="122" time="600" tween="back" easing="out" reversible="false">Focus</animation>
        </control>
        <control type="label">
          <posx>5</posx>
          <posy>100</posy>
          <width>280</width>
          <height>23</height>
          <font>Font_Info</font>
          <textcolor>white</textcolor>
          <shadowcolor>black</shadowcolor>
          <selectedcolor>selected</selectedcolor>
          <align>left</align>
          <aligny>center</aligny>
          <label>[COLOR c0FFFFFF]$LOCALIZE[31189]: [/COLOR]$INFO[ListItem.Property(LatestDate)]</label>
        </control>
        <control type="label">
          <posx>5</posx>
          <posy>125</posy>
          <width>280</width>
          <height>23</height>
          <font>Font_Info</font>
          <textcolor>white</textcolor>
          <shadowcolor>black</shadowcolor>
          <selectedcolor>selected</selectedcolor>
          <align>left</align>
          <aligny>center</aligny>
          <label>$INFO[ListItem.Property(LatestNumber)] • $INFO[ListItem.Property(LatestTitle)]</label>
        </control>
        <control type="label">
          <posx>5</posx>
          <posy>150</posy>
          <width>280</width>
          <height>23</height>
          <font>Font_Info</font>
          <textcolor>white</textcolor>
          <shadowcolor>black</shadowcolor>
          <selectedcolor>selected</selectedcolor>
          <align>left</align>
          <aligny>center</aligny>
          <label>[COLOR c0FFFFFF]$LOCALIZE[31190]: [/COLOR]$INFO[ListItem.Property(NextDate)]</label>
        </control>
        <control type="label">
          <posx>5</posx>
          <posy>175</posy>
          <width>280</width>
          <height>23</height>
          <font>Font_Info</font>
          <textcolor>white</textcolor>
          <shadowcolor>black</shadowcolor>
          <selectedcolor>selected</selectedcolor>
          <align>left</align>
          <aligny>center</aligny>
          <label>$INFO[ListItem.Property(NextNumber)] • $INFO[ListItem.Property(NextTitle)]</label>
        </control>
      </focusedlayout>
      <content>
        <item id="1">
          <label>$INFO[Window(Home).Property(NextAired.1.ShowTitle)]</label>
          <label2>$INFO[Window(Home).Property(NextAired.1.Network)]</label2>
          <onclick>-</onclick>
          <icon>$INFO[Window(Home).Property(NextAired.1.ep_img)]</icon>
          <thumb>$INFO[Window(Home).Property(NextAired.1.Showpath),,logo.png]</thumb>
          <property name="Airtime">$INFO[Window(Home).Property(NextAired.1.Airtime)]</property>
          <property name="NextDate">$INFO[Window(Home).Property(NextAired.1.NextDate)]</property>
          <property name="NextTitle">$INFO[Window(Home).Property(NextAired.1.NextTitle)]</property>
          <property name="NextNumber">$INFO[Window(Home).Property(NextAired.1.NextNumber)]</property>
          <property name="LatestDate">$INFO[Window(Home).Property(NextAired.1.LatestDate)]</property>
          <property name="LatestTitle">$INFO[Window(Home).Property(NextAired.1.LatestTitle)]</property>
          <property name="LatestNumber">$INFO[Window(Home).Property(NextAired.1.LatestNumber)]</property>
          <property name="Status">$INFO[Window(Home).Property(NextAired.1.Status)]</property>
          <property name="Started">$INFO[Window(Home).Property(NextAired.1.Started)]</property>
          <property name="Genres">$INFO[Window(Home).Property(NextAired.1.Genres)]</property>
          <property name="Premiered">$INFO[Window(Home).Property(NextAired.1.Premiered)]</property>
          <property name="Country">$INFO[Window(Home).Property(NextAired.1.Country)]</property>
          <property name="Runtime">$INFO[Window(Home).Property(NextAired.1.Runtime)]</property>
          <visible>!IsEmpty(Window(Home).Property(NextAired.1.ShowTitle))</visible>
        </item>
        <item id="2">
          <label>$INFO[Window(Home).Property(NextAired.2.ShowTitle)]</label>
          <label2>$INFO[Window(Home).Property(NextAired.2.Network)]</label2>
          <onclick>-</onclick>
          <icon>$INFO[Window(Home).Property(NextAired.2.ep_img)]</icon>
          <thumb>$INFO[Window(Home).Property(NextAired.2.Showpath),,logo.png]</thumb>
          <property name="Airtime">$INFO[Window(Home).Property(NextAired.2.Airtime)]</property>
          <property name="NextDate">$INFO[Window(Home).Property(NextAired.2.NextDate)]</property>
          <property name="NextTitle">$INFO[Window(Home).Property(NextAired.2.NextTitle)]</property>
          <property name="NextNumber">$INFO[Window(Home).Property(NextAired.2.NextNumber)]</property>
          <property name="LatestDate">$INFO[Window(Home).Property(NextAired.2.LatestDate)]</property>
          <property name="LatestTitle">$INFO[Window(Home).Property(NextAired.2.LatestTitle)]</property>
          <property name="LatestNumber">$INFO[Window(Home).Property(NextAired.2.LatestNumber)]</property>
          <property name="Status">$INFO[Window(Home).Property(NextAired.2.Status)]</property>
          <property name="Started">$INFO[Window(Home).Property(NextAired.2.Started)]</property>
          <property name="Genres">$INFO[Window(Home).Property(NextAired.2.Genres)]</property>
          <property name="Premiered">$INFO[Window(Home).Property(NextAired.2.Premiered)]</property>
          <property name="Country">$INFO[Window(Home).Property(NextAired.2.Country)]</property>
          <property name="Runtime">$INFO[Window(Home).Property(NextAired.2.Runtime)]</property>
          <visible>!IsEmpty(Window(Home).Property(NextAired.2.ShowTitle))</visible>
        </item>
        <item id="3">
          <label>$INFO[Window(Home).Property(NextAired.3.ShowTitle)]</label>
          <label2>$INFO[Window(Home).Property(NextAired.3.Network)]</label2>
          <onclick>-</onclick>
          <icon>$INFO[Window(Home).Property(NextAired.3.ep_img)]</icon>
          <thumb>$INFO[Window(Home).Property(NextAired.3.Showpath),,logo.png]</thumb>
          <property name="Airtime">$INFO[Window(Home).Property(NextAired.3.Airtime)]</property>
          <property name="NextDate">$INFO[Window(Home).Property(NextAired.3.NextDate)]</property>
          <property name="NextTitle">$INFO[Window(Home).Property(NextAired.3.NextTitle)]</property>
          <property name="NextNumber">$INFO[Window(Home).Property(NextAired.3.NextNumber)]</property>
          <property name="LatestDate">$INFO[Window(Home).Property(NextAired.3.LatestDate)]</property>
          <property name="LatestTitle">$INFO[Window(Home).Property(NextAired.3.LatestTitle)]</property>
          <property name="LatestNumber">$INFO[Window(Home).Property(NextAired.3.LatestNumber)]</property>
          <property name="Status">$INFO[Window(Home).Property(NextAired.3.Status)]</property>
          <property name="Started">$INFO[Window(Home).Property(NextAired.3.Started)]</property>
          <property name="Genres">$INFO[Window(Home).Property(NextAired.3.Genres)]</property>
          <property name="Premiered">$INFO[Window(Home).Property(NextAired.3.Premiered)]</property>
          <property name="Country">$INFO[Window(Home).Property(NextAired.3.Country)]</property>
          <property name="Runtime">$INFO[Window(Home).Property(NextAired.3.Runtime)]</property>
          <visible>!IsEmpty(Window(Home).Property(NextAired.3.ShowTitle))</visible>
        </item>
        <item id="4">
          <label>$INFO[Window(Home).Property(NextAired.4.ShowTitle)]</label>
          <label2>$INFO[Window(Home).Property(NextAired.4.Network)]</label2>
          <onclick>-</onclick>
          <icon>$INFO[Window(Home).Property(NextAired.4.ep_img)]</icon>
          <thumb>$INFO[Window(Home).Property(NextAired.4.Showpath),,logo.png]</thumb>
          <property name="Airtime">$INFO[Window(Home).Property(NextAired.4.Airtime)]</property>
          <property name="NextDate">$INFO[Window(Home).Property(NextAired.4.NextDate)]</property>
          <property name="NextTitle">$INFO[Window(Home).Property(NextAired.4.NextTitle)]</property>
          <property name="NextNumber">$INFO[Window(Home).Property(NextAired.4.NextNumber)]</property>
          <property name="LatestDate">$INFO[Window(Home).Property(NextAired.4.LatestDate)]</property>
          <property name="LatestTitle">$INFO[Window(Home).Property(NextAired.4.LatestTitle)]</property>
          <property name="LatestNumber">$INFO[Window(Home).Property(NextAired.4.LatestNumber)]</property>
          <property name="Status">$INFO[Window(Home).Property(NextAired.4.Status)]</property>
          <property name="Started">$INFO[Window(Home).Property(NextAired.4.Started)]</property>
          <property name="Genres">$INFO[Window(Home).Property(NextAired.4.Genres)]</property>
          <property name="Premiered">$INFO[Window(Home).Property(NextAired.4.Premiered)]</property>
          <property name="Country">$INFO[Window(Home).Property(NextAired.4.Country)]</property>
          <property name="Runtime">$INFO[Window(Home).Property(NextAired.4.Runtime)]</property>
          <visible>!IsEmpty(Window(Home).Property(NextAired.4.ShowTitle))</visible>
        </item>
        <item id="5">
          <label>$INFO[Window(Home).Property(NextAired.5.ShowTitle)]</label>
          <label2>$INFO[Window(Home).Property(NextAired.5.Network)]</label2>
          <onclick>-</onclick>
          <icon>$INFO[Window(Home).Property(NextAired.5.ep_img)]</icon>
          <thumb>$INFO[Window(Home).Property(NextAired.5.Showpath),,logo.png]</thumb>
          <property name="Airtime">$INFO[Window(Home).Property(NextAired.5.Airtime)]</property>
          <property name="NextDate">$INFO[Window(Home).Property(NextAired.5.NextDate)]</property>
          <property name="NextTitle">$INFO[Window(Home).Property(NextAired.5.NextTitle)]</property>
          <property name="NextNumber">$INFO[Window(Home).Property(NextAired.5.NextNumber)]</property>
          <property name="LatestDate">$INFO[Window(Home).Property(NextAired.5.LatestDate)]</property>
          <property name="LatestTitle">$INFO[Window(Home).Property(NextAired.5.LatestTitle)]</property>
          <property name="LatestNumber">$INFO[Window(Home).Property(NextAired.5.LatestNumber)]</property>
          <property name="Status">$INFO[Window(Home).Property(NextAired.5.Status)]</property>
          <property name="Started">$INFO[Window(Home).Property(NextAired.5.Started)]</property>
          <property name="Genres">$INFO[Window(Home).Property(NextAired.5.Genres)]</property>
          <property name="Premiered">$INFO[Window(Home).Property(NextAired.5.Premiered)]</property>
          <property name="Country">$INFO[Window(Home).Property(NextAired.5.Country)]</property>
          <property name="Runtime">$INFO[Window(Home).Property(NextAired.5.Runtime)]</property>
          <visible>!IsEmpty(Window(Home).Property(NextAired.5.ShowTitle))</visible>
        </item>
        <item id="6">
          <label>$INFO[Window(Home).Property(NextAired.6.ShowTitle)]</label>
          <label2>$INFO[Window(Home).Property(NextAired.6.Network)]</label2>
          <onclick>-</onclick>
          <icon>$INFO[Window(Home).Property(NextAired.6.ep_img)]</icon>
          <thumb>$INFO[Window(Home).Property(NextAired.6.Showpath),,logo.png]</thumb>
          <property name="Airtime">$INFO[Window(Home).Property(NextAired.6.Airtime)]</property>
          <property name="NextDate">$INFO[Window(Home).Property(NextAired.6.NextDate)]</property>
          <property name="NextTitle">$INFO[Window(Home).Property(NextAired.6.NextTitle)]</property>
          <property name="NextNumber">$INFO[Window(Home).Property(NextAired.6.NextNumber)]</property>
          <property name="LatestDate">$INFO[Window(Home).Property(NextAired.6.LatestDate)]</property>
          <property name="LatestTitle">$INFO[Window(Home).Property(NextAired.6.LatestTitle)]</property>
          <property name="LatestNumber">$INFO[Window(Home).Property(NextAired.6.LatestNumber)]</property>
          <property name="Status">$INFO[Window(Home).Property(NextAired.6.Status)]</property>
          <property name="Started">$INFO[Window(Home).Property(NextAired.6.Started)]</property>
          <property name="Genres">$INFO[Window(Home).Property(NextAired.6.Genres)]</property>
          <property name="Premiered">$INFO[Window(Home).Property(NextAired.6.Premiered)]</property>
          <property name="Country">$INFO[Window(Home).Property(NextAired.6.Country)]</property>
          <property name="Runtime">$INFO[Window(Home).Property(NextAired.6.Runtime)]</property>
          <visible>!IsEmpty(Window(Home).Property(NextAired.6.ShowTitle))</visible>
        </item>
        <item id="7">
          <label>$INFO[Window(Home).Property(NextAired.7.ShowTitle)]</label>
          <label2>$INFO[Window(Home).Property(NextAired.7.Network)]</label2>
          <onclick>-</onclick>
          <icon>$INFO[Window(Home).Property(NextAired.7.ep_img)]</icon>
          <thumb>$INFO[Window(Home).Property(NextAired.7.Showpath),,logo.png]</thumb>
          <property name="Airtime">$INFO[Window(Home).Property(NextAired.7.Airtime)]</property>
          <property name="NextDate">$INFO[Window(Home).Property(NextAired.7.NextDate)]</property>
          <property name="NextTitle">$INFO[Window(Home).Property(NextAired.7.NextTitle)]</property>
          <property name="NextNumber">$INFO[Window(Home).Property(NextAired.7.NextNumber)]</property>
          <property name="LatestDate">$INFO[Window(Home).Property(NextAired.7.LatestDate)]</property>
          <property name="LatestTitle">$INFO[Window(Home).Property(NextAired.7.LatestTitle)]</property>
          <property name="LatestNumber">$INFO[Window(Home).Property(NextAired.7.LatestNumber)]</property>
          <property name="Status">$INFO[Window(Home).Property(NextAired.7.Status)]</property>
          <property name="Started">$INFO[Window(Home).Property(NextAired.7.Started)]</property>
          <property name="Genres">$INFO[Window(Home).Property(NextAired.7.Genres)]</property>
          <property name="Premiered">$INFO[Window(Home).Property(NextAired.7.Premiered)]</property>
          <property name="Country">$INFO[Window(Home).Property(NextAired.7.Country)]</property>
          <property name="Runtime">$INFO[Window(Home).Property(NextAired.7.Runtime)]</property>
          <visible>!IsEmpty(Window(Home).Property(NextAired.7.ShowTitle))</visible>
        </item>
        <item id="8">
          <label>$INFO[Window(Home).Property(NextAired.8.ShowTitle)]</label>
          <label2>$INFO[Window(Home).Property(NextAired.8.Network)]</label2>
          <onclick>-</onclick>
          <icon>$INFO[Window(Home).Property(NextAired.8.ep_img)]</icon>
          <thumb>$INFO[Window(Home).Property(NextAired.8.Showpath),,logo.png]</thumb>
          <property name="Airtime">$INFO[Window(Home).Property(NextAired.8.Airtime)]</property>
          <property name="NextDate">$INFO[Window(Home).Property(NextAired.8.NextDate)]</property>
          <property name="NextTitle">$INFO[Window(Home).Property(NextAired.8.NextTitle)]</property>
          <property name="NextNumber">$INFO[Window(Home).Property(NextAired.8.NextNumber)]</property>
          <property name="LatestDate">$INFO[Window(Home).Property(NextAired.8.LatestDate)]</property>
          <property name="LatestTitle">$INFO[Window(Home).Property(NextAired.8.LatestTitle)]</property>
          <property name="LatestNumber">$INFO[Window(Home).Property(NextAired.8.LatestNumber)]</property>
          <property name="Status">$INFO[Window(Home).Property(NextAired.8.Status)]</property>
          <property name="Started">$INFO[Window(Home).Property(NextAired.8.Started)]</property>
          <property name="Genres">$INFO[Window(Home).Property(NextAired.8.Genres)]</property>
          <property name="Premiered">$INFO[Window(Home).Property(NextAired.8.Premiered)]</property>
          <property name="Country">$INFO[Window(Home).Property(NextAired.8.Country)]</property>
          <property name="Runtime">$INFO[Window(Home).Property(NextAired.8.Runtime)]</property>
          <visible>!IsEmpty(Window(Home).Property(NextAired.8.ShowTitle))</visible>
        </item>
        <item id="9">
          <label>$INFO[Window(Home).Property(NextAired.9.ShowTitle)]</label>
          <label2>$INFO[Window(Home).Property(NextAired.9.Network)]</label2>
          <onclick>-</onclick>
          <icon>$INFO[Window(Home).Property(NextAired.9.ep_img)]</icon>
          <thumb>$INFO[Window(Home).Property(NextAired.9.Showpath),,logo.png]</thumb>
          <property name="Airtime">$INFO[Window(Home).Property(NextAired.9.Airtime)]</property>
          <property name="NextDate">$INFO[Window(Home).Property(NextAired.9.NextDate)]</property>
          <property name="NextTitle">$INFO[Window(Home).Property(NextAired.9.NextTitle)]</property>
          <property name="NextNumber">$INFO[Window(Home).Property(NextAired.9.NextNumber)]</property>
          <property name="LatestDate">$INFO[Window(Home).Property(NextAired.9.LatestDate)]</property>
          <property name="LatestTitle">$INFO[Window(Home).Property(NextAired.9.LatestTitle)]</property>
          <property name="LatestNumber">$INFO[Window(Home).Property(NextAired.9.LatestNumber)]</property>
          <property name="Status">$INFO[Window(Home).Property(NextAired.9.Status)]</property>
          <property name="Started">$INFO[Window(Home).Property(NextAired.9.Started)]</property>
          <property name="Genres">$INFO[Window(Home).Property(NextAired.9.Genres)]</property>
          <property name="Premiered">$INFO[Window(Home).Property(NextAired.9.Premiered)]</property>
          <property name="Country">$INFO[Window(Home).Property(NextAired.9.Country)]</property>
          <property name="Runtime">$INFO[Window(Home).Property(NextAired.9.Runtime)]</property>
          <visible>!IsEmpty(Window(Home).Property(NextAired.9.ShowTitle))</visible>
        </item>
        <item id="10">
          <label>$INFO[Window(Home).Property(NextAired.10.ShowTitle)]</label>
          <label10>$INFO[Window(Home).Property(NextAired.10.Network)]</label10>
          <onclick>-</onclick>
          <icon>$INFO[Window(Home).Property(NextAired.10.ep_img)]</icon>
          <thumb>$INFO[Window(Home).Property(NextAired.10.Showpath),,logo.png]</thumb>
          <property name="Airtime">$INFO[Window(Home).Property(NextAired.10.Airtime)]</property>
          <property name="NextDate">$INFO[Window(Home).Property(NextAired.10.NextDate)]</property>
          <property name="NextTitle">$INFO[Window(Home).Property(NextAired.10.NextTitle)]</property>
          <property name="NextNumber">$INFO[Window(Home).Property(NextAired.10.NextNumber)]</property>
          <property name="LatestDate">$INFO[Window(Home).Property(NextAired.10.LatestDate)]</property>
          <property name="LatestTitle">$INFO[Window(Home).Property(NextAired.10.LatestTitle)]</property>
          <property name="LatestNumber">$INFO[Window(Home).Property(NextAired.10.LatestNumber)]</property>
          <property name="Status">$INFO[Window(Home).Property(NextAired.10.Status)]</property>
          <property name="Started">$INFO[Window(Home).Property(NextAired.10.Started)]</property>
          <property name="Genres">$INFO[Window(Home).Property(NextAired.10.Genres)]</property>
          <property name="Premiered">$INFO[Window(Home).Property(NextAired.10.Premiered)]</property>
          <property name="Country">$INFO[Window(Home).Property(NextAired.10.Country)]</property>
          <property name="Runtime">$INFO[Window(Home).Property(NextAired.10.Runtime)]</property>
          <visible>!IsEmpty(Window(Home).Property(NextAired.10.ShowTitle))</visible>
        </item>
        <item id="11">
          <label>$INFO[Window(Home).Property(NextAired.11.ShowTitle)]</label>
          <label2>$INFO[Window(Home).Property(NextAired.11.Network)]</label2>
          <onclick>-</onclick>
          <icon>$INFO[Window(Home).Property(NextAired.11.ep_img)]</icon>
          <thumb>$INFO[Window(Home).Property(NextAired.11.Showpath),,logo.png]</thumb>
          <property name="Airtime">$INFO[Window(Home).Property(NextAired.11.Airtime)]</property>
          <property name="NextDate">$INFO[Window(Home).Property(NextAired.11.NextDate)]</property>
          <property name="NextTitle">$INFO[Window(Home).Property(NextAired.11.NextTitle)]</property>
          <property name="NextNumber">$INFO[Window(Home).Property(NextAired.11.NextNumber)]</property>
          <property name="LatestDate">$INFO[Window(Home).Property(NextAired.11.LatestDate)]</property>
          <property name="LatestTitle">$INFO[Window(Home).Property(NextAired.11.LatestTitle)]</property>
          <property name="LatestNumber">$INFO[Window(Home).Property(NextAired.11.LatestNumber)]</property>
          <property name="Status">$INFO[Window(Home).Property(NextAired.11.Status)]</property>
          <property name="Started">$INFO[Window(Home).Property(NextAired.11.Started)]</property>
          <property name="Genres">$INFO[Window(Home).Property(NextAired.11.Genres)]</property>
          <property name="Premiered">$INFO[Window(Home).Property(NextAired.11.Premiered)]</property>
          <property name="Country">$INFO[Window(Home).Property(NextAired.11.Country)]</property>
          <property name="Runtime">$INFO[Window(Home).Property(NextAired.11.Runtime)]</property>
          <visible>!IsEmpty(Window(Home).Property(NextAired.11.ShowTitle))</visible>
        </item>
        <item id="12">
          <label>$INFO[Window(Home).Property(NextAired.12.ShowTitle)]</label>
          <label2>$INFO[Window(Home).Property(NextAired.12.Network)]</label2>
          <onclick>-</onclick>
          <icon>$INFO[Window(Home).Property(NextAired.12.ep_img)]</icon>
          <thumb>$INFO[Window(Home).Property(NextAired.12.Showpath),,logo.png]</thumb>
          <property name="Airtime">$INFO[Window(Home).Property(NextAired.12.Airtime)]</property>
          <property name="NextDate">$INFO[Window(Home).Property(NextAired.12.NextDate)]</property>
          <property name="NextTitle">$INFO[Window(Home).Property(NextAired.12.NextTitle)]</property>
          <property name="NextNumber">$INFO[Window(Home).Property(NextAired.12.NextNumber)]</property>
          <property name="LatestDate">$INFO[Window(Home).Property(NextAired.12.LatestDate)]</property>
          <property name="LatestTitle">$INFO[Window(Home).Property(NextAired.12.LatestTitle)]</property>
          <property name="LatestNumber">$INFO[Window(Home).Property(NextAired.12.LatestNumber)]</property>
          <property name="Status">$INFO[Window(Home).Property(NextAired.12.Status)]</property>
          <property name="Started">$INFO[Window(Home).Property(NextAired.12.Started)]</property>
          <property name="Genres">$INFO[Window(Home).Property(NextAired.12.Genres)]</property>
          <property name="Premiered">$INFO[Window(Home).Property(NextAired.12.Premiered)]</property>
          <property name="Country">$INFO[Window(Home).Property(NextAired.12.Country)]</property>
          <property name="Runtime">$INFO[Window(Home).Property(NextAired.12.Runtime)]</property>
          <visible>!IsEmpty(Window(Home).Property(NextAired.12.ShowTitle))</visible>
        </item>
        <item id="13">
          <label>$INFO[Window(Home).Property(NextAired.13.ShowTitle)]</label>
          <label2>$INFO[Window(Home).Property(NextAired.13.Network)]</label2>
          <onclick>-</onclick>
          <icon>$INFO[Window(Home).Property(NextAired.13.ep_img)]</icon>
          <thumb>$INFO[Window(Home).Property(NextAired.13.Showpath),,logo.png]</thumb>
          <property name="Airtime">$INFO[Window(Home).Property(NextAired.13.Airtime)]</property>
          <property name="NextDate">$INFO[Window(Home).Property(NextAired.13.NextDate)]</property>
          <property name="NextTitle">$INFO[Window(Home).Property(NextAired.13.NextTitle)]</property>
          <property name="NextNumber">$INFO[Window(Home).Property(NextAired.13.NextNumber)]</property>
          <property name="LatestDate">$INFO[Window(Home).Property(NextAired.13.LatestDate)]</property>
          <property name="LatestTitle">$INFO[Window(Home).Property(NextAired.13.LatestTitle)]</property>
          <property name="LatestNumber">$INFO[Window(Home).Property(NextAired.13.LatestNumber)]</property>
          <property name="Status">$INFO[Window(Home).Property(NextAired.13.Status)]</property>
          <property name="Started">$INFO[Window(Home).Property(NextAired.13.Started)]</property>
          <property name="Genres">$INFO[Window(Home).Property(NextAired.13.Genres)]</property>
          <property name="Premiered">$INFO[Window(Home).Property(NextAired.13.Premiered)]</property>
          <property name="Country">$INFO[Window(Home).Property(NextAired.13.Country)]</property>
          <property name="Runtime">$INFO[Window(Home).Property(NextAired.13.Runtime)]</property>
          <visible>!IsEmpty(Window(Home).Property(NextAired.13.ShowTitle))</visible>
        </item>
        <item id="14">
          <label>$INFO[Window(Home).Property(NextAired.14.ShowTitle)]</label>
          <label2>$INFO[Window(Home).Property(NextAired.14.Network)]</label2>
          <onclick>-</onclick>
          <icon>$INFO[Window(Home).Property(NextAired.14.ep_img)]</icon>
          <thumb>$INFO[Window(Home).Property(NextAired.14.Showpath),,logo.png]</thumb>
          <property name="Airtime">$INFO[Window(Home).Property(NextAired.14.Airtime)]</property>
          <property name="NextDate">$INFO[Window(Home).Property(NextAired.14.NextDate)]</property>
          <property name="NextTitle">$INFO[Window(Home).Property(NextAired.14.NextTitle)]</property>
          <property name="NextNumber">$INFO[Window(Home).Property(NextAired.14.NextNumber)]</property>
          <property name="LatestDate">$INFO[Window(Home).Property(NextAired.14.LatestDate)]</property>
          <property name="LatestTitle">$INFO[Window(Home).Property(NextAired.14.LatestTitle)]</property>
          <property name="LatestNumber">$INFO[Window(Home).Property(NextAired.14.LatestNumber)]</property>
          <property name="Status">$INFO[Window(Home).Property(NextAired.14.Status)]</property>
          <property name="Started">$INFO[Window(Home).Property(NextAired.14.Started)]</property>
          <property name="Genres">$INFO[Window(Home).Property(NextAired.14.Genres)]</property>
          <property name="Premiered">$INFO[Window(Home).Property(NextAired.14.Premiered)]</property>
          <property name="Country">$INFO[Window(Home).Property(NextAired.14.Country)]</property>
          <property name="Runtime">$INFO[Window(Home).Property(NextAired.14.Runtime)]</property>
          <visible>!IsEmpty(Window(Home).Property(NextAired.14.ShowTitle))</visible>
        </item>
        <item id="15">
          <label>$INFO[Window(Home).Property(NextAired.15.ShowTitle)]</label>
          <label2>$INFO[Window(Home).Property(NextAired.15.Network)]</label2>
          <onclick>-</onclick>
          <icon>$INFO[Window(Home).Property(NextAired.15.ep_img)]</icon>
          <thumb>$INFO[Window(Home).Property(NextAired.15.Showpath),,logo.png]</thumb>
          <property name="Airtime">$INFO[Window(Home).Property(NextAired.15.Airtime)]</property>
          <property name="NextDate">$INFO[Window(Home).Property(NextAired.15.NextDate)]</property>
          <property name="NextTitle">$INFO[Window(Home).Property(NextAired.15.NextTitle)]</property>
          <property name="NextNumber">$INFO[Window(Home).Property(NextAired.15.NextNumber)]</property>
          <property name="LatestDate">$INFO[Window(Home).Property(NextAired.15.LatestDate)]</property>
          <property name="LatestTitle">$INFO[Window(Home).Property(NextAired.15.LatestTitle)]</property>
          <property name="LatestNumber">$INFO[Window(Home).Property(NextAired.15.LatestNumber)]</property>
          <property name="Status">$INFO[Window(Home).Property(NextAired.15.Status)]</property>
          <property name="Started">$INFO[Window(Home).Property(NextAired.15.Started)]</property>
          <property name="Genres">$INFO[Window(Home).Property(NextAired.15.Genres)]</property>
          <property name="Premiered">$INFO[Window(Home).Property(NextAired.15.Premiered)]</property>
          <property name="Country">$INFO[Window(Home).Property(NextAired.15.Country)]</property>
          <property name="Runtime">$INFO[Window(Home).Property(NextAired.15.Runtime)]</property>
          <visible>!IsEmpty(Window(Home).Property(NextAired.15.ShowTitle))</visible>
        </item>
        <item id="16">
          <label>$INFO[Window(Home).Property(NextAired.16.ShowTitle)]</label>
          <label2>$INFO[Window(Home).Property(NextAired.16.Network)]</label2>
          <onclick>-</onclick>
          <icon>$INFO[Window(Home).Property(NextAired.16.ep_img)]</icon>
          <thumb>$INFO[Window(Home).Property(NextAired.16.Showpath),,logo.png]</thumb>
          <property name="Airtime">$INFO[Window(Home).Property(NextAired.16.Airtime)]</property>
          <property name="NextDate">$INFO[Window(Home).Property(NextAired.16.NextDate)]</property>
          <property name="NextTitle">$INFO[Window(Home).Property(NextAired.16.NextTitle)]</property>
          <property name="NextNumber">$INFO[Window(Home).Property(NextAired.16.NextNumber)]</property>
          <property name="LatestDate">$INFO[Window(Home).Property(NextAired.16.LatestDate)]</property>
          <property name="LatestTitle">$INFO[Window(Home).Property(NextAired.16.LatestTitle)]</property>
          <property name="LatestNumber">$INFO[Window(Home).Property(NextAired.16.LatestNumber)]</property>
          <property name="Status">$INFO[Window(Home).Property(NextAired.16.Status)]</property>
          <property name="Started">$INFO[Window(Home).Property(NextAired.16.Started)]</property>
          <property name="Genres">$INFO[Window(Home).Property(NextAired.16.Genres)]</property>
          <property name="Premiered">$INFO[Window(Home).Property(NextAired.16.Premiered)]</property>
          <property name="Country">$INFO[Window(Home).Property(NextAired.16.Country)]</property>
          <property name="Runtime">$INFO[Window(Home).Property(NextAired.16.Runtime)]</property>
          <visible>!IsEmpty(Window(Home).Property(NextAired.16.ShowTitle))</visible>
        </item>
        <item id="17">
          <label>$INFO[Window(Home).Property(NextAired.17.ShowTitle)]</label>
          <label2>$INFO[Window(Home).Property(NextAired.17.Network)]</label2>
          <onclick>-</onclick>
          <icon>$INFO[Window(Home).Property(NextAired.17.ep_img)]</icon>
          <thumb>$INFO[Window(Home).Property(NextAired.17.Showpath),,logo.png]</thumb>
          <property name="Airtime">$INFO[Window(Home).Property(NextAired.17.Airtime)]</property>
          <property name="NextDate">$INFO[Window(Home).Property(NextAired.17.NextDate)]</property>
          <property name="NextTitle">$INFO[Window(Home).Property(NextAired.17.NextTitle)]</property>
          <property name="NextNumber">$INFO[Window(Home).Property(NextAired.17.NextNumber)]</property>
          <property name="LatestDate">$INFO[Window(Home).Property(NextAired.17.LatestDate)]</property>
          <property name="LatestTitle">$INFO[Window(Home).Property(NextAired.17.LatestTitle)]</property>
          <property name="LatestNumber">$INFO[Window(Home).Property(NextAired.17.LatestNumber)]</property>
          <property name="Status">$INFO[Window(Home).Property(NextAired.17.Status)]</property>
          <property name="Started">$INFO[Window(Home).Property(NextAired.17.Started)]</property>
          <property name="Genres">$INFO[Window(Home).Property(NextAired.17.Genres)]</property>
          <property name="Premiered">$INFO[Window(Home).Property(NextAired.17.Premiered)]</property>
          <property name="Country">$INFO[Window(Home).Property(NextAired.17.Country)]</property>
          <property name="Runtime">$INFO[Window(Home).Property(NextAired.17.Runtime)]</property>
          <visible>!IsEmpty(Window(Home).Property(NextAired.17.ShowTitle))</visible>
        </item>
        <item id="18">
          <label>$INFO[Window(Home).Property(NextAired.18.ShowTitle)]</label>
          <label2>$INFO[Window(Home).Property(NextAired.18.Network)]</label2>
          <onclick>-</onclick>
          <icon>$INFO[Window(Home).Property(NextAired.18.ep_img)]</icon>
          <thumb>$INFO[Window(Home).Property(NextAired.18.Showpath),,logo.png]</thumb>
          <property name="Airtime">$INFO[Window(Home).Property(NextAired.18.Airtime)]</property>
          <property name="NextDate">$INFO[Window(Home).Property(NextAired.18.NextDate)]</property>
          <property name="NextTitle">$INFO[Window(Home).Property(NextAired.18.NextTitle)]</property>
          <property name="NextNumber">$INFO[Window(Home).Property(NextAired.18.NextNumber)]</property>
          <property name="LatestDate">$INFO[Window(Home).Property(NextAired.18.LatestDate)]</property>
          <property name="LatestTitle">$INFO[Window(Home).Property(NextAired.18.LatestTitle)]</property>
          <property name="LatestNumber">$INFO[Window(Home).Property(NextAired.18.LatestNumber)]</property>
          <property name="Status">$INFO[Window(Home).Property(NextAired.18.Status)]</property>
          <property name="Started">$INFO[Window(Home).Property(NextAired.18.Started)]</property>
          <property name="Genres">$INFO[Window(Home).Property(NextAired.18.Genres)]</property>
          <property name="Premiered">$INFO[Window(Home).Property(NextAired.18.Premiered)]</property>
          <property name="Country">$INFO[Window(Home).Property(NextAired.18.Country)]</property>
          <property name="Runtime">$INFO[Window(Home).Property(NextAired.18.Runtime)]</property>
          <visible>!IsEmpty(Window(Home).Property(NextAired.18.ShowTitle))</visible>
        </item>
        <item id="19">
          <label>$INFO[Window(Home).Property(NextAired.19.ShowTitle)]</label>
          <label2>$INFO[Window(Home).Property(NextAired.19.Network)]</label2>
          <onclick>-</onclick>
          <icon>$INFO[Window(Home).Property(NextAired.19.ep_img)]</icon>
          <thumb>$INFO[Window(Home).Property(NextAired.19.Showpath),,logo.png]</thumb>
          <property name="Airtime">$INFO[Window(Home).Property(NextAired.19.Airtime)]</property>
          <property name="NextDate">$INFO[Window(Home).Property(NextAired.19.NextDate)]</property>
          <property name="NextTitle">$INFO[Window(Home).Property(NextAired.19.NextTitle)]</property>
          <property name="NextNumber">$INFO[Window(Home).Property(NextAired.19.NextNumber)]</property>
          <property name="LatestDate">$INFO[Window(Home).Property(NextAired.19.LatestDate)]</property>
          <property name="LatestTitle">$INFO[Window(Home).Property(NextAired.19.LatestTitle)]</property>
          <property name="LatestNumber">$INFO[Window(Home).Property(NextAired.19.LatestNumber)]</property>
          <property name="Status">$INFO[Window(Home).Property(NextAired.19.Status)]</property>
          <property name="Started">$INFO[Window(Home).Property(NextAired.19.Started)]</property>
          <property name="Genres">$INFO[Window(Home).Property(NextAired.19.Genres)]</property>
          <property name="Premiered">$INFO[Window(Home).Property(NextAired.19.Premiered)]</property>
          <property name="Country">$INFO[Window(Home).Property(NextAired.19.Country)]</property>
          <property name="Runtime">$INFO[Window(Home).Property(NextAired.19.Runtime)]</property>
          <visible>!IsEmpty(Window(Home).Property(NextAired.19.ShowTitle))</visible>
        </item>
        <item id="20">
          <label>$INFO[Window(Home).Property(NextAired.20.ShowTitle)]</label>
          <label2>$INFO[Window(Home).Property(NextAired.20.Network)]</label2>
          <onclick>-</onclick>
          <icon>$INFO[Window(Home).Property(NextAired.20.ep_img)]</icon>
          <thumb>$INFO[Window(Home).Property(NextAired.20.Showpath),,logo.png]</thumb>
          <property name="Airtime">$INFO[Window(Home).Property(NextAired.20.Airtime)]</property>
          <property name="NextDate">$INFO[Window(Home).Property(NextAired.20.NextDate)]</property>
          <property name="NextTitle">$INFO[Window(Home).Property(NextAired.20.NextTitle)]</property>
          <property name="NextNumber">$INFO[Window(Home).Property(NextAired.20.NextNumber)]</property>
          <property name="LatestDate">$INFO[Window(Home).Property(NextAired.20.LatestDate)]</property>
          <property name="LatestTitle">$INFO[Window(Home).Property(NextAired.20.LatestTitle)]</property>
          <property name="LatestNumber">$INFO[Window(Home).Property(NextAired.20.LatestNumber)]</property>
          <property name="Status">$INFO[Window(Home).Property(NextAired.20.Status)]</property>
          <property name="Started">$INFO[Window(Home).Property(NextAired.20.Started)]</property>
          <property name="Genres">$INFO[Window(Home).Property(NextAired.20.Genres)]</property>
          <property name="Premiered">$INFO[Window(Home).Property(NextAired.20.Premiered)]</property>
          <property name="Country">$INFO[Window(Home).Property(NextAired.20.Country)]</property>
          <property name="Runtime">$INFO[Window(Home).Property(NextAired.20.Runtime)]</property>
          <visible>!IsEmpty(Window(Home).Property(NextAired.20.ShowTitle))</visible>
        </item>
        <item id="21">
          <label>$INFO[Window(Home).Property(NextAired.21.ShowTitle)]</label>
          <label2>$INFO[Window(Home).Property(NextAired.21.Network)]</label2>
          <onclick>-</onclick>
          <icon>$INFO[Window(Home).Property(NextAired.21.ep_img)]</icon>
          <thumb>$INFO[Window(Home).Property(NextAired.21.Showpath),,logo.png]</thumb>
          <property name="Airtime">$INFO[Window(Home).Property(NextAired.21.Airtime)]</property>
          <property name="NextDate">$INFO[Window(Home).Property(NextAired.21.NextDate)]</property>
          <property name="NextTitle">$INFO[Window(Home).Property(NextAired.21.NextTitle)]</property>
          <property name="NextNumber">$INFO[Window(Home).Property(NextAired.21.NextNumber)]</property>
          <property name="LatestDate">$INFO[Window(Home).Property(NextAired.21.LatestDate)]</property>
          <property name="LatestTitle">$INFO[Window(Home).Property(NextAired.21.LatestTitle)]</property>
          <property name="LatestNumber">$INFO[Window(Home).Property(NextAired.21.LatestNumber)]</property>
          <property name="Status">$INFO[Window(Home).Property(NextAired.21.Status)]</property>
          <property name="Started">$INFO[Window(Home).Property(NextAired.21.Started)]</property>
          <property name="Genres">$INFO[Window(Home).Property(NextAired.21.Genres)]</property>
          <property name="Premiered">$INFO[Window(Home).Property(NextAired.21.Premiered)]</property>
          <property name="Country">$INFO[Window(Home).Property(NextAired.21.Country)]</property>
          <property name="Runtime">$INFO[Window(Home).Property(NextAired.21.Runtime)]</property>
          <visible>!IsEmpty(Window(Home).Property(NextAired.21.ShowTitle))</visible>
        </item>
        <item id="22">
          <label>$INFO[Window(Home).Property(NextAired.22.ShowTitle)]</label>
          <label2>$INFO[Window(Home).Property(NextAired.22.Network)]</label2>
          <onclick>-</onclick>
          <icon>$INFO[Window(Home).Property(NextAired.22.ep_img)]</icon>
          <thumb>$INFO[Window(Home).Property(NextAired.22.Showpath),,logo.png]</thumb>
          <property name="Airtime">$INFO[Window(Home).Property(NextAired.22.Airtime)]</property>
          <property name="NextDate">$INFO[Window(Home).Property(NextAired.22.NextDate)]</property>
          <property name="NextTitle">$INFO[Window(Home).Property(NextAired.22.NextTitle)]</property>
          <property name="NextNumber">$INFO[Window(Home).Property(NextAired.22.NextNumber)]</property>
          <property name="LatestDate">$INFO[Window(Home).Property(NextAired.22.LatestDate)]</property>
          <property name="LatestTitle">$INFO[Window(Home).Property(NextAired.22.LatestTitle)]</property>
          <property name="LatestNumber">$INFO[Window(Home).Property(NextAired.22.LatestNumber)]</property>
          <property name="Status">$INFO[Window(Home).Property(NextAired.22.Status)]</property>
          <property name="Started">$INFO[Window(Home).Property(NextAired.22.Started)]</property>
          <property name="Genres">$INFO[Window(Home).Property(NextAired.22.Genres)]</property>
          <property name="Premiered">$INFO[Window(Home).Property(NextAired.22.Premiered)]</property>
          <property name="Country">$INFO[Window(Home).Property(NextAired.22.Country)]</property>
          <property name="Runtime">$INFO[Window(Home).Property(NextAired.22.Runtime)]</property>
          <visible>!IsEmpty(Window(Home).Property(NextAired.22.ShowTitle))</visible>
        </item>
        <item id="23">
          <label>$INFO[Window(Home).Property(NextAired.23.ShowTitle)]</label>
          <label2>$INFO[Window(Home).Property(NextAired.23.Network)]</label2>
          <onclick>-</onclick>
          <icon>$INFO[Window(Home).Property(NextAired.23.ep_img)]</icon>
          <thumb>$INFO[Window(Home).Property(NextAired.23.Showpath),,logo.png]</thumb>
          <property name="Airtime">$INFO[Window(Home).Property(NextAired.23.Airtime)]</property>
          <property name="NextDate">$INFO[Window(Home).Property(NextAired.23.NextDate)]</property>
          <property name="NextTitle">$INFO[Window(Home).Property(NextAired.23.NextTitle)]</property>
          <property name="NextNumber">$INFO[Window(Home).Property(NextAired.23.NextNumber)]</property>
          <property name="LatestDate">$INFO[Window(Home).Property(NextAired.23.LatestDate)]</property>
          <property name="LatestTitle">$INFO[Window(Home).Property(NextAired.23.LatestTitle)]</property>
          <property name="LatestNumber">$INFO[Window(Home).Property(NextAired.23.LatestNumber)]</property>
          <property name="Status">$INFO[Window(Home).Property(NextAired.23.Status)]</property>
          <property name="Started">$INFO[Window(Home).Property(NextAired.23.Started)]</property>
          <property name="Genres">$INFO[Window(Home).Property(NextAired.23.Genres)]</property>
          <property name="Premiered">$INFO[Window(Home).Property(NextAired.23.Premiered)]</property>
          <property name="Country">$INFO[Window(Home).Property(NextAired.23.Country)]</property>
          <property name="Runtime">$INFO[Window(Home).Property(NextAired.23.Runtime)]</property>
          <visible>!IsEmpty(Window(Home).Property(NextAired.23.ShowTitle))</visible>
        </item>
        <item id="24">
          <label>$INFO[Window(Home).Property(NextAired.24.ShowTitle)]</label>
          <label2>$INFO[Window(Home).Property(NextAired.24.Network)]</label2>
          <onclick>-</onclick>
          <icon>$INFO[Window(Home).Property(NextAired.24.ep_img)]</icon>
          <thumb>$INFO[Window(Home).Property(NextAired.24.Showpath),,logo.png]</thumb>
          <property name="Airtime">$INFO[Window(Home).Property(NextAired.24.Airtime)]</property>
          <property name="NextDate">$INFO[Window(Home).Property(NextAired.24.NextDate)]</property>
          <property name="NextTitle">$INFO[Window(Home).Property(NextAired.24.NextTitle)]</property>
          <property name="NextNumber">$INFO[Window(Home).Property(NextAired.24.NextNumber)]</property>
          <property name="LatestDate">$INFO[Window(Home).Property(NextAired.24.LatestDate)]</property>
          <property name="LatestTitle">$INFO[Window(Home).Property(NextAired.24.LatestTitle)]</property>
          <property name="LatestNumber">$INFO[Window(Home).Property(NextAired.24.LatestNumber)]</property>
          <property name="Status">$INFO[Window(Home).Property(NextAired.24.Status)]</property>
          <property name="Started">$INFO[Window(Home).Property(NextAired.24.Started)]</property>
          <property name="Genres">$INFO[Window(Home).Property(NextAired.24.Genres)]</property>
          <property name="Premiered">$INFO[Window(Home).Property(NextAired.24.Premiered)]</property>
          <property name="Country">$INFO[Window(Home).Property(NextAired.24.Country)]</property>
          <property name="Runtime">$INFO[Window(Home).Property(NextAired.24.Runtime)]</property>
          <visible>!IsEmpty(Window(Home).Property(NextAired.24.ShowTitle))</visible>
        </item>
        <item id="25">
          <label>$INFO[Window(Home).Property(NextAired.25.ShowTitle)]</label>
          <label2>$INFO[Window(Home).Property(NextAired.25.Network)]</label2>
          <onclick>-</onclick>
          <icon>$INFO[Window(Home).Property(NextAired.25.ep_img)]</icon>
          <thumb>$INFO[Window(Home).Property(NextAired.25.Showpath),,logo.png]</thumb>
          <property name="Airtime">$INFO[Window(Home).Property(NextAired.25.Airtime)]</property>
          <property name="NextDate">$INFO[Window(Home).Property(NextAired.25.NextDate)]</property>
          <property name="NextTitle">$INFO[Window(Home).Property(NextAired.25.NextTitle)]</property>
          <property name="NextNumber">$INFO[Window(Home).Property(NextAired.25.NextNumber)]</property>
          <property name="LatestDate">$INFO[Window(Home).Property(NextAired.25.LatestDate)]</property>
          <property name="LatestTitle">$INFO[Window(Home).Property(NextAired.25.LatestTitle)]</property>
          <property name="LatestNumber">$INFO[Window(Home).Property(NextAired.25.LatestNumber)]</property>
          <property name="Status">$INFO[Window(Home).Property(NextAired.25.Status)]</property>
          <property name="Started">$INFO[Window(Home).Property(NextAired.25.Started)]</property>
          <property name="Genres">$INFO[Window(Home).Property(NextAired.25.Genres)]</property>
          <property name="Premiered">$INFO[Window(Home).Property(NextAired.25.Premiered)]</property>
          <property name="Country">$INFO[Window(Home).Property(NextAired.25.Country)]</property>
          <property name="Runtime">$INFO[Window(Home).Property(NextAired.25.Runtime)]</property>
          <visible>!IsEmpty(Window(Home).Property(NextAired.25.ShowTitle))</visible>
        </item>
        <item id="26">
          <label>$INFO[Window(Home).Property(NextAired.26.ShowTitle)]</label>
          <label2>$INFO[Window(Home).Property(NextAired.26.Network)]</label2>
          <onclick>-</onclick>
          <icon>$INFO[Window(Home).Property(NextAired.26.ep_img)]</icon>
          <thumb>$INFO[Window(Home).Property(NextAired.26.Showpath),,logo.png]</thumb>
          <property name="Airtime">$INFO[Window(Home).Property(NextAired.26.Airtime)]</property>
          <property name="NextDate">$INFO[Window(Home).Property(NextAired.26.NextDate)]</property>
          <property name="NextTitle">$INFO[Window(Home).Property(NextAired.26.NextTitle)]</property>
          <property name="NextNumber">$INFO[Window(Home).Property(NextAired.26.NextNumber)]</property>
          <property name="LatestDate">$INFO[Window(Home).Property(NextAired.26.LatestDate)]</property>
          <property name="LatestTitle">$INFO[Window(Home).Property(NextAired.26.LatestTitle)]</property>
          <property name="LatestNumber">$INFO[Window(Home).Property(NextAired.26.LatestNumber)]</property>
          <property name="Status">$INFO[Window(Home).Property(NextAired.26.Status)]</property>
          <property name="Started">$INFO[Window(Home).Property(NextAired.26.Started)]</property>
          <property name="Genres">$INFO[Window(Home).Property(NextAired.26.Genres)]</property>
          <property name="Premiered">$INFO[Window(Home).Property(NextAired.26.Premiered)]</property>
          <property name="Country">$INFO[Window(Home).Property(NextAired.26.Country)]</property>
          <property name="Runtime">$INFO[Window(Home).Property(NextAired.26.Runtime)]</property>
          <visible>!IsEmpty(Window(Home).Property(NextAired.26.ShowTitle))</visible>
        </item>
        <item id="27">
          <label>$INFO[Window(Home).Property(NextAired.27.ShowTitle)]</label>
          <label2>$INFO[Window(Home).Property(NextAired.27.Network)]</label2>
          <onclick>-</onclick>
          <icon>$INFO[Window(Home).Property(NextAired.27.ep_img)]</icon>
          <thumb>$INFO[Window(Home).Property(NextAired.27.Showpath),,logo.png]</thumb>
          <property name="Airtime">$INFO[Window(Home).Property(NextAired.27.Airtime)]</property>
          <property name="NextDate">$INFO[Window(Home).Property(NextAired.27.NextDate)]</property>
          <property name="NextTitle">$INFO[Window(Home).Property(NextAired.27.NextTitle)]</property>
          <property name="NextNumber">$INFO[Window(Home).Property(NextAired.27.NextNumber)]</property>
          <property name="LatestDate">$INFO[Window(Home).Property(NextAired.27.LatestDate)]</property>
          <property name="LatestTitle">$INFO[Window(Home).Property(NextAired.27.LatestTitle)]</property>
          <property name="LatestNumber">$INFO[Window(Home).Property(NextAired.27.LatestNumber)]</property>
          <property name="Status">$INFO[Window(Home).Property(NextAired.27.Status)]</property>
          <property name="Started">$INFO[Window(Home).Property(NextAired.27.Started)]</property>
          <property name="Genres">$INFO[Window(Home).Property(NextAired.27.Genres)]</property>
          <property name="Premiered">$INFO[Window(Home).Property(NextAired.27.Premiered)]</property>
          <property name="Country">$INFO[Window(Home).Property(NextAired.27.Country)]</property>
          <property name="Runtime">$INFO[Window(Home).Property(NextAired.27.Runtime)]</property>
          <visible>!IsEmpty(Window(Home).Property(NextAired.27.ShowTitle))</visible>
        </item>
        <item id="28">
          <label>$INFO[Window(Home).Property(NextAired.28.ShowTitle)]</label>
          <label2>$INFO[Window(Home).Property(NextAired.28.Network)]</label2>
          <onclick>-</onclick>
          <icon>$INFO[Window(Home).Property(NextAired.28.ep_img)]</icon>
          <thumb>$INFO[Window(Home).Property(NextAired.28.Showpath),,logo.png]</thumb>
          <property name="Airtime">$INFO[Window(Home).Property(NextAired.28.Airtime)]</property>
          <property name="NextDate">$INFO[Window(Home).Property(NextAired.28.NextDate)]</property>
          <property name="NextTitle">$INFO[Window(Home).Property(NextAired.28.NextTitle)]</property>
          <property name="NextNumber">$INFO[Window(Home).Property(NextAired.28.NextNumber)]</property>
          <property name="LatestDate">$INFO[Window(Home).Property(NextAired.28.LatestDate)]</property>
          <property name="LatestTitle">$INFO[Window(Home).Property(NextAired.28.LatestTitle)]</property>
          <property name="LatestNumber">$INFO[Window(Home).Property(NextAired.28.LatestNumber)]</property>
          <property name="Status">$INFO[Window(Home).Property(NextAired.28.Status)]</property>
          <property name="Started">$INFO[Window(Home).Property(NextAired.28.Started)]</property>
          <property name="Genres">$INFO[Window(Home).Property(NextAired.28.Genres)]</property>
          <property name="Premiered">$INFO[Window(Home).Property(NextAired.28.Premiered)]</property>
          <property name="Country">$INFO[Window(Home).Property(NextAired.28.Country)]</property>
          <property name="Runtime">$INFO[Window(Home).Property(NextAired.28.Runtime)]</property>
          <visible>!IsEmpty(Window(Home).Property(NextAired.28.ShowTitle))</visible>
        </item>
        <item id="29">
          <label>$INFO[Window(Home).Property(NextAired.29.ShowTitle)]</label>
          <label2>$INFO[Window(Home).Property(NextAired.29.Network)]</label2>
          <onclick>-</onclick>
          <icon>$INFO[Window(Home).Property(NextAired.29.ep_img)]</icon>
          <thumb>$INFO[Window(Home).Property(NextAired.29.Showpath),,logo.png]</thumb>
          <property name="Airtime">$INFO[Window(Home).Property(NextAired.29.Airtime)]</property>
          <property name="NextDate">$INFO[Window(Home).Property(NextAired.29.NextDate)]</property>
          <property name="NextTitle">$INFO[Window(Home).Property(NextAired.29.NextTitle)]</property>
          <property name="NextNumber">$INFO[Window(Home).Property(NextAired.29.NextNumber)]</property>
          <property name="LatestDate">$INFO[Window(Home).Property(NextAired.29.LatestDate)]</property>
          <property name="LatestTitle">$INFO[Window(Home).Property(NextAired.29.LatestTitle)]</property>
          <property name="LatestNumber">$INFO[Window(Home).Property(NextAired.29.LatestNumber)]</property>
          <property name="Status">$INFO[Window(Home).Property(NextAired.29.Status)]</property>
          <property name="Started">$INFO[Window(Home).Property(NextAired.29.Started)]</property>
          <property name="Genres">$INFO[Window(Home).Property(NextAired.29.Genres)]</property>
          <property name="Premiered">$INFO[Window(Home).Property(NextAired.29.Premiered)]</property>
          <property name="Country">$INFO[Window(Home).Property(NextAired.29.Country)]</property>
          <property name="Runtime">$INFO[Window(Home).Property(NextAired.29.Runtime)]</property>
          <visible>!IsEmpty(Window(Home).Property(NextAired.29.ShowTitle))</visible>
        </item>
        <item id="30">
          <label>$INFO[Window(Home).Property(NextAired.30.ShowTitle)]</label>
          <label2>$INFO[Window(Home).Property(NextAired.30.Network)]</label2>
          <onclick>-</onclick>
          <icon>$INFO[Window(Home).Property(NextAired.30.ep_img)]</icon>
          <thumb>$INFO[Window(Home).Property(NextAired.30.Showpath),,logo.png]</thumb>
          <property name="Airtime">$INFO[Window(Home).Property(NextAired.30.Airtime)]</property>
          <property name="NextDate">$INFO[Window(Home).Property(NextAired.30.NextDate)]</property>
          <property name="NextTitle">$INFO[Window(Home).Property(NextAired.30.NextTitle)]</property>
          <property name="NextNumber">$INFO[Window(Home).Property(NextAired.30.NextNumber)]</property>
          <property name="LatestDate">$INFO[Window(Home).Property(NextAired.30.LatestDate)]</property>
          <property name="LatestTitle">$INFO[Window(Home).Property(NextAired.30.LatestTitle)]</property>
          <property name="LatestNumber">$INFO[Window(Home).Property(NextAired.30.LatestNumber)]</property>
          <property name="Status">$INFO[Window(Home).Property(NextAired.30.Status)]</property>
          <property name="Started">$INFO[Window(Home).Property(NextAired.30.Started)]</property>
          <property name="Genres">$INFO[Window(Home).Property(NextAired.30.Genres)]</property>
          <property name="Premiered">$INFO[Window(Home).Property(NextAired.30.Premiered)]</property>
          <property name="Country">$INFO[Window(Home).Property(NextAired.30.Country)]</property>
          <property name="Runtime">$INFO[Window(Home).Property(NextAired.30.Runtime)]</property>
          <visible>!IsEmpty(Window(Home).Property(NextAired.30.ShowTitle))</visible>
        </item>
      </content>
    </control>
  </controls>
</window>