<window id="25">
  <defaultcontrol always="true">9999</defaultcontrol>
  <allowoverlay>no</allowoverlay>
  <views>50,51,501,504,503,500,508,509,505,511,550</views>
  <controls>
    <control type="button" id="9999">
      <description>trigger</description>
      <onfocus>XBMC.RunScript(script.TvTunes,backend=True)</onfocus>
      <onfocus>SetFocus(50)</onfocus>
      <texturenofocus>-</texturenofocus>
      <texturefocus>-</texturefocus>
      <visible>Skin.HasSetting(tv_theme)</visible>
      <enable>Skin.HasSetting(tv_theme)</enable>
    </control>
    <control type="button" id="9999">
      <description>trigger</description>
      <onfocus>SetFocus(50)</onfocus>
      <texturenofocus>-</texturenofocus>
      <texturefocus>-</texturefocus>
      <visible>!Skin.HasSetting(tv_theme)</visible>
      <enable>!Skin.HasSetting(tv_theme)</enable>
    </control>
    <include>CaseLabel</include>
    <include>CommonVideoBackground</include>
    <control type="group">
	    <description>Fanart</description>	
      <include>Animation_OpenCloseZoom</include>
      <control type="image">
        <posx>0</posx>
        <posy>0</posy>
        <width>1280</width>
        <height>720</height>
        <texture background="true">$INFO[ListItem.Property(Fanart_Image)]</texture>
        <include>backgroundfade</include>
        <fadetime>FanartCrossfadeTime</fadetime>
        <include condition="Skin.HasSetting(animatedbg)">Animation_Background</include>
        <visible>!Skin.HasSetting(VideoLibraryMovieFanart)</visible>
        <visible>Container.Content(Movies) |stringcompare(ListItem.Path,script://) |  stringcompare(ListItem.Path,plugin://)</visible>
      </control>
      <control type="image">
        <posx>0</posx>
        <posy>0</posy>
        <width>1280</width>
        <height>720</height>
        <texture background="true">$INFO[ListItem.Property(Fanart_Image)]</texture>
        <include>backgroundfade</include>
        <include condition="Skin.HasSetting(animatedbg)">Animation_Background</include>
        <fadetime>FanartCrossfadeTime</fadetime>
        <visible>!Skin.HasSetting(VideoLibraryTVFanart)</visible>
        <visible>Container.Content(TVShows) | [Container.Content(Episodes) + stringcompare(Container.FolderPath,videodb://5/)]</visible>
      </control>
      <control type="image">
        <posx>0</posx>
        <posy>0</posy>
        <width>1280</width>
        <height>720</height>
        <info>Fanart.Image</info>
        <texture background="true">$INFO[Fanart.Image]</texture>
        <include>backgroundfade</include>
        <include condition="Skin.HasSetting(animatedbg)">Animation_Background</include>
        <fadetime>FanartCrossfadeTime</fadetime>
        <visible>!Skin.HasSetting(VideoLibraryTVFanart)</visible>
        <visible>Container.Content(Seasons) | [Container.Content(Episodes) + !stringcompare(Container.FolderPath,videodb://5/)]</visible>
      </control>
      <control type="image">
        <posx>0</posx>
        <posy>0</posy>
        <width>1280</width>
        <height>720</height>
        <texture background="true">$INFO[ListItem.Path]$INFO[ListItem.Label,,/fanart.jpg]</texture>
        <include>backgroundfade</include>
        <include condition="Skin.HasSetting(animatedbg)">Animation_Background</include>
        <fadetime>FanartCrossfadeTime</fadetime>
        <visible>!Skin.HasSetting(VideoLibraryTVFanart)</visible>
        <visible>Container.Content(seasons)</visible>
      </control>
      <control type="image">
        <posx>0</posx>
        <posy>0</posy>
        <width>1280</width>
        <height>720</height>
        <texture background="true">$INFO[ListItem.Path,,fanart.jpg]</texture>
        <include condition="Skin.HasSetting(animatedbg)">Animation_Background</include>
        <include>backgroundfade</include>
        <fadetime>FanartCrossfadeTime</fadetime>
        <visible>!Skin.HasSetting(VideoLibraryTVFanart)</visible>
        <visible>Container.Content(episodes)</visible>
      </control>
      <control type="image">
        <posx>0</posx>
        <posy>0</posy>
        <width>1280</width>
        <height>720</height>
        <texture background="true">$INFO[ListItem.Property(Fanart_Image)]</texture>
        <include condition="Skin.HasSetting(animatedbg)">Animation_Background</include>
        <include>backgroundfade</include>
        <fadetime>FanartCrossfadeTime</fadetime>
        <visible>!Skin.HasSetting(VideoLibraryMusicVideoFanart)</visible>
        <visible>Container.Content(MusicVideos) | Container.Content(Artists) | Container.Content(Albums)</visible>
      </control>
    </control>
    <control type="image" id="197">
      <posx>0</posx>
      <posy>0</posy>
      <width>0</width>
      <height>0</height>
      <texture>-</texture>
      <visible>[!Container.OnNext + !Container.OnPrevious+Skin.HasSetting(infopaneauto)+Container.Content(movies)]|[!Skin.HasSetting(infopaneauto)+Container.Content(movies)]</visible>
      <animation effect="fade" start="0" end="100" time="150" delay="1000" condition="Skin.HasSetting(1sec)">Visible</animation>
      <animation effect="fade" start="0" end="100" time="150" delay="2000" condition="Skin.HasSetting(2sec)">Visible</animation>
      <animation effect="fade" start="0" end="100" time="150" delay="3000" condition="Skin.HasSetting(3sec)">Visible</animation>
      <animation effect="fade" start="0" end="100" time="150" delay="4000" condition="Skin.HasSetting(4sec)">Visible</animation>
      <animation effect="fade" start="0" end="100" time="150" delay="5000" condition="Skin.HasSetting(5sec)">Visible</animation>
    </control>
    <control type="image" id="198">
      <posx>0</posx>
      <posy>0</posy>
      <width>0</width>
      <height>0</height>
      <texture>-</texture>
      <visible>[!Container.OnNext + !Container.OnPrevious+Skin.HasSetting(infopaneautotv)+Container.Content(tvshows)]|[!Skin.HasSetting(infopaneautotv)+Container.Content(tvshows)|Container.Content(seasons)|Container.Content(episodes)]</visible>
      <animation effect="fade" start="0" end="100" time="150" delay="1000" condition="Skin.HasSetting(1sec)">Visible</animation>
      <animation effect="fade" start="0" end="100" time="150" delay="2000" condition="Skin.HasSetting(2sec)">Visible</animation>
      <animation effect="fade" start="0" end="100" time="150" delay="3000" condition="Skin.HasSetting(3sec)">Visible</animation>
      <animation effect="fade" start="0" end="100" time="150" delay="4000" condition="Skin.HasSetting(4sec)">Visible</animation>
      <animation effect="fade" start="0" end="100" time="150" delay="5000" condition="Skin.HasSetting(5sec)">Visible</animation>
    </control>
    <control type="group">
      <include>Animation_OpenCloseZoom</include>
      <visible>Control.IsVisible(508)|Control.IsVisible(503)|Control.IsVisible(509)|Control.IsVisible(504)|Control.IsVisible(501)</visible>
      <include>Furniture_Showcase</include>
    </control>
    <control type="group">
      <include>Animation_OpenCloseZoom</include>
      <visible>Control.IsVisible(508)|Control.IsVisible(503)|Control.IsVisible(509)|Control.IsVisible(504)|Control.IsVisible(501)</visible>
      <include>ShowcaseInfoPaneMovies</include>
      <animation effect="slide" end="0,30"  time="400" easing="inout" tween="cubic" condition="Control.IsVisible(503)|Control.IsVisible(508)">Conditional</animation>
    </control>
    <control type="group">
      <include>Animation_OpenCloseZoom</include>
      <include>CommonRootView</include>
      <!-- view id = 50 -->
      <include condition="!Skin.HasSetting(DisableWallVL)">Viewtype_Wall</include>
      <!-- view id = 500 -->
      <include condition="!Skin.HasSetting(DisableShowCaseVL)">Showcase</include>
      <!-- view id = 501 Showcase-->
      <include condition="!Skin.HasSetting(DisableBannersVL)">Banners</include>
      <!-- view id = 508 Bannerview-->
      <include condition="!Skin.HasSetting(DisableLandscapeVL)">MediaListView3</include>
      <!-- view id = 503 Fanart-->
      <include condition="!Skin.HasSetting(DisableDVDCaseVL)">ShowcaseDVD</include>
      <!-- view id = 504 Showcase DVD-->
      <include condition="!Skin.HasSetting(DisableInfoListVL)">InfoList</include>
      <!-- view id = 505 -->
      <include condition="!Skin.HasSetting(DisableLowListVL)">LowList</include>
      <!-- view id = 511 -->
      <include condition="!Skin.HasSetting(DisableBannerWallVL)">BannerWall</include>
      <!-- view id = 51 -->
      <include condition="!Skin.HasSetting(DisablePanelVL)">Panel</include>
      <!-- view id = 550 -->
      <include condition="stringcompare(Container.FolderPath,addons://sources/video/)">ShowcaseQuadrate</include>
      <!--<include>LiveTVView1</include>-->
      <!-- view id = 560 -->
    </control>
    <include>ScrollOffsetLabel</include>
    <control type="group">
      <description>Invisible buttons for trailer</description>
    <control type="button" id="7000">
      <texturefocus>-</texturefocus>
      <texturenofocus>-</texturenofocus>
      <onfocus>SetFocus(7001)</onfocus>
      <visible>!IsEmpty(ListItem.Trailer)+[Container.Content(movies)+Skin.HasSetting(showcaseinfoon)+[Control.IsVisible(501)|Control.IsVisible(504)|Control.IsVisible(503)]|Control.IsVisible(511)|Control.IsVisible(550)]</visible>
    </control>
    <control type="button" id="7000">
      <texturefocus>-</texturefocus>
      <texturenofocus>-</texturenofocus>
      <onfocus>SetFocus(9000)</onfocus>
      <visible>IsEmpty(ListItem.Trailer)+[Container.Content(movies)+Skin.HasSetting(showcaseinfoon)+[Control.IsVisible(501)|Control.IsVisible(504)|Control.IsVisible(503)]|Control.IsVisible(511)|Control.IsVisible(550)]</visible>
    </control>
    <control type="button" id="7000">
      <texturefocus>-</texturefocus>
      <texturenofocus>-</texturenofocus>
      <onup>SetFocus(9000)</onup>
      <onleft>Control.Move(501,-1)</onleft>
      <onright>Control.Move(501,1)</onright>
      <ondown>SetFocus(50)</ondown>
      <onclick>PlayMedia($INFO[ListItem.FileNameAndPath])</onclick>
      <visible>!Skin.HasSetting(showcaseinfoon)+Container.Content(movies)+Control.IsVisible(501)+IsEmpty(ListItem.Trailer)</visible>
    </control>
    <control type="button" id="7000">
        <texturefocus>-</texturefocus>
        <texturenofocus>-</texturenofocus>
        <onup>SetFocus(7001)</onup>
        <onleft>Control.Move(501,-1)</onleft>
        <onright>Control.Move(501,1)</onright>
        <ondown>SetFocus(50)</ondown>
      <onclick>PlayMedia($INFO[ListItem.FileNameAndPath])</onclick>
      <visible>!Skin.HasSetting(showcaseinfoon)+Container.Content(movies)+Control.IsVisible(501)+!IsEmpty(ListItem.Trailer)</visible>
      </control>
      <control type="button" id="7000">
        <texturefocus>-</texturefocus>
        <texturenofocus>-</texturenofocus>
        <onup>SetFocus(9000)</onup>
        <onleft>Control.Move(504,-1)</onleft>
        <onright>Control.Move(504,1)</onright>
        <ondown>SetFocus(50)</ondown>
        <onclick>PlayMedia($INFO[ListItem.FileNameAndPath])</onclick>
        <visible>!Skin.HasSetting(showcaseinfoon)+Container.Content(movies)+Control.IsVisible(504)+IsEmpty(ListItem.Trailer)</visible>
      </control>
      <control type="button" id="7000">
        <texturefocus>-</texturefocus>
        <texturenofocus>-</texturenofocus>
        <onup>SetFocus(7001)</onup>
        <onleft>Control.Move(504,-1)</onleft>
        <onright>Control.Move(504,1)</onright>
        <ondown>SetFocus(50)</ondown>
        <onclick>PlayMedia($INFO[ListItem.FileNameAndPath])</onclick>
        <visible>!Skin.HasSetting(showcaseinfoon)+Container.Content(movies)+Control.IsVisible(504)+!IsEmpty(ListItem.Trailer)</visible>
      </control>
      <control type="button" id="7000">
        <texturefocus>-</texturefocus>
        <texturenofocus>-</texturenofocus>
        <onup>SetFocus(9000)</onup>
        <onleft>Control.Move(503,-1)</onleft>
        <onright>Control.Move(503,1)</onright>
        <ondown>SetFocus(50)</ondown>
        <onclick>PlayMedia($INFO[ListItem.FileNameAndPath])</onclick>
        <visible>!Skin.HasSetting(showcaseinfoon)+Container.Content(movies)+Control.IsVisible(503)+IsEmpty(ListItem.Trailer)</visible>
      </control>
      <control type="button" id="7000">
        <texturefocus>-</texturefocus>
        <texturenofocus>-</texturenofocus>
        <onup>SetFocus(7001)</onup>
        <onleft>Control.Move(503,-1)</onleft>
        <onright>Control.Move(503,1)</onright>
        <ondown>SetFocus(50)</ondown>
        <onclick>PlayMedia($INFO[ListItem.FileNameAndPath])</onclick>
        <visible>!Skin.HasSetting(showcaseinfoon)+Container.Content(movies)+Control.IsVisible(503)+!IsEmpty(ListItem.Trailer)</visible>
      </control>
     <control type="button" id="7000">
        <texturefocus>-</texturefocus>
        <texturenofocus>-</texturenofocus>
       <onclick>SetFocus(50)</onclick>
       <onup>SetFocus(9000)</onup>
        <onleft>Control.Move(501,-1)</onleft>
        <onright>Control.Move(501,1)</onright>
        <ondown>SetFocus(50)</ondown>
       <visible>!Skin.HasSetting(showcaseinfoontv)+Container.Content(tvshows)+Control.IsVisible(501)</visible>
      </control>
      <control type="button" id="7000">
        <texturefocus>-</texturefocus>
        <texturenofocus>-</texturenofocus>
        <onclick>SetFocus(50)</onclick>
        <onup>SetFocus(9000)</onup>
        <onleft>Control.Move(504,-1)</onleft>
        <onright>Control.Move(504,1)</onright>
        <ondown>SetFocus(50)</ondown>
        <visible>!Skin.HasSetting(showcaseinfoontv)+Container.Content(tvshows)+Control.IsVisible(504)</visible>
      </control>
      <control type="button" id="7000">
        <texturefocus>-</texturefocus>
        <texturenofocus>-</texturenofocus>
        <onfocus>SetFocus(9000)</onfocus>
        <visible>[Container.Content(tvshows)|Container.Content(seasons)|Container.Content(episodes)]+[Control.IsVisible(501)|Control.IsVisible(504)|Control.IsVisible(503)|Control.IsVisible(508)]</visible>
      </control>
      <control type="button" id="7002">
        <texturefocus>-</texturefocus>
        <texturenofocus>-</texturenofocus>
        <onup>Control.Move(511,-1)</onup>
        <onleft>SetFocus(50)</onleft>
        <onright>SetFocus(9000)</onright>
        <ondown>Control.Move(511,1)</ondown>
        <onclick>PlayMedia($INFO[ListItem.FileNameAndPath])</onclick>
        <visible>Control.IsVisible(511)+!Container.Content(seasons)+!Container.Content(tvshows)</visible>
      </control>
    <control type="button" id="7001">
      <posx>495</posx>
      <posy>355</posy>
      <texturefocus>-</texturefocus>
      <texturenofocus>-</texturenofocus>
      <align>center</align>
      <aligny>center</aligny>
      <scroll>true</scroll>
      <width>290</width>
      <height>32</height>
      <onleft>SetFocus(9000)</onleft>
      <onright>SetFocus(50)</onright>
      <ondown>SetFocus(50)</ondown>
      <onup>SetFocus(9000)</onup>
      <onclick>PlayMedia($INFO[ListItem.Trailer],1)</onclick>
      <font>Font_MultiplexPlot</font>
      <label>-</label>
      <visible allowhiddenfocus="true">!IsEmpty(ListItem.Trailer) + !Player.HasVideo  + Control.HasFocus(7001)</visible>
      <colordiffuse>d0FFFFFF</colordiffuse>
      <animation effect="fade" start="0" end="100" time="400">VisibleChange</animation>
      <animation effect="fade" start="40" time="600" condition="Control.HasFocus(7001)" pulse="true">Conditional</animation>
    </control>
    </control>
    <control type="group">
      <include>Animation_OpenCloseZoom</include>
      <visible>Control.IsVisible(508)|Control.IsVisible(503)|Control.IsVisible(509)|Control.IsVisible(504)|Control.IsVisible(501)|Control.IsVisible(51)|Control.IsVisible(500)</visible>
      <include>FloorFlags</include>
    </control>
    <control type="group">
      <include>Animation_OpenCloseZoom</include>
      <visible>Control.IsVisible(508)|Control.IsVisible(503)|Control.IsVisible(509)|Control.IsVisible(504)|Control.IsVisible(501)</visible>
      <include>Furniture_DarkGradient</include>
    </control>
    <include>Media_Menu</include>
    <include condition="Skin.HasSetting(breadcrumb)">Breadcrumbs</include>
    <include>Furniture_NowPlayingWidget</include>
    <include condition="Skin.HasSetting(globaltime)">Furniture_Clock</include>
  </controls>
</window>
