<includes>
  <include name="LowListMusic">
    <control type="group">
      <visible>Control.IsVisible(506)</visible>
      <include>VisibleFadeEffect</include>
      <control type="group">
        <description>Low List Furniture</description>
        <animation effect="slide" start="0,0" end="0,-143" time="150" condition="Skin.HasSetting(highlist)+Control.HasFocus(7002)">Conditional</animation>
        <animation effect="slide" start="0,0" end="0,-33" time="150" condition="!Skin.HasSetting(highlist)+Control.HasFocus(7002)">Conditional</animation>
        <control type="image">
          <description>Low List Spot Light</description>
          <posx>30</posx>
          <posy>503</posy>
          <width>1350</width>
          <height>404</height>
          <texture>views/showcase_spot.png</texture>
          <include>Animation_CommonFade</include>
          <animation effect="slide" start="0,0" end="0,-110" time="150" condition="!Skin.HasSetting(lowlist)">Conditional</animation>
          <animation effect="fade" start="100" end="55" time="50" condition="!Skin.HasSetting(listpanelthin)">Conditional</animation>
          <animation effect="fade" start="100" end="30" time="50" condition="Skin.HasSetting(listpanelthin)">Conditional</animation>
        </control>
        <control type="image">
          <description>Low List Background Panel</description>
          <posx>0</posx>
          <posy>503</posy>
          <width>1280</width>
          <height>404</height>
          <aspectratio scalediffuse="false">stretch</aspectratio>
          <texture>views/lowlist_panelback.png</texture>
          <include>Animation_CommonFade</include>
          <animation effect="slide" start="0,0" end="0,-110" time="150" condition="!Skin.HasSetting(lowlist)">Conditional</animation>
          <animation effect="fade" start="100" end="80" time="50" condition="!Skin.HasSetting(listpanelthin)">Conditional</animation>
          <animation effect="fade" start="100" end="35" time="50" condition="Skin.HasSetting(listpanelthin)">Conditional</animation>
        </control>
        <control type="image">
          <description>Right Full Background Bar</description>
          <posx>993</posx>
          <posy>503</posy>
          <width>97</width>
          <height>327</height>
          <texture>views/listpanel_detailwide.png</texture>
          <include>Animation_HideList</include>
          <animation effect="slide" start="0,0" end="0,-110" time="150" condition="!Skin.HasSetting(lowlist)">Conditional</animation>
        </control>
      </control>
      <control type="group">
        <posx>8</posx>
        <posy>400</posy>
        <visible>Window.IsActive(musicplaylist) | Window.IsActive(musicfiles) | Window.IsActive(musiclibrary)</visible>
        <!--<animation effect="slide" start="0,0" end="0,-110" time="150" condition="!Skin.HasSetting(lowlist)">Conditional</animation>-->
        <animation effect="slide" start="0,0" end="-40,0" time="400" easing="inout" tween="cubic" condition="Control.HasFocus(60)">Conditional</animation>
        <control type="image">
          <description>Square Icon Mask</description>
          <posx>0</posx>
          <posy>0</posy>
          <width>285</width>
          <height>285</height>
          <texture diffuse="thumbs/cdcover_mask.png">common/black.png</texture>
          <bordertexture border="-16">thumbs/cd_shadow.png</bordertexture>
        </control>
        <control type="image">
          <description>Square Icon</description>
          <posx>0</posx>
          <posy>0</posy>
          <width>285</width>
          <height>285</height>
          <aspectratio scalediffuse="false">scale</aspectratio>
          <texture diffuse="thumbs/cdcover_mask.png">$INFO[ListItem.Icon]</texture>
        </control>
        <control type="image">
          <description>Square Icon Glass</description>
          <texture>thumbs/cd_glass_noedge.png</texture>
          <posx>0</posx>
          <posy>0</posy>
          <width>285</width>
          <height>285</height>
        </control>
        <control type="largeimage">
          <description>Square Icon Reflection</description>
          <posy>286</posy>
          <posx>0</posx>
          <width>285</width>
          <height>285</height>
          <texture background="true" flipy="true" diffuse="thumbs/cdcover_mask_reflect.png">$INFO[ListItem.Icon]</texture>
          <colordiffuse>66FFFFFF</colordiffuse>
          <aspectratio scalediffuse="false">stretch</aspectratio>
        </control>
      </control>
      <control type="group">
        <description>Music Flags</description>
        <visible>!Control.HasFocus(7003)</visible>
        <control type="image" id="5092">
          <include>Animation_CommonFade</include>
          <posx>1100</posx>
          <posy>653</posy>
          <width>90</width>
          <height>59</height>
          <colordiffuse>FFe1e1e1</colordiffuse>
          <texture>!flags/music/genre/genre.png</texture>
          <visible>!IsEmpty(ListItem.Genre)</visible>
        </control>
        <control type="label">
          <include>Animation_CommonFade</include>
          <posx>1095</posx>
          <posy>675</posy>
          <width>180</width>
          <height>59</height>
          <font>Font_Reg21</font>
          <textcolor>dcFFFFFF</textcolor>
          <align>center</align>
          <colordiffuse>FFe1e1e1</colordiffuse>
          <label>$INFO[ListItem.Genre]</label>
        </control>
      </control>
      <control type="group">
        <posx>1140</posx>
        <posy>493</posy>
        <animation effect="slide" start="0,0" end="0,65" time="150" condition="Skin.HasSetting(lowlist)">Conditional</animation>
        <control type="image" id="5094">
          <width>90</width>
          <height>59</height>
          <colordiffuse>FFe1e1e1</colordiffuse>
          <fadetime>IconCrossfadeTime2</fadetime>
          <include>Animation_CommonFade</include>
          <texture>flags/music/audiocodec/AAC.png</texture>
          <visible>substring(ListItem.filename,.aac)</visible>
        </control>
        <control type="image" id="5094">
          <width>90</width>
          <height>59</height>
          <colordiffuse>FFe1e1e1</colordiffuse>
          <fadetime>IconCrossfadeTime2</fadetime>
          <include>Animation_CommonFade</include>
          <texture>flags/music/audiocodec/AC3.png</texture>
          <visible>substring(ListItem.filename,.ac3)</visible>
        </control>
        <control type="image" id="5094">
          <width>90</width>
          <height>59</height>
          <colordiffuse>FFe1e1e1</colordiffuse>
          <fadetime>IconCrossfadeTime2</fadetime>
          <include>Animation_CommonFade</include>
          <texture>flags/music/audiocodec/AIF.png</texture>
          <visible>substring(ListItem.filename,.aif) + ![substring(ListItem.filename,.aifc)  | substring(ListItem.filename,.aiff) ]</visible>
        </control>
        <control type="image" id="5094">
          <width>90</width>
          <height>59</height>
          <colordiffuse>FFe1e1e1</colordiffuse>
          <fadetime>IconCrossfadeTime2</fadetime>
          <include>Animation_CommonFade</include>
          <texture>flags/music/audiocodec/AIFC.png</texture>
          <visible>substring(ListItem.filename,.aifc)</visible>
        </control>
        <control type="image" id="5094">
          <width>90</width>
          <height>59</height>
          <colordiffuse>FFe1e1e1</colordiffuse>
          <fadetime>IconCrossfadeTime2</fadetime>
          <include>Animation_CommonFade</include>
          <texture>flags/music/audiocodec/AIFF.png</texture>
          <visible>substring(ListItem.filename,.aiff)</visible>
        </control>
        <control type="image" id="5094">
          <width>90</width>
          <height>59</height>
          <colordiffuse>FFe1e1e1</colordiffuse>
          <fadetime>IconCrossfadeTime2</fadetime>
          <include>Animation_CommonFade</include>
          <texture>flags/music/audiocodec/AVS.png</texture>
          <visible>substring(ListItem.filename,.avs)</visible>
        </control>
        <control type="image" id="5094">
          <width>90</width>
          <height>59</height>
          <colordiffuse>FFe1e1e1</colordiffuse>
          <fadetime>IconCrossfadeTime2</fadetime>
          <include>Animation_CommonFade</include>
          <texture>flags/music/audiocodec/APE.png</texture>
          <visible>substring(ListItem.filename,.ape)</visible>
        </control>
        <control type="image" id="5094">
          <width>90</width>
          <height>59</height>
          <colordiffuse>FFe1e1e1</colordiffuse>
          <fadetime>IconCrossfadeTime2</fadetime>
          <include>Animation_CommonFade</include>
          <texture>flags/music/audiocodec/CDDA.png</texture>
          <visible>substring(ListItem.filename,.cdda)</visible>
        </control>
        <control type="image" id="5094">
          <width>90</width>
          <height>59</height>
          <colordiffuse>FFe1e1e1</colordiffuse>
          <fadetime>IconCrossfadeTime2</fadetime>
          <include>Animation_CommonFade</include>
          <texture>flags/music/audiocodec/DTS.png</texture>
          <visible>substring(ListItem.filename,.dts)</visible>
        </control>
        <control type="image" id="5094">
          <width>90</width>
          <height>59</height>
          <colordiffuse>FFe1e1e1</colordiffuse>
          <fadetime>IconCrossfadeTime2</fadetime>
          <include>Animation_CommonFade</include>
          <texture>flags/music/audiocodec/FLAC.png</texture>
          <visible>substring(ListItem.filename,.flac)</visible>
        </control>
        <control type="image" id="5094">
          <width>90</width>
          <height>59</height>
          <colordiffuse>FFe1e1e1</colordiffuse>
          <fadetime>IconCrossfadeTime2</fadetime>
          <include>Animation_CommonFade</include>
          <texture>flags/music/audiocodec/M4A.png</texture>
          <visible>substring(ListItem.filename,.m4a)</visible>
        </control>
        <control type="image" id="5094">
          <width>90</width>
          <height>59</height>
          <colordiffuse>FFe1e1e1</colordiffuse>
          <fadetime>IconCrossfadeTime2</fadetime>
          <include>Animation_CommonFade</include>
          <texture>flags/music/audiocodec/MLP.png</texture>
          <visible>substring(ListItem.filename,.mlp)</visible>
        </control>
        <control type="image" id="5094">
          <width>90</width>
          <height>59</height>
          <colordiffuse>FFe1e1e1</colordiffuse>
          <fadetime>IconCrossfadeTime2</fadetime>
          <include>Animation_CommonFade</include>
          <texture>flags/music/audiocodec/MP2.png</texture>
          <visible>substring(ListItem.filename,.mp2)</visible>
        </control>
        <control type="image" id="5094">
          <width>90</width>
          <height>59</height>
          <colordiffuse>FFe1e1e1</colordiffuse>
          <fadetime>IconCrossfadeTime2</fadetime>
          <include>Animation_CommonFade</include>
          <texture>flags/music/audiocodec/MP3.png</texture>
          <visible>substring(ListItem.filename,.mp3)</visible>
        </control>
        <control type="image" id="5094">
          <width>90</width>
          <height>59</height>
          <colordiffuse>FFe1e1e1</colordiffuse>
          <fadetime>IconCrossfadeTime2</fadetime>
          <include>Animation_CommonFade</include>
          <texture>flags/music/audiocodec/MPC.png</texture>
          <visible>substring(ListItem.filename,.mpc)</visible>
        </control>
        <control type="image" id="5094">
          <width>90</width>
          <height>59</height>
          <colordiffuse>FFe1e1e1</colordiffuse>
          <fadetime>IconCrossfadeTime2</fadetime>
          <include>Animation_CommonFade</include>
          <texture>flags/music/audiocodec/OGG.png</texture>
          <visible>substring(ListItem.filename,.ogg)</visible>
        </control>
        <control type="image" id="5094">
          <width>90</width>
          <height>59</height>
          <colordiffuse>FFe1e1e1</colordiffuse>
          <fadetime>IconCrossfadeTime2</fadetime>
          <include>Animation_CommonFade</include>
          <texture>flags/music/audiocodec/RA.png</texture>
          <visible>substring(ListItem.filename,.ra)</visible>
        </control>
        <control type="image" id="5094">
          <width>90</width>
          <height>59</height>
          <colordiffuse>FFe1e1e1</colordiffuse>
          <fadetime>IconCrossfadeTime2</fadetime>
          <include>Animation_CommonFade</include>
          <texture>flags/music/audiocodec/SHN.png</texture>
          <visible>substring(ListItem.filename,.shn)</visible>
        </control>
        <control type="image" id="5094">
          <width>90</width>
          <height>59</height>
          <colordiffuse>FFe1e1e1</colordiffuse>
          <fadetime>IconCrossfadeTime2</fadetime>
          <include>Animation_CommonFade</include>
          <texture>flags/music/audiocodec/WAV.png</texture>
          <visible>substring(ListItem.filename,.wav)</visible>
        </control>
        <control type="image" id="5094">
          <width>90</width>
          <height>59</height>
          <colordiffuse>FFe1e1e1</colordiffuse>
          <fadetime>IconCrossfadeTime2</fadetime>
          <include>Animation_CommonFade</include>
          <texture>flags/music/audiocodec/WMA.png</texture>
          <visible>substring(ListItem.filename,.wma)</visible>
        </control>
        <control type="image" id="5094">
          <width>90</width>
          <height>59</height>
          <colordiffuse>FFe1e1e1</colordiffuse>
          <fadetime>IconCrossfadeTime2</fadetime>
          <include>Animation_CommonFade</include>
          <texture>flags/music/audiocodec/WV.png</texture>
          <visible>substring(ListItem.filename,.wv)</visible>
        </control>
      </control>
      <control type="group">
        <description>Music Flags</description>
        <control type="group">
          <posx>1140</posx>
          <posy>593</posy>
          <animation effect="slide" start="0,0" end="0,5" time="150" condition="Container.Content(albums)">Conditional</animation>
          <animation effect="slide" start="0,0" end="0,20" time="150" condition="Skin.HasSetting(lowlist)+!Container.Content(albums)">Conditional</animation>
          <control type="image">
            <include>Animation_CommonFade</include>
            <width>90</width>
            <height>59</height>
            <colordiffuse>FFe1e1e1</colordiffuse>
            <fadetime>IconCrossfadeTime2</fadetime>
            <texture>flags/music/rating/rating0.png</texture>
            <visible>!IsEmpty(ListItem.Title)</visible>
          </control>
          <control type="image">
            <include>Animation_CommonFade</include>
            <width>90</width>
            <height>59</height>
            <colordiffuse>FFe1e1e1</colordiffuse>
            <fadetime>IconCrossfadeTime2</fadetime>
            <texture>flags/music/rating/rating1.png</texture>
            <visible>substring(ListItem.Rating,1)</visible>
          </control>
          <control type="image">
            <include>Animation_CommonFade</include>
            <width>90</width>
            <height>59</height>
            <colordiffuse>FFe1e1e1</colordiffuse>
            <fadetime>IconCrossfadeTime2</fadetime>
            <texture>flags/music/rating/rating2.png</texture>
            <visible>substring(ListItem.Rating,2)</visible>
          </control>
          <control type="image">
            <include>Animation_CommonFade</include>
            <width>90</width>
            <height>59</height>
            <colordiffuse>FFe1e1e1</colordiffuse>
            <fadetime>IconCrossfadeTime2</fadetime>
            <texture>flags/music/rating/rating3.png</texture>
            <visible>substring(ListItem.Rating,3)</visible>
          </control>
          <control type="image">
            <include>Animation_CommonFade</include>
            <width>90</width>
            <height>59</height>
            <colordiffuse>FFe1e1e1</colordiffuse>
            <fadetime>IconCrossfadeTime2</fadetime>
            <texture>flags/music/rating/rating4.png</texture>
            <visible>substring(ListItem.Rating,4)</visible>
          </control>
          <control type="image">
            <include>Animation_CommonFade</include>
            <width>90</width>
            <height>59</height>
            <colordiffuse>FFe1e1e1</colordiffuse>
            <fadetime>IconCrossfadeTime2</fadetime>
            <texture>flags/music/rating/rating5.png</texture>
            <visible>substring(ListItem.Rating,5)</visible>
          </control>
        </control>
        <control type="image">
          <include>Animation_CommonFade</include>
          <posx>1140</posx>
          <posy>393</posy>
          <width>90</width>
          <height>59</height>
          <colordiffuse>FFe1e1e1</colordiffuse>
          <texture>flags/music/year/year.png</texture>
          <visible>!IsEmpty(ListItem.Year)+Container.Content(songs)</visible>
          <animation effect="slide" start="0,0" end="0,110" time="150" condition="Skin.HasSetting(lowlist)">Conditional</animation>
        </control>
        <control type="label">
          <include>Animation_CommonFade</include>
          <posx>1140</posx>
          <posy>409</posy>
          <width>90</width>
          <height>59</height>
          <font>Font_Reg21</font>
          <textcolor>dcFFFFFF</textcolor>
          <align>center</align>
          <colordiffuse>FFe1e1e1</colordiffuse>
          <visible>!IsEmpty(ListItem.Year)+Container.Content(songs)</visible>
          <label>$INFO[ListItem.Year]</label>
          <fadetime>250</fadetime>
          <animation effect="slide" start="0,0" end="0,110" time="150" condition="Skin.HasSetting(lowlist)">Conditional</animation>
        </control>

        <control type="image" id="5094">
          <posx>1140</posx>
          <posy>523</posy>
          <width>90</width>
          <height>59</height>
          <colordiffuse>FFe1e1e1</colordiffuse>
          <texture fallback="flags/source/defaultsource.png">$INFO[ListItem.Property(Album_Label),flags/music/recordlabel/,.png]</texture>
          <fadetime>250</fadetime>
          <visible>!IsEmpty(ListItem.Property(Album_Label))+Container.Content(albums)</visible>
        </control>
      </control>
      <control type="fixedlist" id="506">
        <posx>300</posx>
        <posy>503</posy>
        <width>851</width>
        <height>320</height>
        <onleft>60</onleft>
        <onright>SetFocus(9000)</onright>
        <onup>506</onup>
        <ondown>506</ondown>
        <viewtype label="$LOCALIZE[31153]">list</viewtype>
        <pagecontrol>60</pagecontrol>
        <focusposition>1</focusposition>
        <scrolltime>200</scrolltime>
        <visible>Container.Content(albums)|Container.Content(Songs) | Window.IsVisible(MusicPlaylist) | Window.IsVisible(MusicFiles)</visible>
        <animation effect="slide" start="0,0" end="0,-110" time="150" condition="!Skin.HasSetting(lowlist)">Conditional</animation>
        <itemlayout height="44" width="850">
          <control type="image">
            <posx>1</posx>
            <posy>43</posy>
            <height>1</height>
            <width>790</width>
            <texture background="true">views/listpanel_line.png</texture>
          </control>
          <control type="label">
            <posx>20</posx>
            <posy>0</posy>
            <width>650</width>
            <height>44</height>
            <align>left</align>
            <aligny>center</aligny>
            <include>listcolornofocus</include>
            <font>Font_Bold16</font>
            <label>[UPPERCASE]$INFO[ListItem.Label][/UPPERCASE]</label>
          </control>
          <control type="label">
            <posx>742</posx>
            <posy>0</posy>
            <width>97</width>
            <height>44</height>
            <align>center</align>
            <aligny>center</aligny>
            <include>listcolornofocus</include>
            <font>Font_Bold16</font>
            <label>[UPPERCASE]$INFO[ListItem.Label2][/UPPERCASE]</label>
            <visible>!Container.Content(albums)</visible>
          </control>
          <control type="label">
            <posx>742</posx>
            <posy>0</posy>
            <width>97</width>
            <height>44</height>
            <align>center</align>
            <aligny>center</aligny>
            <include>listcolornofocus</include>
            <font>Font_Bold16</font>
            <label>[UPPERCASE]$INFO[ListItem.Year][/UPPERCASE]</label>
            <visible>Container.Content(albums)</visible>
          </control>
        </itemlayout>
        <focusedlayout height="44" width="550">
          <control type="image">
            <posx>1</posx>
            <posy>43</posy>
            <height>1</height>
            <width>790</width>
            <texture background="true">views/listpanel_line.png</texture>
          </control>
          <control type="image">
            <posx>6</posx>
            <posy>-3</posy>
            <width>783</width>
            <height>50</height>
            <aspectratio scalediffuse="false">scale</aspectratio>
            <texture background="true">views/listpanel_selectbar.png</texture>
          </control>
          <control type="label">
            <posx>20</posx>
            <posy>0</posy>
            <width>650</width>
            <height>44</height>
            <align>left</align>
            <aligny>center</aligny>
            <include>listcolorfocus</include>
            <font>Font_Bold16</font>
            <label>[UPPERCASE]$INFO[ListItem.Label][/UPPERCASE]</label>
          </control>
          <control type="label">
            <posx>742</posx>
            <posy>0</posy>
            <width>97</width>
            <height>44</height>
            <align>center</align>
            <aligny>center</aligny>
            <include>listcolorfocus</include>
            <font>Font_Bold16</font>
            <label>[UPPERCASE]$INFO[ListItem.Year][/UPPERCASE]</label>
            <visible>Container.Content(albums)</visible>
          </control>
          <control type="label">
            <posx>742</posx>
            <posy>0</posy>
            <width>97</width>
            <height>44</height>
            <align>center</align>
            <aligny>center</aligny>
            <include>listcolorfocus</include>
            <font>Font_Bold16</font>
            <label>[UPPERCASE]$INFO[ListItem.Label2][/UPPERCASE]</label>
            <visible>!Container.Content(albums)</visible>
          </control>
        </focusedlayout>
      </control>
      <control type="group">
        <visible>Control.IsVisible(506)</visible>
        <control type="scrollbar" id="60">
          <posx>265</posx>
          <posy>504</posy>
          <width>27</width>
          <height>220</height>
          <texturesliderbackground border="0,14,0,14">views/ScrollBarV.png</texturesliderbackground>
          <texturesliderbar border="2,16,2,16">views/ScrollBarV_bar.png</texturesliderbar>
          <texturesliderbarfocus border="2,16,2,16">views/ScrollBarV_bar_focus.png</texturesliderbarfocus>
          <textureslidernib>views/ScrollBarNib.png</textureslidernib>
          <textureslidernibfocus>views/ScrollBarNib.png</textureslidernibfocus>
          <onleft>SetFocus(9000)</onleft>
          <onright>506</onright>
          <showonepage>false</showonepage>
          <orientation>vertical</orientation>
          <visible allowhiddenfocus="true">Control.HasFocus(60)+Skin.HasSetting(lowlist)</visible>
          <enable>Skin.HasSetting(lowlist)</enable>
          <animation effect="fade" start="0" end="70" time="400">Focus</animation>
        </control>
        <control type="scrollbar" id="60">
          <posx>265</posx>
          <posy>394</posy>
          <width>27</width>
          <height>327</height>
          <texturesliderbackground border="0,14,0,14">views/ScrollBarV.png</texturesliderbackground>
          <texturesliderbar border="2,16,2,16">views/ScrollBarV_bar.png</texturesliderbar>
          <texturesliderbarfocus border="2,16,2,16">views/ScrollBarV_bar_focus.png</texturesliderbarfocus>
          <textureslidernib>views/ScrollBarNib.png</textureslidernib>
          <textureslidernibfocus>views/ScrollBarNib.png</textureslidernibfocus>
          <onleft>SetFocus(9000)</onleft>
          <onright>506</onright>
          <showonepage>false</showonepage>
          <orientation>vertical</orientation>
          <visible allowhiddenfocus="true">Control.HasFocus(60)+!Skin.HasSetting(lowlist)</visible>
          <enable>!Skin.HasSetting(lowlist)</enable>
          <animation effect="fade" start="0" end="70" time="400">Focus</animation>
        </control>
      </control>
    </control>
  </include>
</includes>