<includes>
  <include name="Banners">
    <control type="group">
      <visible>Control.IsVisible(508)</visible>
      <control type="image">
        <posx>40</posx>
        <posy>537</posy>
        <width>33</width>
        <height>37</height>
        <texture>views/multiplex_arrow2.png</texture>
        <include>Animation_HideMultiplex</include>
        <visible>[IntegerGreaterThan(Container(508).NumItems,10) + !system.getbool(filelists.showparentdiritems)] | [IntegerGreaterThan(Container(508).NumItems,9) + system.getbool(filelists.showparentdiritems)]</visible>
      </control>
      <control type="image">
        <posx>1207</posx>
        <posy>537</posy>
        <width>33</width>
        <height>37</height>
        <texture flipx="true">views/multiplex_arrow2.png</texture>
        <include>Animation_HideMultiplex</include>
        <visible>[IntegerGreaterThan(Container(508).NumItems,10) + !system.getbool(filelists.showparentdiritems)] | [IntegerGreaterThan(Container(508).NumItems,9) + system.getbool(filelists.showparentdiritems)]</visible>
      </control>
      <control type="panel" id="508">
        <posx>78</posx>
        <posy>415</posy>
        <width>1125</width>
        <height>245</height>
        <onleft>508</onleft>
        <onright>508</onright>
        <onup>SetFocus(9000)</onup>
        <ondown>62</ondown>
        <orientation>horizontal</orientation>
        <viewtype label="$LOCALIZE[31236]">wide icon</viewtype>
        <pagecontrol>62</pagecontrol>
        <scrolltime>200</scrolltime>
        <focusposition>2</focusposition>
        <preloaditems>2</preloaditems>
        <visible>Container.Content(TVShows)</visible>
        <animation effect="fade" start="100" end="0" time="400" condition="Control.HasFocus(109)">Conditional</animation>
        <itemlayout width="375" height="80">
          <control type="image">
            <posx>5</posx>
            <posy>5</posy>
            <width>365</width>
            <height>70</height>
            <aspectratio scalediffuse="false">scale</aspectratio>
            <texture background="true" diffuse="thumbs/banner_wall_mask.png">DefaultBanner.png</texture>
            <animation effect="fade" start="70" end="70" time="0" condition="true">Conditional</animation>
            <info>ListItem.Thumb</info>
            <visible>!Skin.HasSetting(TVShowsUsePosters)</visible>
          </control>
          <control type="image">
            <posx>5</posx>
            <posy>5</posy>
            <width>365</width>
            <height>70</height>
            <aspectratio scalediffuse="false">stretch</aspectratio>
            <texture background="true" diffuse="thumbs/banner_wall_mask.png">DefaultBanner.png</texture>
            <info>ListItem.Path,,banner.jpg</info>
            <animation effect="fade" start="70" end="70" time="0" condition="true">Conditional</animation>
            <visible>Skin.HasSetting(TVShowsUsePosters)</visible>
          </control>
          <control type="image">
            <posx>330</posx>
            <posy>5</posy>
            <width>40</width>
            <height>40</height>
            <texture>thumbs/OverlayWatched.png</texture>
            <visible>!IsEmpty(ListItem.Overlay)</visible>
            <visible>StringCompare(ListItem.Overlay,OverlayWatched.png)+!Skin.HasSetting(newstatus)</visible>
          </control>
          <control type="image">
            <posx>331</posx>
            <posy>4</posy>
            <width>40</width>
            <height>40</height>
            <texture>thumbs/UnWatched2.png</texture>
            <visible>!IsEmpty(ListItem.Overlay)</visible>
            <visible>!StringCompare(ListItem.Overlay,OverlayWatched.png)+Skin.HasSetting(newstatus)</visible>
          </control>
        </itemlayout>
        <focusedlayout width="375" height="80">
          <control type="image">
            <posx>5</posx>
            <posy>5</posy>
            <width>365</width>
            <height>70</height>
            <aspectratio scalediffuse="false">scale</aspectratio>
            <texture background="true" diffuse="thumbs/banner_wall_mask.png">DefaultBanner.png</texture>
            <info>ListItem.Thumb</info>
            <visible>!Skin.HasSetting(TVShowsUsePosters)</visible>
          </control>
          <control type="image">
            <posx>5</posx>
            <posy>5</posy>
            <width>365</width>
            <height>70</height>
            <aspectratio scalediffuse="false">stretch</aspectratio>
            <texture background="true" diffuse="thumbs/banner_wall_mask.png">DefaultBanner.png</texture>
            <info>ListItem.Path,,banner.jpg</info>
            <visible>Skin.HasSetting(TVShowsUsePosters)</visible>
          </control>
          <control type="image">
            <posx>330</posx>
            <posy>5</posy>
            <width>40</width>
            <height>40</height>
            <texture>thumbs/OverlayWatched.png</texture>
            <visible>!IsEmpty(ListItem.Overlay)</visible>
            <visible>StringCompare(ListItem.Overlay,OverlayWatched.png)+!Skin.HasSetting(newstatus)</visible>
          </control>
          <control type="image">
            <posx>331</posx>
            <posy>4</posy>
            <width>40</width>
            <height>40</height>
            <texture>thumbs/UnWatched2.png</texture>
            <visible>!IsEmpty(ListItem.Overlay)</visible>
            <visible>!StringCompare(ListItem.Overlay,OverlayWatched.png)+Skin.HasSetting(newstatus)</visible>
          </control>
          <control type="image">
            <posx>-2</posx>
            <posy>-2</posy>
            <width>379</width>
            <height>83</height>
            <aspectratio>stretch</aspectratio>
            <texture background="true">thumbs/banner_shadow.png</texture>
          </control>
        </focusedlayout>
      </control>
      <!--<control type="label" id="161">
        <posx>105</posx>
        <posy>640</posy>
        <width>180</width>
        <height>41</height>
        <font>Font_Reg15</font>
        <align>left</align>
        <aligny>center</aligny>
        <textcolor>ff969696</textcolor>
        <label>$INFO[Container(508).NumItems] $LOCALIZE[31025]</label>
      </control>
      <control type="label" id="161">
        <posx>485</posx>
        <posy>640</posy>
        <width>85</width>
        <height>41</height>
        <font>Font_Reg15</font>
        <align>center</align>
        <aligny>center</aligny>
        <textcolor>ff969696</textcolor>
        <label>$LOCALIZE[31024] $INFO[Container(508).CurrentPage]/$INFO[Container(508).NumPages]</label>
      </control>-->
      <control type="scrollbar" id="62">
        <posx>305</posx>
        <posy>670</posy>
        <width>670</width>
        <height>41</height>
        <visible allowhiddenfocus="true">Control.HasFocus(62)</visible>
        <texturesliderbackground border="14,0,14,0">views/scrollBarH.png</texturesliderbackground>
        <texturesliderbar border="14,0,14,0">views/scrollBarH_bar.png</texturesliderbar>
        <texturesliderbarfocus border="14,0,14,0">views/scrollBarH_bar_focus.png</texturesliderbarfocus>
        <textureslidernib>views/scrollBarNib.png</textureslidernib>
        <textureslidernibfocus>views/scrollBarNib.png</textureslidernibfocus>
        <pulseonselect>yes</pulseonselect>
        <onup>508</onup>
        <ondown>SetFocus(109)</ondown>
        <showonepage>false</showonepage>
        <orientation>horizontal</orientation>
      </control>
      <control type="group">
        <visible>!Control.HasFocus(109)+!Control.HasFocus(62)</visible>
        <include>Animation_HideMultiplex</include>
        <include>SecondLabelFloor</include>
        <include>FirstLabelFloor</include>
      </control>
    </control>
  </include>
</includes>