<includes>
  <include name="ShowcaseQuadrate">
    <control type="group">
      <visible>Control.IsVisible(509)</visible>
      <include>ShowcaseSquare</include>
      <control type="wraplist" id="509">
        <visible>Window.IsActive(501)|Window.IsActive(502)|Window.IsActive(1)|Window.IsActive(2)| substring(Container.FolderPath,addons://) | Window.IsActive(addonbrowser)</visible>
        <include>MusicShowcaseGroupVars</include>
        <onleft>509</onleft>
        <onright>509</onright>
        <onup>SetFocus(9000)</onup>
        <ondown>60</ondown>
        <viewtype label="31029">bigwrap</viewtype>
        <pagecontrol>60</pagecontrol>
        <scrolltime>200</scrolltime>
        <focusposition>3</focusposition>
        <orientation>horizontal</orientation>
        <preloaditems>4</preloaditems>
        <animation effect="fade" time="10" delay="750" end="100" condition="Skin.HasSetting(noflowalbum)">Conditional</animation>
        <itemlayout height="350" width="250">
          <control type="group">
            <visible>Skin.HasSetting(noflowalbum)+!Control.IsVisible(7000)</visible>
            <include condition="Window.IsActive(2)">MusicShowcaseBlack</include>
            <control type="image">
              <include>MusicShowcaseThumb</include>
              <info>ListItem.Thumb</info>
            </control>
            <control type="image">
              <description>Glass overlay</description>
              <include>MusicShowcaseGlassOverlayAngled</include>
            </control>
            <include condition="Window.IsActive(2)">MusicShowcaseBlackReflection</include>
            <control type="image">
              <include>MusicShowcaseThumbReflection</include>
              <info>ListItem.Thumb</info>
            </control>
          </control>
        </itemlayout>
        <focusedlayout height="350" width="250">
          <control type="group">
            <visible>Skin.HasSetting(noflowalbum)+!Control.IsVisible(7000)</visible>
            <animation effect="zoom" start="100" end="110" center="135,230" time="400" easing="out" reversible="false" tween="cubic">Focus</animation>
            <animation effect="zoom" start="110" end="100" center="135,230" time="400" easing="out" reversible="false" tween="cubic" condition="!Control.HasFocus(509) + Skin.HasSetting(noflowalbum)">Unfocus</animation>
            <include condition="Window.IsActive(2)">MusicShowcaseBlack</include>
            <control type="image">
              <include>MusicShowcaseThumb</include>
              <info>ListItem.Thumb</info>
            </control>
            <control type="image">
              <description>Glass overlay</description>
              <include>MusicShowcaseGlassOverlayAngled</include>
            </control>
            <include condition="Window.IsActive(2)">MusicShowcaseBlackReflection</include>
            <control type="image">
              <include>MusicShowcaseThumbReflection</include>
              <info>ListItem.Thumb</info>
            </control>
          </control>
        </focusedlayout>
      </control>
      <control type="label">
        <posx>340</posx>
        <posy>670</posy>
        <width>600</width>
        <align>center</align>
        <aligny>center</aligny>
        <include>Animation_CommonFade</include>
        <font>Font_Info</font>
        <textcolor>FFe1e1e1</textcolor>
        <shadowcolor>black</shadowcolor>
        <label>[UPPERCASE]$INFO[ListItem.Label2][/UPPERCASE]</label>
        <visible>!Control.HasFocus(60)+!ControlGroup(9000).HasFocus+!IsEmpty(ListItem.Title)</visible>
      </control>
      <control type="label">
        <posx>340</posx>
        <posy>693</posy>
        <width>600</width>
        <align>center</align>
        <aligny>center</aligny>
        <include>Animation_CommonFade</include>
        <font>Font_ShowcaseMainLabel2</font>
        <textcolor>FFe1e1e1</textcolor>
        <scroll>true</scroll>
        <shadowcolor>black</shadowcolor>
        <label>[UPPERCASE]$INFO[ListItem.Label][/UPPERCASE]</label>
        <visible>!Control.HasFocus(60)+!ControlGroup(9000).HasFocus</visible>
      </control>
      <control type="label">
        <posx>340</posx>
        <posy>693</posy>
        <width>600</width>
        <align>center</align>
        <aligny>center</aligny>
        <include>Animation_CommonFade</include>
        <font>Font_ShowcaseMainLabel2</font>
        <textcolor>FFe1e1e1</textcolor>
        <shadowcolor>black</shadowcolor>
        <label>[UPPERCASE]$INFO[Container.NumItems] $LOCALIZE[31025] | $LOCALIZE[31024] $INFO[Container.CurrentPage]/$INFO[Container.NumPages][/UPPERCASE]</label>
        <visible>ControlGroup(9000).HasFocus</visible>
      </control>
      <control type="scrollbar" id="60">
        <posx>305</posx>
        <posy>670</posy>
        <width>670</width>
        <height>41</height>
        <visible allowhiddenfocus="true">Control.HasFocus(60)</visible>
        <texturesliderbackground border="14,0,14,0">views/scrollBarH.png</texturesliderbackground>
        <texturesliderbar border="14,0,14,0">views/scrollBarH_bar.png</texturesliderbar>
        <texturesliderbarfocus border="14,0,14,0">views/scrollBarH_bar_focus.png</texturesliderbarfocus>
        <textureslidernib>views/scrollBarNib.png</textureslidernib>
        <textureslidernibfocus>views/scrollBarNib.png</textureslidernibfocus>
        <pulseonselect>yes</pulseonselect>
        <onup>509</onup>
        <ondown>SetFocus(9000)</ondown>
        <showonepage>false</showonepage>
        <orientation>horizontal</orientation>
        <visible>Control.IsVisible(509)</visible>
        <enable>Control.IsVisible(509)</enable>
      </control>
      <include>MusicMediaFlags</include>
      <include>Furniture_DarkGradient</include>
    </control>
  </include>
</includes>