<includes>
  <include name="ShowcaseCD">
    <control type="group">
      <visible>Control.IsVisible(513)</visible>
      <include>ShowcaseSquareDVD</include>
      <control type="wraplist" id="513">
        <visible>[Window.IsActive(501)|Window.IsActive(502)|Window.IsActive(1)|Window.IsActive(2)]</visible>
        <include>MusicShowcaseGroupVars</include>
        <onleft>513</onleft>
        <onright>513</onright>
        <onup>SetFocus(9000)</onup>
        <ondown>60</ondown>
        <viewtype label="$LOCALIZE[31152]">bigwrap</viewtype>
        <pagecontrol>60</pagecontrol>
        <scrolltime>200</scrolltime>
        <focusposition>3</focusposition>
        <orientation>horizontal</orientation>
        <preloaditems>4</preloaditems>
        <itemlayout height="350" width="250">
          <control type="group">
            <visible>Skin.HasSetting(noflowalbumdvd)+!Control.IsVisible(7004)</visible>
            <include condition="Window.IsActive(2)">MusicShowcaseBlackDVD</include>
            <control type="image">
              <include>MusicShowcaseThumbDVD</include>
              <info>ListItem.Thumb</info>
            </control>
            <control type="image">
              <description>Glass overlay</description>
              <include>MusicShowcaseGlassOverlayAngledCD</include>
            </control>
            <include condition="Window.IsActive(2)">MusicShowcaseBlackReflectionDVD</include>
            <control type="image">
              <include>MusicShowcaseThumbReflectionDVD</include>
              <info>ListItem.Thumb</info>
            </control>
            <control type="image">
              <description>Glass overlay reflection</description>
              <include>MusicShowcaseThumbReflectionCD</include>
            </control>
          </control>
        </itemlayout>
        <focusedlayout height="350" width="250">
          <control type="group">
            <visible>Skin.HasSetting(noflowalbumdvd)+!Control.IsVisible(7004)</visible>
            <animation effect="zoom" start="100" end="110" center="135,230" time="400" easing="out" reversible="false" tween="cubic">Focus</animation>
            <animation effect="zoom" start="110" end="100" center="135,230" time="400" easing="out" reversible="false" tween="cubic" condition="!Control.HasFocus(513) + Skin.HasSetting(noflowalbumdvd)">Unfocus</animation>
            <include condition="Window.IsActive(2)">MusicShowcaseBlackDVD</include>
            <control type="image">
              <include>MusicShowcaseThumbMainDVD</include>
              <info>ListItem.Thumb</info>
            </control>
            <control type="image">
              <description>Glass overlay</description>
              <include>MusicShowcaseGlassOverlayAngledCD</include>
            </control>
            <include condition="Window.IsActive(2)">MusicShowcaseBlackReflectionDVD</include>
            <control type="image">
              <include>MusicShowcaseThumbReflectionMainDVD</include>
              <info>ListItem.Thumb</info>
            </control>
            <control type="image">
              <description>Glass overlay reflection</description>
              <include>MusicShowcaseThumbReflectionCD</include>
            </control>
          </control>
        </focusedlayout>
      </control>
      <control type="label">
        <posx>340</posx>
        <posy>670</posy>
        <width>600</width>
        <align>center</align>
        <aligny>center</aligny>
        <include>Animation_CommonFade</include>
        <font>Font_Info</font>
        <textcolor>FFe1e1e1</textcolor>
        <shadowcolor>black</shadowcolor>
        <label>[UPPERCASE]$INFO[ListItem.Label2][/UPPERCASE]</label>
        <visible>!Control.HasFocus(60)+!ControlGroup(9000).HasFocus+!SubString(ListItem.Label,..)</visible>
      </control>
      <control type="label">
        <posx>340</posx>
        <posy>693</posy>
        <width>600</width>
        <align>center</align>
        <aligny>center</aligny>
        <include>Animation_CommonFade</include>
        <font>Font_ShowcaseMainLabel2</font>
        <scroll>true</scroll>
        <textcolor>FFe1e1e1</textcolor>
        <shadowcolor>black</shadowcolor>
        <label>[UPPERCASE]$INFO[ListItem.Label][/UPPERCASE]</label>
        <visible>!Control.HasFocus(60)+!ControlGroup(9000).HasFocus</visible>
      </control>
      <control type="label">
        <posx>340</posx>
        <posy>693</posy>
        <width>600</width>
        <align>center</align>
        <aligny>center</aligny>
        <include>Animation_CommonFade</include>
        <font>Font_ShowcaseMainLabel2</font>
        <textcolor>FFe1e1e1</textcolor>
        <shadowcolor>black</shadowcolor>
        <label>[UPPERCASE]$INFO[Container.NumItems] $LOCALIZE[31025] | $LOCALIZE[31024] $INFO[Container.CurrentPage]/$INFO[Container.NumPages][/UPPERCASE]</label>
        <visible>ControlGroup(9000).HasFocus</visible>
      </control>
      <control type="scrollbar" id="60">
        <posx>305</posx>
        <posy>670</posy>
        <width>670</width>
        <height>41</height>
        <visible allowhiddenfocus="true">Control.HasFocus(60)</visible>
        <texturesliderbackground border="14,0,14,0">views/scrollBarH.png</texturesliderbackground>
        <texturesliderbar border="14,0,14,0">views/scrollBarH_bar.png</texturesliderbar>
        <texturesliderbarfocus border="14,0,14,0">views/scrollBarH_bar_focus.png</texturesliderbarfocus>
        <textureslidernib>views/scrollBarNib.png</textureslidernib>
        <textureslidernibfocus>views/scrollBarNib.png</textureslidernibfocus>
        <pulseonselect>yes</pulseonselect>
        <onup>513</onup>
        <ondown>SetFocus(9000)</ondown>
        <showonepage>false</showonepage>
        <orientation>horizontal</orientation>
        <visible>Control.IsVisible(513)</visible>
      </control>
      <include>MusicMediaFlags</include>
      <include>Furniture_DarkGradient</include>
    </control>
  </include>
</includes>