<window id="0">
  <defaultcontrol always="true">8999</defaultcontrol>
  <allowoverlay>yes</allowoverlay>
  <controls>
  
    <control type="multiimage">
      <posx>0</posx>
      <posy>0</posy>
      <width>1280</width>
      <height>720</height>
      <imagepath background="true">$INFO[Container(9000).ListItem.Icon]</imagepath>
      <timeperimage>8000</timeperimage>
      <randomize>true</randomize>
      <fadetime>1000</fadetime>
      <visible>!Control.HasFocus(8000)</visible>
    </control>
    <control type="image">
      <description>Fanart</description>
      <posx>0</posx>
      <posy>0</posy>
      <width>1280</width>
      <height>720</height>
      <texture background="true">$INFO[Container(8000).ListItem.Property(Fanart)]</texture>
      <visible>Control.HasFocus(8000)</visible>
      <include>Animation_CommonFade</include>
    </control>
    <control type="image">
      <description>Fanart</description>
      <posx>0</posx>
      <posy>0</posy>
      <width>1280</width>
      <height>720</height>
      <texture background="true">$INFO[Container(8001).ListItem.Property(Fanart)]</texture>
      <visible>Control.HasFocus(8001)</visible>
      <include>Animation_CommonFade</include>
    </control>
    <control type="image">
      <description>Fanart</description>
      <posx>0</posx>
      <posy>0</posy>
      <width>1280</width>
      <height>720</height>
      <texture background="true">$INFO[Container(8002).ListItem.Property(Fanart)]</texture>
      <visible>Control.HasFocus(8002)</visible>
      <include>Animation_CommonFade</include>
    </control>
    <control type="image">
      <posx>0</posx>
      <posy>0</posy>
      <width>1280</width>
      <height>720</height>
      <texture background="true">$INFO[MusicPlayer.Property(Fanart_Image)]</texture>
      <include>Animation_VisibleChange400</include>
      <include>Animation_OpenCloseZoom</include>
      <visible>Player.HasAudio+Skin.HasSetting(musicfanarthome)</visible>
    </control>
    <include>CommonMediaPlayingBackground</include>
    <control type="button" id="8999">
      <description>Run Recently added</description>
      <posx>-20</posx>
      <posy>-20</posy>
      <width>1</width>
      <height>1</height>
      <label>-</label>
      <font>-</font>
      <onfocus>XBMC.RunScript(script.recentlyadded,limit=8&amp;albums=True&amp;unplayed=True&amp;totals=True)</onfocus>
      <onfocus>XBMC.RunScript(script.randomitems,limit=8&amp;unplayed=True)</onfocus>
      <onfocus>XBMC.RunScript(script.tv.show.next.aired,silent=True)</onfocus>
      <onfocus>SetFocus(9000)</onfocus>
      <texturenofocus>-</texturenofocus>
      <texturefocus>-</texturefocus>
      <visible>Skin.HasSetting(homepageHideRecentlyAdded)</visible>
    </control>
   
    <control type="button" id="8999">
      <description>Don't run Recently added</description>
      <posx>-20</posx>
      <posy>-20</posy>
      <width>1</width>
      <height>1</height>
      <label>-</label>
      <font>-</font>
      <onfocus>SetFocus(9000)</onfocus>
      <texturenofocus>-</texturenofocus>
      <texturefocus>-</texturefocus>
      <visible>!Skin.HasSetting(homepageHideRecentlyAdded)</visible>
    </control>
    <include condition="Skin.HasSetting(homepageHideRecentlyAdded)">HomeRecentlyAddedInfo</include>

    <control type="group">
      <posx>0</posx>
      <posy>0</posy>
      <width>1280</width>
      <height>720</height>
      <animation effect="slide" start="0,0" end="0,225" time="400" tween="cubic" easing="inout" condition="Skin.HasSetting(lowermainmenu)|Skin.HasSetting(Lockhomemenulow)">Conditional</animation>
      <include>Animation_OpenCloseZoom</include>
      <include>Animation_CommonFade</include>
      <control type="group">
        <posy>316</posy>
        <visible>Skin.HasSetting(homepageHideRecentlyAdded)</visible>
        <control type="image">
          <description>time background</description>
          <posx>0</posx>
          <width>451</width>
          <height>27</height>
          <texture flipx="true">home/timepanel_mid.png</texture>
          <visible>Container(9000).HasFocus(3)|Container(9000).HasFocus(10)|Container(9000).HasFocus(11)</visible>
        </control>
        <control type="label" id="71">
          <posx>10</posx>
          <posy>3</posy>
          <width>440</width>
          <font>Font_Info</font>
          <textcolor>dcFFFFFF</textcolor>
          <scroll>true</scroll>
          <label>[UPPERCASE]$LOCALIZE[20342]: $INFO[Window.Property(Movies.Count)]   |   $LOCALIZE[16102]: $INFO[Window.Property(Movies.Watched)]   |   $LOCALIZE[16101]: $INFO[Window.Property(Movies.UnWatched)][/UPPERCASE]</label>
          <visible>Container(9000).HasFocus(10)</visible>
        </control>

        <control type="label" id="71">
          <posx>5</posx>
          <posy>3</posy>
          <width>460</width>
          <font>Font_Info</font>
          <textcolor>dcFFFFFF</textcolor>
          <scroll>true</scroll>
          <label>[UPPERCASE]$LOCALIZE[20343]: $INFO[Window.Property(TVShows.Count)]   |   $LOCALIZE[20360]: $INFO[Window.Property(Episodes.Count)]   |   $LOCALIZE[16101]: $INFO[Window.Property(Episodes.UnWatched)][/UPPERCASE]</label>
          <visible>Container(9000).HasFocus(11)</visible>
        </control>

        <control type="label" id="71">
          <posx>10</posx>
          <posy>3</posy>
          <width>400</width>
          <font>Font_Info</font>
          <textcolor>dcFFFFFF</textcolor>
          <scroll>true</scroll>
          <label>[UPPERCASE]$LOCALIZE[132]: $INFO[Window.Property(Music.AlbumsCount)]   |   $LOCALIZE[134]: $INFO[Window.Property(Music.SongsCount)]   |   $LOCALIZE[133]: $INFO[Window.Property(Music.ArtistsCount)][/UPPERCASE]</label>
          <visible>Container(9000).HasFocus(3)</visible>
        </control>

      </control>
      <control type="group">
        <posx>330r</posx>
        <posy>316</posy>
        <animation effect="slide" start="0,0" end="420,0" delay="0" time="300">WindowClose</animation>
        <animation effect="slide" start="420,0" end="0,0" delay="0" time="300">WindowOpen</animation>
        <control type="image">
          <description>time background</description>
          <posx>-120</posx>
          <posy>0</posy>
          <width>451</width>
          <height>27</height>
          <texture>home/timepanel_mid.png</texture>
          <animation effect="slide" start="0,0" end="120,0" delay="0" time="300" condition="Skin.HasSetting(homepageWeatherinfo)">conditional</animation>
        </control>
        <control type="label">
          <description>time label</description>
          <posx>320</posx>
          <posy>0</posy>
          <width>400</width>
          <height>28</height>
          <align>right</align>
          <aligny>center</aligny>
          <font>Font_Info</font>
          <textcolor>dcFFFFFF</textcolor>
          <shadowcolor>-</shadowcolor>
          <label>[UPPERCASE][COLOR FFe5e5e5]$INFO[System.Date]  |  [/COLOR][COLOR FFcdcdcd]$INFO[System.Time][/COLOR][/UPPERCASE]</label>
        </control>
      </control>
      <control type="button" id="330">
        <description>INVISIBLE button: Submenu</description>
        <posx>0</posx>
        <posy>0</posy>
        <width>0</width>
        <height>0</height>
        <texturefocus>-</texturefocus>
        <texturenofocus>-</texturenofocus>
        <onfocus>SetFocus(9010)</onfocus>
        <visible>Container(9000).HasFocus(2) | Container(9000).HasFocus(3) | Container(9000).HasFocus(5) | Container(9000).HasFocus(7) | Container(9000).HasFocus(9) | [Container(9000).HasFocus(1) + [[Skin.HasSetting(HomeScriptButton1) + !IsEmpty(Skin.String(HomeScriptButton1_label))] | [Skin.HasSetting(HomeScriptButton2) + !IsEmpty(Skin.String(HomeScriptButton2_label))] | [Skin.HasSetting(HomeScriptButton3) + !IsEmpty(Skin.String(HomeScriptButton3_label))] | [Skin.HasSetting(HomeScriptButton4) + !IsEmpty(Skin.String(HomeScriptButton4_label))] | [Skin.HasSetting(HomeScriptButton5) + !IsEmpty(Skin.String(HomeScriptButton5_label))] | [Skin.HasSetting(HomeScriptButton6) + !IsEmpty(Skin.String(HomeScriptButton6_label))]]] | Container(9000).HasFocus(10) | Container(9000).HasFocus(11) | Container(9000).HasFocus(12)</visible>
      </control>
      <control type="button" id="330">
        <description>INVISIBLE button: No Submenu</description>
        <posx>0</posx>
        <posy>0</posy>
        <width>0</width>
        <height>0</height>
        <texturefocus>-</texturefocus>
        <texturenofocus>-</texturenofocus>
        <onfocus>SetFocus(9000)</onfocus>
        <visible>![Container(9000).HasFocus(2) | Container(9000).HasFocus(3) | Container(9000).HasFocus(5) | Container(9000).HasFocus(7) | Container(9000).HasFocus(9) | [Container(9000).HasFocus(1) + [[Skin.HasSetting(HomeScriptButton1) + !IsEmpty(Skin.String(HomeScriptButton1_label))] | [Skin.HasSetting(HomeScriptButton2) + !IsEmpty(Skin.String(HomeScriptButton2_label))] | [Skin.HasSetting(HomeScriptButton3) + !IsEmpty(Skin.String(HomeScriptButton3_label))] | [Skin.HasSetting(HomeScriptButton4) + !IsEmpty(Skin.String(HomeScriptButton4_label))] | [Skin.HasSetting(HomeScriptButton5) + !IsEmpty(Skin.String(HomeScriptButton5_label))] | [Skin.HasSetting(HomeScriptButton6) + !IsEmpty(Skin.String(HomeScriptButton6_label))]]] | Container(9000).HasFocus(10) | Container(9000).HasFocus(11)]</visible>
      </control>
     
      <control type="button" id="340">
        <description>INVISIBLE button: Recently Added Movies</description>
        <posx>0</posx>
        <posy>0</posy>
        <width>0</width>
        <height>0</height>
        <texturefocus>-</texturefocus>
        <texturenofocus>-</texturenofocus>
        <onfocus>SetFocus(8000)</onfocus>
        <visible>Container(9000).HasFocus(10)+!Skin.HasSetting(Lockhomemenulow)</visible>
      </control>
      <control type="button" id="340">
        <description>INVISIBLE button: Recently Added TV</description>
        <posx>0</posx>
        <posy>0</posy>
        <width>0</width>
        <height>0</height>
        <texturefocus>-</texturefocus>
        <texturenofocus>-</texturenofocus>
        <onfocus>SetFocus(8001)</onfocus>
        <visible>Container(9000).HasFocus(11)+!Skin.HasSetting(Lockhomemenulow)|[Container(9000).Hasfocus(2) + !Skin.HasSetting(HomeMenuNoTVShowsButton)]</visible>
      </control>
      <control type="button" id="340">
        <description>INVISIBLE button: Random Items Music</description>
        <posx>0</posx>
        <posy>0</posy>
        <width>0</width>
        <height>0</height>
        <texturefocus>-</texturefocus>
        <texturenofocus>-</texturenofocus>
        <onfocus>SetFocus(8002)</onfocus>
        <visible>Container(9000).HasFocus(3)+!Skin.HasSetting(Lockhomemenulow)</visible>
      </control>
      <control type="button" id="340">
        <description>INVISIBLE button: No Recently Added</description>
        <posx>0</posx>
        <posy>0</posy>
        <width>0</width>
        <height>0</height>
        <texturefocus>-</texturefocus>
        <texturenofocus>-</texturenofocus>
        <onfocus>SetFocus(9000)</onfocus>
        <visible>![Container(9000).HasFocus(11)|Container(9000).HasFocus(10)|Container(9000).HasFocus(3)]</visible>
      </control>
      <control type="button" id="340">
        <description>INVISIBLE button: No Recently Added</description>
        <posx>0</posx>
        <posy>0</posy>
        <width>0</width>
        <height>0</height>
        <texturefocus>-</texturefocus>
        <texturenofocus>-</texturenofocus>
        <onfocus>SetFocus(9000)</onfocus>
        <visible>[Container(9000).HasFocus(11)|Container(9000).HasFocus(10)|Container(9000).HasFocus(3)]+Skin.HasSetting(Lockhomemenulow)</visible>
      </control>
      <!-- weather Info -->
      <control type="group">
        <posx>450r</posx>
        <posy>316</posy>
        <animation effect="slide" start="0,0" end="550,0" delay="0" time="300">WindowClose</animation>
        <animation effect="slide" start="550,0" end="0,0" delay="0" time="300">WindowOpen</animation>
        <visible>!Skin.HasSetting(homepageWeatherinfo) + Weather.IsFetched</visible>
        <control type="image">
          <description>Weather image</description>
          <posx>30</posx>
          <posy>1</posy>
          <width>25</width>
          <height>25</height>
          <aspectratio>keep</aspectratio>
          <texture>$INFO[Weather.Conditions]</texture>
        </control>
        <control type="label">
          <description>time label</description>
          <posx>60</posx>
          <posy>0</posy>
          <width>100</width>
          <height>28</height>
          <align>left</align>
          <aligny>center</aligny>
          <font>Font_Info</font>
          <textcolor>white</textcolor>
          <shadowcolor>-</shadowcolor>
          <label>$INFO[Weather.Temperature]</label>
        </control>
      </control>
      <control type="group">
        <posx>0</posx>
        <posy>406</posy>
        <include>Animation_OpenCloseZoom</include>
        <include>Animation_SubMenu</include>
        <visible>Control.HasFocus(9000)|[Control.hasFocus(8000)+[Skin.HasSetting(Lockhomemenulow)|Skin.HasSetting(lowermainmenu)]]|[Control.hasFocus(8001)+[Skin.HasSetting(Lockhomemenulow)|Skin.HasSetting(lowermainmenu)]]|[Control.hasFocus(8002)+[Skin.HasSetting(Lockhomemenulow)|Skin.HasSetting(lowermainmenu)]]</visible>
        <control type="image">
          <description>RSS background</description>
          <posx>54</posx>
          <posy>0</posy>
          <width>1253</width>
          <height>57</height>
          <texture>home/rssbar_mid.png</texture>
          <visible>system.getbool(lookandfeel.enablerssfeeds)</visible>
          <include>Animation_CommonFade</include>
        </control>
        <control type="rss">
          <description>RSS feed</description>
          <posx>110</posx>
          <posy>3</posy>
          <width>1170</width>
          <height>57</height>
          <font>Font_Info</font>
          <urlset>1</urlset>
          <textcolor>a9000000</textcolor>
          <headlinecolor>a9000000</headlinecolor>
          <highlightcolor>a9000000</highlightcolor>
          <titlecolor>dc2B60DE</titlecolor>
          <visible>system.getbool(lookandfeel.enablerssfeeds)</visible>
        </control>
        <control type="image">
          <posx>77</posx>
          <posy>0</posy>
          <width>133</width>
          <height>27</height>
          <texture>home/rssbar_mid_fade.png</texture>
          <colordiffuse>e3FFFFFF</colordiffuse>
          <include>Animation_CommonFade</include>
          <visible>system.getbool(lookandfeel.enablerssfeeds)</visible>
        </control>
      </control>
      <control type="group" id="9001">
        <posx>207</posx>
        <posy>406</posy>
        <visible allowhiddenfocus="true">Control.HasFocus(9010)</visible>
        <include>Animation_SubMenu</include>
        <control type="image">
          <posx>80</posx>
          <width>700</width>
          <height>33</height>
          <texture>home/submenubar.png</texture>
        </control>
        <control type="wraplist" id="9010">
          <posx>100</posx>
          <height>33</height>
          <width>660</width>
          <onleft>9010</onleft>
          <onright>9010</onright>
          <viewtype>list</viewtype>
          <orientation>horizontal</orientation>
          <focusposition>2</focusposition>
          <scrolltime>200</scrolltime>
          <onup>9000</onup>
          <ondown>340</ondown>
          <itemlayout width="129" height="33">
            <control type="label">
              <posx>74</posx>
              <posy>0</posy>
              <height>30</height>
              <width>129</width>
              <align>center</align>
              <aligny>center</aligny>
              <font>Font_Reg19</font>
              <label>[UPPERCASE]$INFO[ListItem.Label][/UPPERCASE]</label>
              <textcolor>5fFFFFFF</textcolor>
            </control>
          </itemlayout>
          <focusedlayout width="129" height="33">
            <control type="label">
              <posx>74</posx>
              <posy>0</posy>
              <height>30</height>
              <width>129</width>
              <align>center</align>
              <aligny>center</aligny>
              <font>Font_Reg19</font>
              <label>[UPPERCASE]$INFO[ListItem.Label][/UPPERCASE]</label>
              <textcolor>FFFFFFFF</textcolor>
              <animation effect="fade" start="0" end="50" time="200">Focus</animation>
              <animation effect="fade" start="0" end="0" time="200">Unfocus</animation>
            </control>
            <control type="label">
              <posx>74</posx>
              <posy>0</posy>
              <height>30</height>
              <width>129</width>
              <align>center</align>
              <aligny>center</aligny>
              <font>Font_Reg19</font>
              <label>[UPPERCASE]$INFO[ListItem.Label][/UPPERCASE]</label>
              <textcolor>5FFFFFFF</textcolor>
              <animation effect="fade" start="100" end="0" time="200">Focus</animation>
              <animation effect="fade" start="0" end="100" time="100">Unfocus</animation>
            </control>
            <control type="label">
              <posx>74</posx>
              <posy>0</posy>
              <height>30</height>
              <width>129</width>
              <align>center</align>
              <aligny>center</aligny>
              <font>Font_Reg19</font>
              <label>[UPPERCASE]$INFO[ListItem.Label][/UPPERCASE]</label>
              <textcolor>FFFFFFFF</textcolor>
              <animation effect="fade" start="50" end="50" time="200">Focus</animation>
              <animation effect="fade" start="50" end="0" time="100">Unfocus</animation>
            </control>
          </focusedlayout>
          <content>
            <!--Videos-->
            <item id="90109">
              <label>136</label>
              <onclick>ActivateWindow(VideoLibrary,Playlists,return)</onclick>
              <visible>Container(9000).HasFocus(2)</visible>
            </item>
            <item id="90101">
              <label>342</label>
              <onclick>ActivateWindow(VideoLibrary,MovieTitles,return)</onclick>
              <visible>Library.HasContent(Movies)</visible>
              <visible>Container(9000).HasFocus(2)</visible>
            </item>
            <item id="90102">
              <label>20343</label>
              <onclick>ActivateWindow(VideoLibrary,TvShowTitles,return)</onclick>
              <visible>Library.HasContent(TVShows)</visible>
              <visible>Container(9000).HasFocus(2)</visible>
            </item>
            <item id="90103">
              <label>20389</label>
              <onclick>ActivateWindow(VideoLibrary,MusicVideoTitles,return)</onclick>
              <visible>Library.HasContent(MusicVideos)</visible>
              <visible>Container(9000).HasFocus(2)</visible>
            </item>
            <item id="90104">
              <label>744</label>
              <onclick>ActivateWindow(VideoFiles)</onclick>
              <visible>Container(9000).HasFocus(2)</visible>
            </item>
            <item id="90105">
              <label>14022</label>
              <onclick>ActivateWindow(VideoLibrary)</onclick>
              <visible>Library.HasContent(Video)</visible>
              <visible>Container(9000).HasFocus(2)</visible>
            </item>
            <item id="90106">
              <label>24001</label>
              <onclick>ActivateWindow(VideoLibrary,Addons,return)</onclick>
              <visible>Library.HasContent(Video)</visible>
              <visible>Container(9000).HasFocus(2)</visible>
            </item>
            <item id="90107">
              <label>24001</label>
              <onclick>ActivateWindow(VideoFiles,Addons,return)</onclick>
              <visible>!Library.HasContent(Video)</visible>
              <visible>Container(9000).HasFocus(2)</visible>
            </item>
            <!--<item id="90108">
              <label>$LOCALIZE[559]</label>
              <onclick>ActivateWindow(28)</onclick>
              <visible>Container(9000).HasFocus(2)</visible>
            </item>-->
            <!--Music-->
            <item id="90122">
              <label>$INFO[Skin.String(HomeMusicPlaylist1_Label)]</label>
              <onclick>XBMC.ActivateWindow(10025,$INFO[Skin.String(HomeMusicPlaylist1_Path)],return)</onclick>
              <visible>Container(9000).HasFocus(3)+Skin.HasSetting(HomeMusicPlaylist1)+!IsEmpty(Skin.String(HomeMusicPlaylist1_Label))</visible>
            </item>
            <item id="90123">
              <label>$INFO[Skin.String(HomeMusicPlaylist2_Label)]</label>
              <onclick>XBMC.ActivateWindow(10025,$INFO[Skin.String(HomeMusicPlaylist2_Path)],return)</onclick>
              <visible>Container(9000).HasFocus(3)+Skin.HasSetting(HomeMusicPlaylist2)+!IsEmpty(Skin.String(HomeMusicPlaylist2_Label))</visible>
            </item>
            <item id="90124">
              <label>$INFO[Skin.String(HomeMusicPlaylist3_Label)]</label>
              <onclick>XBMC.ActivateWindow(10025,$INFO[Skin.String(HomeMusicPlaylist3_Path)],return)</onclick>
              <visible>Container(9000).HasFocus(3)+Skin.HasSetting(HomeMusicPlaylist3)+!IsEmpty(Skin.String(HomeMusicPlaylist3_Label))</visible>
            </item>
            <item id="90111">
              <label>133</label>
              <onclick>ActivateWindow(MusicLibrary,Artists,return)</onclick>
              <visible>Library.HasContent(Music)</visible>
              <visible>Container(9000).HasFocus(3)</visible>
            </item>
            <item id="90112">
              <label>132</label>
              <onclick>ActivateWindow(MusicLibrary,Albums,return)</onclick>
              <visible>Library.HasContent(Music)</visible>
              <visible>Container(9000).HasFocus(3)</visible>
            </item>
            <item id="90113">
              <label>134</label>
              <onclick>ActivateWindow(MusicLibrary,Songs,return)</onclick>
              <visible>Library.HasContent(Music)</visible>
              <visible>Container(9000).HasFocus(3)</visible>
            </item>
            <item id="90114">
              <label>744</label>
              <onclick>ActivateWindow(MusicFiles)</onclick>
              <visible>Container(9000).HasFocus(3)</visible>
            </item>
            <item id="90115=">
              <label>14022</label>
              <onclick>ActivateWindow(MusicLibrary)</onclick>
              <visible>Library.HasContent(Music)</visible>
              <visible>Container(9000).HasFocus(3)</visible>
            </item>
            <item id="90116">
              <label>24001</label>
              <onclick>ActivateWindow(MusicLibrary,Addons,return)</onclick>
              <visible>Library.HasContent(Music)</visible>
              <visible>Container(9000).HasFocus(3)</visible>
            </item>
            <item id="90117">
              <label>24001</label>
              <onclick>ActivateWindow(MusicFiles,Addons,return)</onclick>
              <visible>!Library.HasContent(Music)</visible>
              <visible>Container(9000).HasFocus(3)</visible>
            </item>
            <item id="90118">
              <label>$LOCALIZE[31040]</label>
              <onclick>ActivateWindow(500)</onclick>
              <visible>Container(9000).HasFocus(3)</visible>
            </item>
            <item id="90119">
              <label>31334</label>
              <onclick>XBMC.ActivateWindow(MusicLibrary,RecentlyAddedAlbums)</onclick>
              <visible>Container(9000).HasFocus(3)</visible>
            </item>
            <item id="90120">
              <label>31333</label>
              <onclick>XBMC.ActivateWindow(MusicLibrary,RecentlyPlayedAlbums)</onclick>
              <visible>Container(9000).HasFocus(3)</visible>
            </item>
            <item id="90121">
              <label>$LOCALIZE[589]</label>
              <onclick>XBMC.PlayerControl(PartyMode(music))</onclick>
              <visible>Container(9000).HasFocus(3)</visible>
            </item>
            <!--System-->
            <item id="90141">
              <label>5</label>
              <onclick>ActivateWindow(Settings)</onclick>
              <visible>Container(9000).HasFocus(5)</visible>
            </item>
            <item id="90146">
              <label>24001</label>
              <onclick>ActivateWindow(AddonBrowser)</onclick>
              <visible>Container(9000).HasFocus(5)</visible>
            </item>
            <item id="90142">
              <label>7</label>
              <onclick>ActivateWindow(FileManager)</onclick>
              <visible>Container(9000).HasFocus(5)</visible>
            </item>
            <item id="90143">
              <label>13200</label>
              <onclick>ActivateWindow(Profiles)</onclick>
              <visible>Container(9000).HasFocus(5)</visible>
            </item>
            <item id="90144">
              <label>130</label>
              <onclick>ActivateWindow(SystemInfo)</onclick>
              <visible>Container(9000).HasFocus(5)</visible>
            </item>
            <item id="90145">
              <label>$LOCALIZE[470]</label>
              <onclick>ActivateWindow(Credits)</onclick>
              <visible>False</visible>
              <visible>Container(9000).HasFocus(5)</visible>
            </item>
            <!--Custom-->
            <item id="90151">
              <description>Button1</description>
              <label>$INFO[Skin.String(HomeScriptButton1_label)]</label>
              <onclick>Setfocus(9000)</onclick>
              <onclick>XBMC.RunScript($INFO[Skin.String(HomeScriptButton1_Path)])</onclick>
              <visible>Skin.HasSetting(HomeScriptButton1) + !IsEmpty(Skin.String(HomeScriptButton1_label))</visible>
              <visible>Container(9000).HasFocus(1) + [[Skin.HasSetting(HomeScriptButton1) + !IsEmpty(Skin.String(HomeScriptButton1_label))] | [Skin.HasSetting(HomeScriptButton2) + !IsEmpty(Skin.String(HomeScriptButton2_label))] | [Skin.HasSetting(HomeScriptButton3) + !IsEmpty(Skin.String(HomeScriptButton3_label))] | [Skin.HasSetting(HomeScriptButton4) + !IsEmpty(Skin.String(HomeScriptButton4_label))] | [Skin.HasSetting(HomeScriptButton5) + !IsEmpty(Skin.String(HomeScriptButton5_label))] | [Skin.HasSetting(HomeScriptButton6) + !IsEmpty(Skin.String(HomeScriptButton6_label))]]</visible>
            </item>
            <item id="90152">
              <description>Button2</description>
              <label>$INFO[Skin.String(HomeScriptButton2_label)]</label>
              <onclick>Setfocus(9000)</onclick>
              <onclick>XBMC.RunScript($INFO[Skin.String(HomeScriptButton2_Path)])</onclick>
              <visible>Skin.HasSetting(HomeScriptButton2) + !IsEmpty(Skin.String(HomeScriptButton2_label))</visible>
              <visible>Container(9000).HasFocus(1) + [[Skin.HasSetting(HomeScriptButton1) + !IsEmpty(Skin.String(HomeScriptButton1_label))] | [Skin.HasSetting(HomeScriptButton2) + !IsEmpty(Skin.String(HomeScriptButton2_label))] | [Skin.HasSetting(HomeScriptButton3) + !IsEmpty(Skin.String(HomeScriptButton3_label))] | [Skin.HasSetting(HomeScriptButton4) + !IsEmpty(Skin.String(HomeScriptButton4_label))] | [Skin.HasSetting(HomeScriptButton5) + !IsEmpty(Skin.String(HomeScriptButton5_label))] | [Skin.HasSetting(HomeScriptButton6) + !IsEmpty(Skin.String(HomeScriptButton6_label))]]</visible>
            </item>
            <item id="90153">
              <description>Button3</description>
              <label>$INFO[Skin.String(HomeScriptButton3_label)]</label>
              <onclick>Setfocus(9000)</onclick>
              <onclick>XBMC.RunScript($INFO[Skin.String(HomeScriptButton3_Path)])</onclick>
              <visible>Skin.HasSetting(HomeScriptButton3) + !IsEmpty(Skin.String(HomeScriptButton3_label))</visible>
              <visible>Container(9000).HasFocus(1) + [[Skin.HasSetting(HomeScriptButton1) + !IsEmpty(Skin.String(HomeScriptButton1_label))] | [Skin.HasSetting(HomeScriptButton2) + !IsEmpty(Skin.String(HomeScriptButton2_label))] | [Skin.HasSetting(HomeScriptButton3) + !IsEmpty(Skin.String(HomeScriptButton3_label))] | [Skin.HasSetting(HomeScriptButton4) + !IsEmpty(Skin.String(HomeScriptButton4_label))] | [Skin.HasSetting(HomeScriptButton5) + !IsEmpty(Skin.String(HomeScriptButton5_label))] | [Skin.HasSetting(HomeScriptButton6) + !IsEmpty(Skin.String(HomeScriptButton6_label))]]</visible>
            </item>
            <item id="90154">
              <description>Button4</description>
              <label>$INFO[Skin.String(HomeScriptButton4_label)]</label>
              <onclick>Setfocus(9000)</onclick>
              <onclick>XBMC.RunScript($INFO[Skin.String(HomeScriptButton4_Path)])</onclick>
              <visible>Skin.HasSetting(HomeScriptButton4) + !IsEmpty(Skin.String(HomeScriptButton4_label))</visible>
              <visible>Container(9000).HasFocus(1) + [[Skin.HasSetting(HomeScriptButton1) + !IsEmpty(Skin.String(HomeScriptButton1_label))] | [Skin.HasSetting(HomeScriptButton2) + !IsEmpty(Skin.String(HomeScriptButton2_label))] | [Skin.HasSetting(HomeScriptButton3) + !IsEmpty(Skin.String(HomeScriptButton3_label))] | [Skin.HasSetting(HomeScriptButton4) + !IsEmpty(Skin.String(HomeScriptButton4_label))] | [Skin.HasSetting(HomeScriptButton5) + !IsEmpty(Skin.String(HomeScriptButton5_label))] | [Skin.HasSetting(HomeScriptButton6) + !IsEmpty(Skin.String(HomeScriptButton6_label))]]</visible>
            </item>
            <item id="90155">
              <description>Button5</description>
              <label>$INFO[Skin.String(HomeScriptButton5_label)]</label>
              <onclick>Setfocus(9000)</onclick>
              <onclick>XBMC.RunScript($INFO[Skin.String(HomeScriptButton5_Path)])</onclick>
              <visible>Skin.HasSetting(HomeScriptButton5) + !IsEmpty(Skin.String(HomeScriptButton5_label))</visible>
              <visible>Container(9000).HasFocus(1) + [[Skin.HasSetting(HomeScriptButton1) + !IsEmpty(Skin.String(HomeScriptButton1_label))] | [Skin.HasSetting(HomeScriptButton2) + !IsEmpty(Skin.String(HomeScriptButton2_label))] | [Skin.HasSetting(HomeScriptButton3) + !IsEmpty(Skin.String(HomeScriptButton3_label))] | [Skin.HasSetting(HomeScriptButton4) + !IsEmpty(Skin.String(HomeScriptButton4_label))] | [Skin.HasSetting(HomeScriptButton5) + !IsEmpty(Skin.String(HomeScriptButton5_label))] | [Skin.HasSetting(HomeScriptButton6) + !IsEmpty(Skin.String(HomeScriptButton6_label))]]</visible>
            </item>
            <item id="90156">
              <description>Button6</description>
              <label>$INFO[Skin.String(HomeScriptButton6_label)]</label>
              <onclick>Setfocus(9000)</onclick>
              <onclick>XBMC.RunScript($INFO[Skin.String(HomeScriptButton6_Path)])</onclick>
              <visible>Skin.HasSetting(HomeScriptButton6) + !IsEmpty(Skin.String(HomeScriptButton6_label))</visible>
              <visible>Container(9000).HasFocus(1) + [[Skin.HasSetting(HomeScriptButton1) + !IsEmpty(Skin.String(HomeScriptButton1_label))] | [Skin.HasSetting(HomeScriptButton2) + !IsEmpty(Skin.String(HomeScriptButton2_label))] | [Skin.HasSetting(HomeScriptButton3) + !IsEmpty(Skin.String(HomeScriptButton3_label))] | [Skin.HasSetting(HomeScriptButton4) + !IsEmpty(Skin.String(HomeScriptButton4_label))] | [Skin.HasSetting(HomeScriptButton5) + !IsEmpty(Skin.String(HomeScriptButton5_label))] | [Skin.HasSetting(HomeScriptButton6) + !IsEmpty(Skin.String(HomeScriptButton6_label))]]</visible>
            </item>
            <!--Movies-->
            <item id="90180">
              <label>$INFO[Skin.String(HomeMoviePlaylist1_Label)]</label>
              <onclick>XBMC.ActivateWindow(10025,$INFO[Skin.String(HomeMoviePlaylist1_Path)],return)</onclick>
              <visible>Container(9000).HasFocus(10)+Skin.HasSetting(HomeMoviePlaylist1)+!IsEmpty(Skin.String(HomeMoviePlaylist1_Label))</visible>
            </item>
            <item id="90181">
              <label>$INFO[Skin.String(HomeMoviePlaylist2_Label)]</label>
              <onclick>XBMC.ActivateWindow(10025,$INFO[Skin.String(HomeMoviePlaylist2_Path)],return)</onclick>
              <visible>Container(9000).HasFocus(10)+Skin.HasSetting(HomeMoviePlaylist2)+!IsEmpty(Skin.String(HomeMoviePlaylist2_Label))</visible>
            </item>
            <item id="90182">
              <label>$INFO[Skin.String(HomeMoviePlaylist3_Label)]</label>
              <onclick>XBMC.ActivateWindow(10025,$INFO[Skin.String(HomeMoviePlaylist3_Path)],return)</onclick>
              <visible>Container(9000).HasFocus(10)+Skin.HasSetting(HomeMoviePlaylist3)+!IsEmpty(Skin.String(HomeMoviePlaylist3_Label))</visible>
            </item>
            <item id="90168">
              <label>$LOCALIZE[31162]</label>
              <onclick>XBMC.ActivateWindow(MyVideoLibrary, plugin://plugin.video.apple.movie.trailers.lite/addon.py,return)</onclick>
              <visible>Container(9000).HasFocus(10)</visible>
            </item>
            <item id="90161">
              <label>369</label>
              <onclick>ActivateWindow(VideoLibrary,MovieTitles,return)</onclick>
              <visible>Container(9000).HasFocus(10)</visible>
            </item>
            <item id="90162">
              <label>135</label>
              <onclick>ActivateWindow(VideoLibrary,MovieGenres,return)</onclick>
              <visible>Container(9000).HasFocus(10)</visible>
            </item>
            <item id="90163">
              <label>652</label>
              <onclick>ActivateWindow(VideoLibrary,MovieYears,return)</onclick>
              <visible>Container(9000).HasFocus(10)</visible>
            </item>
            <item id="90164">
              <label>344</label>
              <onclick>ActivateWindow(VideoLibrary,MovieActors,return)</onclick>
              <visible>Container(9000).HasFocus(10)</visible>
            </item>
            <item id="90165">
              <label>20348</label>
              <onclick>ActivateWindow(VideoLibrary,MovieDirectors,return)</onclick>
              <visible>Container(9000).HasFocus(10)</visible>
            </item>
            <item id="90166">
              <label>31334</label>
              <onclick>ActivateWindow(VideoLibrary,RecentlyAddedMovies,return)</onclick>
              <visible>Container(9000).HasFocus(10)</visible>
            </item>
            <item id="90167">
              <label>24069</label>
              <onclick>UpdateLibrary(video)</onclick>
              <visible>Container(9000).HasFocus(10)</visible>
            </item>
           
            <!--TV Shows-->
            <item id="90176">
              <label>$INFO[Skin.String(HomeTVPlaylist1_Label)]</label>
              <onclick>XBMC.ActivateWindow(10025,$INFO[Skin.String(HomeTVPlaylist1_Path)],return)</onclick>
              <visible>Container(9000).HasFocus(11)+Skin.HasSetting(HomeTVPlaylist1)+!IsEmpty(Skin.String(HomeTVPlaylist1_Label))</visible>
            </item>
            <item id="90177">
              <label>$INFO[Skin.String(HomeTVPlaylist2_Label)]</label>
              <onclick>XBMC.ActivateWindow(10025,$INFO[Skin.String(HomeTVPlaylist2_Path)],return)</onclick>
              <visible>Container(9000).HasFocus(11)+Skin.HasSetting(HomeTVPlaylist2)+!IsEmpty(Skin.String(HomeTVPlaylist2_Label))</visible>
            </item>
            <item id="90178">
              <label>$INFO[Skin.String(HomeTVPlaylist3_Label)]</label>
              <onclick>XBMC.ActivateWindow(10025,$INFO[Skin.String(HomeTVPlaylist3_Path)],return)</onclick>
              <visible>Container(9000).HasFocus(11)+Skin.HasSetting(HomeTVPlaylist3)+!IsEmpty(Skin.String(HomeTVPlaylist3_Label))</visible>
            </item>
            <item id="90171">
              <label>369</label>
              <onclick>ActivateWindow(VideoLibrary,TVShowTitles,return)</onclick>
              <visible>Container(9000).HasFocus(11)</visible>
            </item>
            <item id="90172">
              <label>135</label>
              <onclick>ActivateWindow(VideoLibrary,TVShowGenres,return)</onclick>
              <visible>Container(9000).HasFocus(11)</visible>
            </item>
            <item id="90173">
              <label>652</label>
              <onclick>ActivateWindow(VideoLibrary,TVShowYears,return)</onclick>
              <visible>Container(9000).HasFocus(11)</visible>
            </item>
            <item id="90174">
              <label>344</label>
              <onclick>ActivateWindow(VideoLibrary,TVShowActors,return)</onclick>
              <visible>Container(9000).HasFocus(11)</visible>
            </item>
            <item id="90175">
              <label>31334</label>
              <onclick>ActivateWindow(VideoLibrary,RecentlyAddedEpisodes,return)</onclick>
              <visible>Container(9000).HasFocus(11)</visible>
            </item>
            <!--System-->
			<item id="90180">
            <description>Shutdown Timer</description>
            <label fallback="TIMER">31856</label>
            <onclick>AlarmClock($LOCALIZE[20144],Shutdown(),)</onclick>
            <visible>Container(9000).HasFocus(12)</visible>
          </item>
          <item id="90181">
            <description>Restart Button</description>
            <label>13313</label>
            <onclick>Reset</onclick>
            <visible>Container(9000).HasFocus(12)</visible>
          </item>
          <item id="90182">
            <description>Suspend</description>
            <label>13011</label>
            <onclick>Suspend</onclick>
            <visible>Container(9000).HasFocus(12)</visible>
          </item>
          <item id="90182">
            <description>Hibernate</description>
            <label>13010</label>
            <onclick>Hibernate</onclick>
            <visible>Container(9000).HasFocus(12)</visible>
          </item>
          <item id="90183">
            <description>Logout Button</description>
            <label>20126</label>
            <onclick>System.LogOff</onclick>
            <visible>System.HasLoginScreen</visible>
            <visible>Container(9000).HasFocus(12)</visible>
          </item>
          <item id="90184">
            <description>Quit</description>
            <label>13009</label>
            <onclick>Quit</onclick>
            <visible>Container(9000).HasFocus(12)</visible>
          </item>
          </content>
        </control>
      </control>
      <!-- 
      <control type="image">
        <posx>0</posx>
        <posy>302</posy>
        <width>1280</width>
        <height>150</height>
        <texture>home/homemenu_back.png</texture>
        <include>Animation_CommonFade</include>
      </control>
    
      <control type="image">
        <posx>0</posx>
        <posy>302</posy>
        <width>1280</width>
        <height>150</height>
        <texture>home/homemenu_gradient.png</texture>
        <include>Animation_CommonFade</include>
        <colordiffuse>d0FFFFFF</colordiffuse>
      </control>
       -->
      
      <control type="group">
        <visible>Player.HasMedia + System.IdleTime(8)</visible>
        <include>Animation_OpenCloseZoom</include>
        <posx>0</posx>
        <posy>40</posy>
        <width>1280</width>
        <height>720</height>
        <animation effect="fade"  start="0" end="100" time="750" condition="Player.HasAudio + System.IdleTime(8)">Conditional</animation>
        <control type="progress">
          <description>Progressbar</description>
          <posx>0</posx>
          <posy>304</posy>
          <width>1280</width>
          <height>61</height>
          <info>Player.Progress</info>
          <texturebg>osd/osd_progress_clear.png</texturebg>
          <lefttexture>-</lefttexture>
          <midtexture>osd/osd_progressmid.png</midtexture>
          <righttexture>-</righttexture>
          <overlaytexture>-</overlaytexture>
        </control>
        <control type="image">
          <posx>0</posx>
          <posy>302</posy>
          <width>1280</width>
          <height>65</height>
          <texture>!osd/fullscreen_bottom.png</texture>
        </control>
        
      </control>
      <control type="image">
        <posx>0</posx>
        <posy>340</posy>
        <width>1280</width>
        <height>66</height>
        <texture>osd/osd_back.png</texture>
        <include>Animation_CommonFade</include>
      </control>
      <control type="label">
        <posx>0</posx>
        <posy>344</posy>
        <width>1280</width>
        <height>61</height>
        <align>center</align>
        <aligny>center</aligny>
        <font>Font_MainMenu</font>
        <textcolor>48FFFFFF</textcolor>
        <label>$INFO[Player.Time]   /   $INFO[Player.Duration]</label>
        <animation effect="fade"  start="0" end="100" time="1050" condition="Player.HasAudio + System.IdleTime(8)">Conditional</animation>
        <visible>Player.HasMedia + System.IdleTime(8)</visible>
      </control>
      <control type="wraplist" id="9000">
        <hitrect x="50" y="50" w="330" h="620" />
        <posx>-40</posx>
        <posy>300</posy>
        <width>1500</width>
        <height>150</height>
        <onleft>9000</onleft>
        <onright>9000</onright>
        <onup>10</onup>
        <ondown>330</ondown>
        <pagecontrol>-</pagecontrol>
        <scrolltime>300</scrolltime>
        <focusposition>2</focusposition>
        <movement>2</movement>
        <onfocus>SetFocus(9000)</onfocus>
        <visible>![Player.HasMedia + System.IdleTime(8)]</visible>
        <orientation>horizontal</orientation>
        <animation effect="fade" start="0" end="100" time="200">Visible</animation>
        <animation effect="fade" start="100" end="30" time="200" condition="Window.IsVisible(1113) | ControlGroup(9001).HasFocus | ControlGroup(10).HasFocus | Control.HasFocus(8000) | Control.HasFocus(8001)">conditional</animation>
        <itemlayout height="150" width="340">
          <control type="label">
            <posx>0</posx>
            <posy>0</posy>
            <width>340</width>
            <height>150</height>
            <font>Font_MainMenu</font>
            <textcolor>48FFFFFF</textcolor>
            <align>center</align>
            <aligny>center</aligny>
            <label>[UPPERCASE]$INFO[ListItem.Label][/UPPERCASE]</label>
            <animation effect="fade" start="100" end="30" time="200" condition="Window.IsVisible(1113) | ControlGroup(9001).HasFocus | ControlGroup(10).HasFocus">conditional</animation>
          </control>
        </itemlayout>
        <focusedlayout height="150" width="340">
          <control type="label">
            <posx>0</posx>
            <posy>0</posy>
            <width>340</width>
            <height>150</height>
            <font>Font_MainMenu</font>
            <textcolor>white</textcolor>
            <align>center</align>
            <aligny>center</aligny>
            <label>[UPPERCASE]$INFO[ListItem.Label][/UPPERCASE]</label>
          </control>
        </focusedlayout>
        <content>
          <item id="4">
            <label>1</label>
            <onclick>ActivateWindow(Pictures)</onclick>
            <icon>special://skin/backgrounds/pictures.jpg</icon>
            <thumb>$INFO[Skin.String(Home_Custom_Back_Pictures_Folder)]</thumb>
            <visible>!Skin.HasSetting(HomeMenuNoPicturesButton)</visible>
          </item>
          <item id="3">
            <label>2</label>
            <onclick>ActivateWindow(Music)</onclick>
            <icon>special://skin/backgrounds/music.jpg</icon>
            <thumb>$INFO[Skin.String(Home_Custom_Back_Music_Folder)]</thumb>
            <visible>!Skin.HasSetting(HomeMenuNoMusicButton)</visible>
          </item>
          <item id="10">
            <label>20342</label>
            <onclick>ActivateWindow(VideoLibrary,MovieTitles,return)</onclick>
            <icon>special://skin/backgrounds/movies.jpg</icon>
            <thumb>$INFO[Skin.String(Home_Custom_Back_Movies_Folder)]</thumb>
            <visible>Skin.HasSetting(HomeMenuNoMoviesButton) + Library.HasContent(Movies)</visible>
          </item>
          <item id="11">
            <label>20343</label>
            <onclick>ActivateWindow(VideoLibrary,TVShowTitles,return)</onclick>
            <icon>special://skin/backgrounds/tvshows.jpg</icon>
            <thumb>$INFO[Skin.String(Home_Custom_Back_TVShow_Folder)]</thumb>
            <visible>Skin.HasSetting(HomeMenuNoTVShowsButton) + Library.HasContent(TVShows)</visible>
          </item>
          <item id="15">
            <label>$INFO[Skin.String(HomeMenuVideoPlaylist1_Label)]</label>
            <onclick>XBMC.ActivateWindow(10025,$INFO[Skin.String(HomeMenuVideoPlaylist1_Path)],return)</onclick>
            <icon>special://skin/backgrounds/playlist.jpg</icon>
            <thumb>$INFO[Skin.String(Home_Custom_Back_Custom1_Folder)]</thumb>
            <visible>Skin.HasSetting(HomeMenuVideoPlaylist1)+!IsEmpty(Skin.String(HomeMenuVideoPlaylist1_Label))</visible>
          </item>
          <item id="16">
            <label>$INFO[Skin.String(HomeMenuVideoPlaylist2_Label)]</label>
            <icon>special://skin/backgrounds/playlist.jpg</icon>
            <thumb>$INFO[Skin.String(Home_Custom_Back_Custom1_Folder)]</thumb>
            <onclick>XBMC.ActivateWindow(10025,$INFO[Skin.String(HomeMenuVideoPlaylist2_Path)],return)</onclick>
            <visible>Skin.HasSetting(HomeMenuVideoPlaylist2)+!IsEmpty(Skin.String(HomeMenuVideoPlaylist2_Label))</visible>
          </item>
          <item id="17">
            <label>$INFO[Skin.String(HomeMenuVideoPlaylist3_Label)]</label>
            <icon>special://skin/backgrounds/playlist.jpg</icon>
            <thumb>$INFO[Skin.String(Home_Custom_Back_Custom1_Folder)]</thumb>
            <onclick>XBMC.ActivateWindow(10025,$INFO[Skin.String(HomeMenuVideoPlaylist3_Path)],return)</onclick>
            <visible>Skin.HasSetting(HomeMenuVideoPlaylist3)+!IsEmpty(Skin.String(HomeMenuVideoPlaylist3_Label))</visible>
          </item>
          <item id="2">
            <label>3</label>
            <onclick>ActivateWindow(Videos)</onclick>
            <icon>special://skin/backgrounds/videos.jpg</icon>
            <thumb>$INFO[Skin.String(Home_Custom_Back_Video_Folder)]</thumb>
            <visible>!Skin.HasSetting(HomeMenuNoVideosButton) + ![Skin.HasSetting(HomeMenuNoMoviesButton) + Skin.HasSetting(HomeMenuNoTVShowsButton)]</visible>
          </item>
          <item id="2">
            <label>3</label>
            <onclick>ActivateWindow(VideoFiles)</onclick>
            <icon>special://skin/backgrounds/videos.jpg</icon>
            <thumb>$INFO[Skin.String(Home_Custom_Back_Video_Folder)]</thumb>
            <visible>!Skin.HasSetting(HomeMenuNoVideosButton) + [Skin.HasSetting(HomeMenuNoMoviesButton) + Skin.HasSetting(HomeMenuNoTVShowsButton)]</visible>
          </item>

          <item id="1">
            <label>0</label>
            <onclick>ActivateWindow(Programs,Addons,return)</onclick>
            <icon>special://skin/backgrounds/programs.jpg</icon>
            <thumb>$INFO[Skin.String(Home_Custom_Back_Programs_Folder)]</thumb>
            <visible>!Skin.HasSetting(HomeMenuNoProgramsButton)</visible>
          </item>
          <item id="5">
            <label>13000</label>
            <onclick>ActivateWindow(Settings)</onclick>
            <icon>special://skin/backgrounds/system.jpg</icon>
            <thumb>$INFO[Skin.String(Home_Custom_Back_Settings_Folder)]</thumb>
          </item>
          <item id="12">
            <label>13005</label>
            <include condition="!Skin.HasSetting(shutdownwarning)">NoShutdownWarning</include>
            <include condition="Skin.HasSetting(shutdownwarning)">ShutdownWarning</include>
            <icon>special://skin/backgrounds/shutdown.jpg</icon>
            <thumb>$INFO[Skin.String(Home_Custom_Back_Shutdown_Folder)]</thumb>
            <visible>!Skin.HasSetting(HomeMenuNoShutdownButton)</visible>
          </item>
          <item id="13">
            <label>1036</label>
            <onclick>ActivateWindow(Favourites)</onclick>
            <icon>special://skin/backgrounds/favourites.jpg</icon>
            <thumb>$INFO[Skin.String(Home_Custom_Back_Favourites_Folder)]</thumb>
            <visible>!Skin.HasSetting(HomeMenuNoFavouritesButton)</visible>
          </item>
          <item id="14">
            <label>341</label>
            <onclick>XBMC.PlayDVD()</onclick>
            <icon>special://skin/backgrounds/play_disc.jpg</icon>
            <thumb>$INFO[Skin.String(Home_Custom_Back_Disc_Folder)]</thumb>
            <visible>System.HasMediadvd</visible>
          </item>
          <item id="6">
            <label>8</label>
            <onclick>ActivateWindow(Weather)</onclick>
            <icon>special://skin/backgrounds/weather.jpg</icon>
            <thumb>$INFO[Skin.String(Home_Custom_Back_Weather_Folder)]</thumb>
            <visible>!Skin.HasSetting(HomeMenuNoWeatherButton)</visible>
            <visible>!Skin.HasSetting(ShowWeatherFanart) | IsEmpty(Skin.String(WeatherFanartDir))</visible>
          </item>
          <item id="6">
            <label>8</label>
            <onclick>ActivateWindow(Weather)</onclick>
            <icon>special://skin/backgrounds/weather.jpg</icon>
            <thumb>$INFO[Skin.String(WeatherFanartDir)]$INFO[Weather.FanartCode]</thumb>
            <visible>!Skin.HasSetting(HomeMenuNoWeatherButton)</visible>
            <visible>Skin.HasSetting(ShowWeatherFanart) + !IsEmpty(Skin.String(WeatherFanartDir))</visible>
          </item>
        </content>
      </control>
    </control>




    <!-- Music Info -->
    <control type="group">
      <visible>Player.HasAudio+ !Skin.HasSetting(homepageMusicinfo)</visible>
      <posx>3</posx>
      <animation effect="slide" start="0,0" end="0,-180" time="400" tween="cubic" easing="inout" condition="Skin.HasSetting(lowermainmenu)|Skin.HasSetting(Lockhomemenulow)">Conditional</animation>
      <animation effect="slide" start="0,0" end="-27,-270" time="400" tween="cubic" easing="inout" condition="[Skin.HasSetting(lowermainmenu)|Skin.HasSetting(Lockhomemenulow)]+[[Control.HasFocus(8000)+Skin.HasSetting(HomeMenuNoMoviesButton) + Skin.HasSetting(HomeMenuNoTVShowsButton)]|Control.HasFocus(8001)]">Conditional</animation>
      <animation effect="slide" start="0,0" end="0,-270" time="400" tween="cubic" easing="inout" condition="[Skin.HasSetting(lowermainmenu)|Skin.HasSetting(Lockhomemenulow)]+Control.HasFocus(8002)">Conditional</animation>
      <animation effect="slide" start="0,0" end="0,-420" time="400" tween="cubic" easing="inout" condition="[!Skin.HasSetting(lowermainmenu)+!Skin.HasSetting(Lockhomemenulow)]+Control.HasFocus(8002)">Conditional</animation>
      <animation effect="slide" start="0,0" end="-27,-420" time="400" tween="cubic" easing="inout" condition="[!Skin.HasSetting(lowermainmenu)+!Skin.HasSetting(Lockhomemenulow)]+[[Control.HasFocus(8000)+Skin.HasSetting(HomeMenuNoMoviesButton) + Skin.HasSetting(HomeMenuNoTVShowsButton)]|Control.HasFocus(8001)]">Conditional</animation>
      <control type="image">
        <description>media info background image</description>
        <posx>-27</posx>
        <posy>240</posy>
        <width>1350</width>
        <height>630</height>
        <texture flipy="true">home/nowplaying_shadow.png</texture>
        <visible>[Control.HasFocus(8000)|Control.HasFocus(8001)|Control.HasFocus(8002)]</visible>
        <animation effect="slide" start="0,0" end="0,165" time="400" tween="cubic" easing="inout" condition="[Control.HasFocus(8000)+!Skin.HasSetting(HomeMenuNoMoviesButton) + !Skin.HasSetting(HomeMenuNoTVShowsButton)]">Conditional</animation>
      </control>
      <control type="image">
          <posx>250</posx>
          <posy>517</posy>
          <width>309</width>
          <aspectratio>stretch</aspectratio>
          <texture>home/nowplaying/nowplayline.png</texture>
          <animation effect="slide" start="1280" end="0" time="800" tween="cubic" easing="out" delay="1700">WindowOpen</animation>
        <animation effect="slide" start="0" end="-900" time="800" tween="cubic" easing="out">WindowClose</animation>
      </control>
        <control type="image">
          <posx>250</posx>
          <posy>627</posy>
          <width>309</width>
          <aspectratio>stretch</aspectratio>
          <texture>home/nowplaying/nowplayline.png</texture>
          <animation effect="slide" start="1280" end="0" time="800" tween="cubic" easing="out" delay="1700">WindowOpen</animation>
          <animation effect="slide" start="0" end="-900" time="800" tween="cubic" easing="out">WindowClose</animation>
        </control>
        <control type="image">
          <description>Cd overlay</description>
          <animation effect="slide" start="0" end="-900" time="800" tween="cubic" easing="out">WindowClose</animation>
          <animation type="WindowOpen" reversible="false" condition="Window.Previous(Startup)">
            <effect type="zoom" start="180" end="100" center="640,600" time="2500" tween="cubic" easing="out"/>
            <effect type="fade" start="0" end="100" time="2000"/>
          </animation>
          <animation type="WindowOpen" reversible="false" condition="!Window.Previous(Startup)">
            <effect type="zoom" start="150" end="100" center="640,600" time="900" tween="cubic" easing="out"/>
            <effect type="fade" start="0" end="100" time="900"/>
          </animation>
          <animation type="WindowClose" condition="!Player.Playing">
            <effect type="slide" start="0" end="-114" time="700" tween="cubic" easing="in" delay="0"/>
            <effect type="fade" start="100" end="0" time="600"/>
          </animation>
          <animation effect="rotate" end="-360" center="auto" time="6000" loop="true" reversible="false" condition="!Player.Paused">Conditional</animation>
          <width>240</width>
          <height>240</height>
          <posx>140</posx>
          <fadetime>300</fadetime>
          <posy>456</posy>
          <aligny>top</aligny>
          <texture background="true" fallback="common/cdart/default.png">$INFO[Player.FolderPath]cdart.png</texture>
          <aspectratio align="bottom">keep</aspectratio>
        </control>
        <!-- Cover and Overlay-->
        <control type="group">
          <animation type="WindowOpen" reversible="false" condition="Window.Previous(Startup)">
            <effect type="zoom" start="180" end="100" center="640,600" time="2500" tween="cubic" easing="out"/>
          </animation>
          <animation type="WindowOpen" reversible="false" condition="!Window.Previous(Startup)">
            <effect type="zoom" start="150" end="100" center="640,600" time="900" tween="cubic" easing="out"/>
          </animation>
          <animation effect="slide" start="0" end="-900" time="800" tween="cubic" easing="out">WindowClose</animation>
          <control type="image">
            <posx>40</posx>
            <posy>455</posy>
            <height>242</height>
            <width>242</width>
            <texture background="true" fallback="defaultmusic.png" diffuse="thumbs/cdcover_mask2.png">$INFO[MusicPlayer.Cover]</texture>
            <aspectratio>stretch</aspectratio>
          </control>
          <control type="image">
            <posx>40</posx>
            <posy>455</posy>
            <height>242</height>
            <width>242</width>
            <texture diffuse="thumbs/cdcover_mask2.png">thumbs/cd_glass_noedge.png</texture>
            <aspectratio align="bottom">stretch</aspectratio>
          </control>
        </control>
      <control type="group">
        <posy>10</posy>
        <posx>10</posx>
        <animation effect="slide" start="1280" end="0" time="800" tween="cubic" easing="out" delay="1700">WindowOpen</animation>
        <animation effect="slide" start="0" end="-900" time="800" tween="cubic" easing="out">WindowClose</animation>
        <control type="label">
          <posx>360</posx>
          <posy>478</posy>
          <label>[UPPERCASE]$INFO[MusicPlayer.Artist][/UPPERCASE]</label>
          <font>Font_Reg21</font>
          <width>483</width>
          <height>25</height>
          <aligny>left</aligny>
        </control>
        <control type="label">
          <posx>380</posx>
          <posy>510</posy>
          <width>483</width>
          <height>25</height>
          <aligny>left</aligny>
          <textcolor>abFFFFFF</textcolor>
          <label>[UPPERCASE]$INFO[MusicPlayer.Album][/UPPERCASE]</label>
          <font>Font_Info</font>
        </control>
        <control type="label">
          <posx>377</posx>
          <width>483</width>
          <height>25</height>
          <aligny>left</aligny>
          <posy>594</posy>
          <textcolor>ab749a9a</textcolor>
          <label>[UPPERCASE]$LOCALIZE[31040][/UPPERCASE]</label>
          <font>Font_Info</font>
          <visible>!Player.Paused</visible>
        </control>
        <control type="label">
          <posx>377</posx>
          <width>483</width>
          <height>25</height>
          <aligny>left</aligny>
          <posy>594</posy>
          <textcolor>ab749a9a</textcolor>
          <label>31043</label>
          <font>Font_Info</font>
          <visible>Player.Paused</visible>
        </control>
        <control type="label">
          <posx>365</posx>
          <width>483</width>
          <height>50</height>
          <aligny>left</aligny>
          <posy>615</posy>
          <textcolor>abFFFFFF</textcolor>
          <label>[UPPERCASE]$INFO[MusicPlayer.Title][/UPPERCASE]</label>
          <font>Font_Reg22</font>
          <wrapmultiline>true</wrapmultiline>
        </control>
      </control>
      <control type="group">
        <animation effect="slide" start="0,-600" end="0,0" time="800" tween="sine" easing="out" delay="1700">WindowOpen</animation>
        <animation effect="slide" start="0,0" end="0,-600" time="800" tween="cubic" easing="out">WindowClose</animation>
        <animation effect="fade" time="400" >VisibleChange</animation>
        <visible>Container(9000).HasFocus(1)|[Container(9000).Hasfocus(2) + Skin.HasSetting(HomeMenuNoMoviesButton)]|[Container(9000).Hasfocus(2) + Skin.HasSetting(HomeMenuNoTVShowsButton)]|Container(9000).HasFocus(4)|Container(9000).HasFocus(5)|Container(9000).HasFocus(6)|Container(9000).HasFocus(12)|Container(9000).HasFocus(13)|Container(9000).HasFocus(14)|Control.HasFocus(8000)|Control.HasFocus(8001)|Control.HasFocus(8002)</visible>
        <visible>!IsEmpty(MusicPlayer.offset(1).Title)+Skin.HasSetting(itemsplaylist)</visible>
        <control type="label">
          <posx>777</posx>
          <width>483</width>
          <height>25</height>
          <aligny>left</aligny>
          <posy>485</posy>
          <textcolor>ab749a9a</textcolor>
          <label>[UPPERCASE]$LOCALIZE[209] $LOCALIZE[182]:[/UPPERCASE]</label>
          <font>Font_Info</font>
        </control>
        <control type="label">
          <posx>777</posx>
          <posy>510</posy>
          <width>483</width>
          <height>25</height>
          <aligny>left</aligny>
          <textcolor>abFFFFFF</textcolor>
          <label>[UPPERCASE][COLOR ab749a9a]1: [/COLOR]$INFO[MusicPlayer.Offset(1).Artist] - $INFO[MusicPlayer.Offset(1).Title][/UPPERCASE]</label>
          <font>Font_Info</font>
        </control>
        <control type="label">
          <posx>777</posx>
          <posy>525</posy>
          <width>483</width>
          <height>25</height>
          <aligny>left</aligny>
          <textcolor>abFFFFFF</textcolor>
          <label>[UPPERCASE][COLOR ab749a9a]2: [/COLOR]$INFO[MusicPlayer.Offset(2).Artist] - $INFO[MusicPlayer.Offset(2).Title][/UPPERCASE]</label>
          <font>Font_Info</font>
          <visible>!IsEmpty(MusicPlayer.Offset(2).Title)</visible>
        </control>
        <control type="label">
          <posx>777</posx>
          <posy>540</posy>
          <width>483</width>
          <height>25</height>
          <aligny>left</aligny>
          <textcolor>abFFFFFF</textcolor>
          <label>[UPPERCASE][COLOR ab749a9a]3: [/COLOR]$INFO[MusicPlayer.Offset(3).Artist] - $INFO[MusicPlayer.Offset(3).Title][/UPPERCASE]</label>
          <font>Font_Info</font>
          <visible>!IsEmpty(MusicPlayer.Offset(3).Title)</visible>
        </control>
        <control type="label">
          <posx>777</posx>
          <posy>555</posy>
          <width>483</width>
          <height>25</height>
          <aligny>left</aligny>
          <textcolor>abFFFFFF</textcolor>
          <label>[UPPERCASE][COLOR ab749a9a]4: [/COLOR]$INFO[MusicPlayer.Offset(4).Artist] - $INFO[MusicPlayer.Offset(4).Title][/UPPERCASE]</label>
          <font>Font_Info</font>
          <visible>!IsEmpty(MusicPlayer.Offset(4).Title)</visible>
        </control>
        <control type="label">
          <posx>777</posx>
          <posy>570</posy>
          <width>483</width>
          <height>25</height>
          <aligny>left</aligny>
          <textcolor>abFFFFFF</textcolor>
          <label>[UPPERCASE][COLOR ab749a9a]5: [/COLOR]$INFO[MusicPlayer.Offset(5).Artist] - $INFO[MusicPlayer.Offset(5).Title][/UPPERCASE]</label>
          <font>Font_Info</font>
          <visible>!IsEmpty(MusicPlayer.Offset(5).Title)</visible>
        </control>
        <control type="group">
          <visible>!Skin.HasSetting(tenitemsplaylist)</visible>
          <control type="label">
            <posx>777</posx>
            <posy>585</posy>
            <width>483</width>
            <height>25</height>
            <aligny>left</aligny>
            <textcolor>abFFFFFF</textcolor>
            <label>[UPPERCASE][COLOR ab749a9a]6: [/COLOR]$INFO[MusicPlayer.Offset(6).Artist] - $INFO[MusicPlayer.Offset(6).Title][/UPPERCASE]</label>
            <font>Font_Info</font>
            <visible>!IsEmpty(MusicPlayer.Offset(6).Title)</visible>
          </control>
          <control type="label">
            <posx>777</posx>
            <posy>600</posy>
            <width>483</width>
            <height>25</height>
            <aligny>left</aligny>
            <textcolor>abFFFFFF</textcolor>
            <label>[UPPERCASE][COLOR ab749a9a]7: [/COLOR]$INFO[MusicPlayer.Offset(7).Artist] - $INFO[MusicPlayer.Offset(7).Title][/UPPERCASE]</label>
            <font>Font_Info</font>
            <visible>!IsEmpty(MusicPlayer.Offset(7).Title)</visible>
          </control>
          <control type="label">
            <posx>777</posx>
            <posy>615</posy>
            <width>483</width>
            <height>25</height>
            <aligny>left</aligny>
            <textcolor>abFFFFFF</textcolor>
            <label>[UPPERCASE][COLOR ab749a9a]8: [/COLOR]$INFO[MusicPlayer.Offset(8).Artist] - $INFO[MusicPlayer.Offset(8).Title][/UPPERCASE]</label>
            <font>Font_Info</font>
            <visible>!IsEmpty(MusicPlayer.Offset(8).Title)</visible>
          </control>
          <control type="label">
            <posx>777</posx>
            <posy>630</posy>
            <width>483</width>
            <height>25</height>
            <aligny>left</aligny>
            <textcolor>abFFFFFF</textcolor>
            <label>[UPPERCASE][COLOR ab749a9a]9: [/COLOR]$INFO[MusicPlayer.Offset(9).Artist] - $INFO[MusicPlayer.Offset(9).Title][/UPPERCASE]</label>
            <font>Font_Info</font>
            <visible>!IsEmpty(MusicPlayer.Offset(9).Title)</visible>
          </control>
          <control type="label">
            <posx>777</posx>
            <posy>645</posy>
            <width>483</width>
            <height>25</height>
            <aligny>left</aligny>
            <textcolor>abFFFFFF</textcolor>
            <label>[UPPERCASE][COLOR ab749a9a]10: [/COLOR]$INFO[MusicPlayer.Offset(10).Artist] - $INFO[MusicPlayer.Offset(10).Title][/UPPERCASE]</label>
            <font>Font_Info</font>
            <visible>!IsEmpty(MusicPlayer.Offset(10).Title)</visible>
          </control>
        </control>
      </control>
    </control>
    <!-- Video Info -->
    <control type="group">
      <posx>0</posx>
      <posy>0</posy>
      <visible>Player.HasVideo + !Skin.HasSetting(homepageVideoinfo)+Skin.HasSetting(ShowBackgroundVideo)</visible>
      <animation effect="slide" tween="cubic" easing="inout" time="1300" start="-800,0" end="0,0" delay="1000">Visible</animation>
      <animation effect="slide" tween="cubic" easing="inout" time="1300" start="-800,0" end="0,0" delay="1000">WindowOpen</animation>
      <include>Animation_CommonFade</include>
      <control type="image">
        <description>gradient</description>
        <posx>254</posx>
        <posy>-11</posy>
        <width>775</width>
        <height>342</height>
        <texture>home/nowplaying/OverlayDialogBackground.png</texture>
      </control>
      <control type="image">
        <posx>280</posx>
        <posy>10</posy>
        <width>720</width>
        <height>300</height>
        <texture>common/black.png</texture>
      </control>
      <control type="videowindow">
        <posx>280</posx>
        <posy>10</posy>
        <width>720</width>
        <height>300</height>
      </control>
     
   
    
    </control>
    <control type="button" id="10">
      <description>Power push button</description>
      <posx>90</posx>
      <posy>0</posy>
      <width>43</width>
      <height>43</height>
      <label>31003</label>
      <font>-</font>
      <aligny>-</aligny>
      <onclick>Skin.ToggleSetting(lowermainmenu)</onclick>
      <onfocus>Skin.ToggleSetting(lowermainmenu)</onfocus>
      <onfocus>SetFocus(9000)</onfocus>
      <texturefocus>-</texturefocus>
      <texturenofocus>-</texturenofocus>
      <onleft>21</onleft>
      <onright>9000</onright>
      <onup>9000</onup>
      <ondown>9000</ondown>
      <visible>[Skin.HasSetting(HomeMenuNoMoviesButton)+!Skin.HasSetting(Lockhomemenu)]</visible>
    </control>
    <control type="button" id="10">
      <description>Power push button</description>
      <posx>90</posx>
      <posy>0</posy>
      <width>43</width>
      <height>43</height>
      <label>31003</label>
      <font>-</font>
      <aligny>-</aligny>
      <onfocus>SetFocus(8000)</onfocus>
      <texturefocus>-</texturefocus>
      <texturenofocus>-</texturenofocus>
      <onleft>21</onleft>
      <onright>9000</onright>
      <onup>9000</onup>
      <ondown>9000</ondown>
      <visible>[Container(9000).Hasfocus(2) + !Skin.HasSetting(HomeMenuNoMoviesButton)]</visible>
    </control>
    <control type="button" id="10">
      <description>Power push button</description>
      <posx>90</posx>
      <posy>0</posy>
      <width>43</width>
      <height>43</height>
      <label>31003</label>
      <font>-</font>
      <aligny>-</aligny>
      <onfocus>SetFocus(9000)</onfocus>
      <texturefocus>-</texturefocus>
      <texturenofocus>-</texturenofocus>
      <onleft>21</onleft>
      <onright>9000</onright>
      <onup>9000</onup>
      <ondown>9000</ondown>
      <visible>[Container(9000).Hasfocus(2) + !Skin.HasSetting(HomeMenuNoMoviesButton)]|[Skin.HasSetting(Lockhomemenu)+!Skin.HasSetting(Lockhomemenulow)]</visible>
    </control>
    <control type="button" id="10">
      <description>Power push button</description>
      <posx>90</posx>
      <posy>0</posy>
      <width>43</width>
      <height>43</height>
      <label>31003</label>
      <font>-</font>
      <aligny>-</aligny>
      <onfocus>SetFocus(8000)</onfocus>
      <texturefocus>-</texturefocus>
      <texturenofocus>-</texturenofocus>
      <onleft>21</onleft>
      <onright>9000</onright>
      <onup>9000</onup>
      <ondown>9000</ondown>
      <visible>Container(9000).Hasfocus(10)+Skin.HasSetting(Lockhomemenu)+Skin.HasSetting(Lockhomemenulow)</visible>
    </control>
    <control type="button" id="10">
      <description>Power push button</description>
      <posx>90</posx>
      <posy>0</posy>
      <width>43</width>
      <height>43</height>
      <label>31003</label>
      <font>-</font>
      <aligny>-</aligny>
      <onfocus>SetFocus(8001)</onfocus>
      <texturefocus>-</texturefocus>
      <texturenofocus>-</texturenofocus>
      <onleft>21</onleft>
      <onright>9000</onright>
      <onup>9000</onup>
      <ondown>9000</ondown>
      <visible>Container(9000).Hasfocus(11)+Skin.HasSetting(Lockhomemenu)+Skin.HasSetting(Lockhomemenulow)</visible>
    </control>
    <control type="button" id="10">
      <description>Power push button</description>
      <posx>90</posx>
      <posy>0</posy>
      <width>43</width>
      <height>43</height>
      <label>31003</label>
      <font>-</font>
      <aligny>-</aligny>
      <onfocus>SetFocus(8002)</onfocus>
      <texturefocus>-</texturefocus>
      <texturenofocus>-</texturenofocus>
      <onleft>21</onleft>
      <onright>9000</onright>
      <onup>9000</onup>
      <ondown>9000</ondown>
      <visible>Container(9000).Hasfocus(3)+Skin.HasSetting(Lockhomemenu)+Skin.HasSetting(Lockhomemenulow)</visible>
    </control>
  </controls>
</window>
