<includes>
	<include name="CommonRootView">
		<control type="group">
			<visible>Control.IsVisible(50)</visible>
      <control type="image">
        <posx>0</posx>
        <posy>335</posy>
        <width>1280</width>
        <height>405</height>
        <texture>views/showcase_floor.png</texture>
        <include>Animation_CommonFade</include>
      </control>
      <control type="image" id="232">
        <animation effect="slide" time="1000" start="800,0" end="0,0" tween="cubic" easing="out">Visible</animation>
        <width>587</width>
        <height>137</height>
        <posx>693</posx>
        <posy>603</posy>
        <texture>views/list_spot.png</texture>
      </control>
      <control type="image">
        <width>1280</width>
        <height>603</height>
        <texture>common/black.png</texture>
        <colordiffuse>aaffffff</colordiffuse>
      </control>
      <control type="group">
        <animation effect="slide" time="700" start="-800,0" end="0,0" tween="cubic" easing="out">WindowOpen</animation>
        <animation effect="slide" time="700" start="0,0" end="-800,0" tween="cubic" easing="out">WindowClose</animation>
        <animation effect="slide" time="700" start="-800,0" end="0,0" tween="cubic" easing="out">Visible</animation>
        <animation effect="fade" time="200" start="100" end="0">Hidden</animation>
        <control type="image">
          <include>Animation_CommonFade</include>
          <posx>60</posx>
          <posy>73</posy>
          <width>759</width>
          <height>647</height>
          <texture background="true">views/listpanel_black.png</texture>
          <visible>!Skin.HasSetting(listpanelthin)</visible>
        </control>
        <control type="image">
          <include>Animation_CommonFade</include>
          <posx>60</posx>
          <posy>73</posy>
          <width>759</width>
          <height>647</height>
          <texture>views/listpanel_back.png</texture>
        </control>
        <control type="image">
          <posx>96</posx>
          <posy>82</posy>
          <width>53</width>
          <height>579</height>
          <texture>views/listpanel_detailwide.png</texture>
          <visible>Window.IsActive(musicplaylist) | Window.IsActive(musicfiles) | [Window.IsActive(musiclibrary)+!Container.Content(albums)+!Skin.HasSetting(slimlist)] | [Window.IsActive(videolibrary)+!Container.Content(movies)+!Skin.HasSetting(slimlist)]</visible>
        </control>
        <control type="image">
          <posx>669</posx>
          <posy>82</posy>
          <width>97</width>
          <height>567</height>
          <texture>views/listpanel_detailwide.png</texture>
          <visible>Control.IsVisible(50) + [[[Window.IsActive(pictures) | Window.IsActive(videofiles) | Window.IsActive(programs) | Window.IsActive(scripts)  | [Window.IsActive(videolibrary) + !Skin.HasSetting(videotv)]] ] | [[Window.IsActive(videolibrary) + Skin.HasSetting(videotv)] + !Skin.HasSetting(slimlist)] | [Window.IsActive(musicplaylist) | Window.IsActive(musicfiles) | Container.Content(albums) | Container.Content(songs)]]</visible>
        </control>
        <control type="list" id="50">
          <posx>60</posx>
          <posy>105</posy>
          <width>771</width>
          <height>520</height>
          <onleft>60</onleft>
          <onright>SetFocus(9000)</onright>
          <onup>50</onup>
          <ondown>50</ondown>
          <viewtype label="535">list</viewtype>
          <pagecontrol>60</pagecontrol>
          <scrolltime>200</scrolltime>
          <itemlayout height="65" condition="!Skin.HasSetting(slimlist)">
            <control type="image">
              <posx>12</posx>
              <posy>64</posy>
              <height>1</height>
              <width>739</width>
              <texture background="true">views/listpanel_line.png</texture>
            </control>
            <control type="group">
              <visible>[!Container.Content(albums)+!Container.Content(songs)+!Container.Content(movies)+!Container.Content(episodes)+!Window.IsActive(videofiles)+!Window.IsActive(pictures)]|Window.IsActive(videofiles)</visible>
            <control type="label">
              <posx>105</posx>
              <posy>12</posy>
              <width>480</width>
              <height>41</height>
              <font>Font_Reg22</font>
              <aligny>center</aligny>
              <include>listcolornofocus</include>
              <info>ListItem.Label</info>
            </control>
            <control type="label">
              <posx>656</posx>
              <posy>12</posy>
              <width>125</width>
              <height>41</height>
              <font>Font_Reg15</font>
              <align>center</align>
              <aligny>center</aligny>
              <include>listcolornofocus</include>
              <label>$INFO[ListItem.Label2]</label>
            </control>
            </control>
            <control type="group">
              <visible>Container.Content(songs)|Container.Content(albums)</visible>
              <control type="label">
                <posx>105</posx>
                <posy>23</posy>
                <width>480</width>
                <height>41</height>
                <font>Font_Reg22</font>
                <aligny>center</aligny>
                <include>listcolornofocus</include>
                <info>ListItem.label</info>
                <visible>[IsEmpty(ListItem.Title)+Container.Content(songs)]|[IsEmpty(ListItem.Album) + Container.Content(albums)]</visible>
              </control>
              <control type="label">
                <posx>62</posx>
                <posy>0</posy>
                <width>45</width>
                <height>61</height>
                <font>Font_OSDTitle2</font>
                <align>center</align>
                <aligny>center</aligny>
                <include>listcolornofocus</include>
                <label>$INFO[ListItem.TrackNumber]</label>
                <visible>Container.Content(songs)</visible>
              </control>
              <control type="label">
                <posx>105</posx>
                <posy>1</posy>
                <width>480</width>
                <height>41</height>
                <font>Font_Reg22</font>
                <aligny>center</aligny>
                <include>listcolornofocus</include>
                <info>ListItem.Title</info>
                <visible>Container.Content(songs)</visible>
              </control>
              <control type="label">
                <posx>105</posx>
                <posy>1</posy>
                <width>480</width>
                <height>41</height>
                <font>Font_Reg22</font>
                <aligny>center</aligny>
                <include>listcolornofocus</include>
                <info>ListItem.Album</info>
                <visible>Container.Content(albums)</visible>
              </control>
              <control type="label">
                <posx>105</posx>
                <posy>23</posy>
                <width>470</width>
                <height>41</height>
                <font>Font_Reg17</font>
                <align>left</align>
                <aligny>center</aligny>
                <include>subcolornofocus</include>
                <label>$INFO[ListItem.Artist]</label>
              </control>
              <control type="label">
                <posx>656</posx>
                <posy>0</posy>
                <width>85</width>
                <height>41</height>
                <font>Font_Reg15</font>
                <align>center</align>
                <aligny>center</aligny>
                <include>detailcolornofocus</include>
                <label>[UPPERCASE]$INFO[ListItem.Label2][/UPPERCASE]</label>
                <visible>Container.Content(songs)</visible>
              </control>
              <control type="label">
                <posx>656</posx>
                <posy>0</posy>
                <width>85</width>
                <height>41</height>
                <font>Font_Reg15</font>
                <align>center</align>
                <aligny>center</aligny>
                <include>detailcolornofocus</include>
                <label>[UPPERCASE]$INFO[ListItem.Year][/UPPERCASE]</label>
                <visible>Container.Content(albums)</visible>
              </control>
              <control type="image">
                <description>IMDB rating</description>
                <posx>623</posx>
                <posy>37</posy>
                <width>65</width>
                <height>13</height>
                <info>ListItem.StarRating</info>
                <colordiffuse>dcffffff</colordiffuse>
              </control>
            </control>
            <control type="group">
              <visible>Container.Content(movies)+!Window.IsActive(videofiles)</visible>
              <control type="image">
                <posx>10</posx>
                <posy>3</posy>
                <width>90</width>
                <height>60</height>
                <aspectratio>keep</aspectratio>
                <colordiffuse>dcffffff</colordiffuse>
                <texture fallback="flags/studios/default-studio.png">$INFO[ListItem.Studio,flags/studios/,.png]</texture>
                <visible>!IsEmpty(ListItem.Studio)</visible>
              </control>
              <control type="label">
                <posx>105</posx>
                <posy>23</posy>
                <width>480</width>
                <height>41</height>
                <font>Font_Reg22</font>
                <aligny>center</aligny>
                <include>listcolornofocus</include>
                <info>ListItem.label</info>
                <visible>IsEmpty(ListItem.Title)</visible>
              </control>
              <control type="label">
                <posx>105</posx>
                <posy>1</posy>
                <width>480</width>
                <height>41</height>
                <font>Font_Reg22</font>
                <aligny>center</aligny>
                <include>listcolornofocus</include>
                <info>ListItem.Title</info>
              </control>
              <control type="label">
                <posx>105</posx>
                <posy>23</posy>
                <width>470</width>
                <height>41</height>
                <font>Font_Reg17</font>
                <align>left</align>
                <aligny>center</aligny>
                <include>subcolornofocus</include>
                <label>$INFO[ListItem.Director]</label>
              </control>
              <control type="label">
                <posx>656</posx>
                <posy>0</posy>
                <width>85</width>
                <height>41</height>
                <font>Font_Reg15</font>
                <align>center</align>
                <aligny>center</aligny>
                <include>detailcolornofocus</include>
                <label>[UPPERCASE]$INFO[ListItem.Year][/UPPERCASE]</label>
              </control>
             </control>
            <control type="group">
              <visible>Container.Content(episodes)+!Window.IsActive(videofiles)</visible>
              <control type="label">
                <posx>62</posx>
                <posy>0</posy>
                <width>85</width>
                <height>61</height>
                <font>Font_Bold20</font>
                <align>center</align>
                <aligny>center</aligny>
                <include>listcolornofocus</include>
                <label>$INFO[ListItem.Season]x$INFO[ListItem.Episode]</label>
                <visible>!IsEmpty(ListItem.Title)</visible>
              </control>
              <control type="label">
                <posx>105</posx>
                <posy>1</posy>
                <width>480</width>
                <height>41</height>
                <font>Font_Reg22</font>
                <aligny>center</aligny>
                <include>listcolornofocus</include>
                <info>ListItem.Title</info>
              </control>
              <control type="label">
                <posx>105</posx>
                <posy>23</posy>
                <width>480</width>
                <height>41</height>
                <font>Font_Reg22</font>
                <aligny>center</aligny>
                <include>listcolornofocus</include>
                <info>ListItem.label</info>
                <visible>IsEmpty(ListItem.Title)</visible>
              </control>
              <control type="label">
                <posx>105</posx>
                <posy>23</posy>
                <width>470</width>
                <height>41</height>
                <font>Font_Reg17</font>
                <align>left</align>
                <aligny>center</aligny>
                <include>subcolornofocus</include>
                <label>$INFO[ListItem.TVShowTitle]</label>
              </control>
          
              <control type="label">
                <description>First Aired</description>
                <posx>656</posx>
                <posy>0</posy>
                <width>85</width>
                <height>41</height>
                <font>Font_Reg15</font>
                <align>center</align>
                <aligny>center</aligny>
                <include>detailcolornofocus</include>
                <label>[UPPERCASE]$INFO[ListItem.Premiered][/UPPERCASE]</label>
              </control>
             
            </control>
            <control type="group">
              <visible>Window.IsActive(pictures)</visible>
              <control type="label">
                <posx>105</posx>
                <posy>1</posy>
                <width>480</width>
                <height>41</height>
                <font>Font_Reg22</font>
                <aligny>center</aligny>
                <include>listcolornofocus</include>
                <info>ListItem.Label</info>
              </control>
              <control type="label" id="623">
                <posx>105</posx>
                <posy>23</posy>
                <width>470</width>
                <height>41</height>
                <font>Font_Reg17</font>
                <align>left</align>
                <aligny>center</aligny>
                <include>subcolornofocus</include>
                <label>$INFO[ListItem.PictureDateTime]</label>
              </control>
              <control type="label">
                <posx>656</posx>
                <posy>0</posy>
                <width>100</width>
                <height>41</height>
                <font>Font_Reg15</font>
                <align>center</align>
                <aligny>center</aligny>
                <include>listcolornofocus</include>
                <label>[UPPERCASE]$INFO[ListItem.PictureResolution][/UPPERCASE]</label>
              </control>
              <control type="label">
                <posx>656</posx>
                <posy>23</posy>
                <width>85</width>
                <height>41</height>
                <font>Font_Reg15</font>
                <align>center</align>
                <aligny>center</aligny>
                <include>listcolornofocus</include>
                <label>[UPPERCASE]$INFO[ListItem.Label2][/UPPERCASE]</label>
              </control>
            </control>
            <control type="image">
              <description>IMDB rating</description>
              <posx>623</posx>
              <posy>37</posy>
              <width>65</width>
              <height>13</height>
              <info>ListItem.StarRating</info>
              <colordiffuse>dcffffff</colordiffuse>
              <visible>Container.Content(albums)|Container.Content(songs)</visible>
            </control>
            <control type="image">
              <description>IMDB rating</description>
              <posx>623</posx>
              <posy>37</posy>
              <width>65</width>
              <height>13</height>
              <texture>$INFO[ListItem.Rating,stars/,.png]</texture>
              <colordiffuse>dcbdbdbd</colordiffuse>
              <animation effect="fade" start="100" end="0" time="100" delay="0" condition="IsEmpty(ListItem.Title)" >Conditional</animation>
              <visible>Container.Content(movies)|Container.Content(episodes)</visible>
            </control>
            <control type="image">
              <posx>688</posx>
              <posy>19</posy>
              <width>80</width>
              <height>30</height>
              <visible>!IsEmpty(ListItem.Overlay)</visible>
              <info>ListItem.Overlay</info>
            </control>
            <control type="image">
              <posx>22</posx>
              <posy>2</posy>
              <width>60</width>
              <height>60</height>
              <aspectratio>scale</aspectratio>
              <info>ListItem.Icon</info>
              <visible>Container.Content(albums)|Window.IsActive(pictures)</visible>
            </control>
          </itemlayout>
          <focusedlayout height="65" condition="!Skin.HasSetting(slimlist)">
            <control type="image">
              <posx>12</posx>
              <posy>64</posy>
              <height>1</height>
              <width>739</width>
              <texture background="true">views/listpanel_line.png</texture>
            </control>
            <control type="image">
              <posx>7</posx>
              <posy>-5</posy>
              <width>743</width>
              <height>75</height>
              <texture background="true">views/listpanel_selectbar.png</texture>
            </control>
            <control type="group">
              <visible>[!Container.Content(albums)+!Container.Content(songs)+!Container.Content(movies)+!Container.Content(episodes)+!Window.IsActive(videofiles)+!Window.IsActive(pictures)]|Window.IsActive(videofiles)</visible>
              <control type="fadelabel">
                <posx>105</posx>
                <posy>12</posy>
                <width>480</width>
                <height>41</height>
                <font>Font_Reg22</font>
                <aligny>center</aligny>
                <include>listcolorfocus</include>
                <info>ListItem.Label</info>
              </control>
              <control type="label">
                <posx>656</posx>
                <posy>12</posy>
                <width>125</width>
                <height>41</height>
                <font>Font_Reg15</font>
                <align>center</align>
                <aligny>center</aligny>
                <include>listcolorfocus</include>
                <label>$INFO[ListItem.Label2]</label>
              </control>
            </control>
            <control type="group">
              <visible>Container.Content(songs)|Container.Content(albums)</visible>
              <control type="label">
                <posx>105</posx>
                <posy>23</posy>
                <width>480</width>
                <height>41</height>
                <font>Font_Reg22</font>
                <aligny>center</aligny>
                <include>listcolorfocus</include>
                <info>ListItem.label</info>
                <visible>[IsEmpty(ListItem.Title)+Container.Content(songs)]|[IsEmpty(ListItem.Album) + Container.Content(albums)]</visible>
              </control>
              <control type="label">
                <posx>62</posx>
                <posy>0</posy>
                <width>45</width>
                <height>61</height>
                <font>Font_OSDTitle2</font>
                <align>center</align>
                <aligny>center</aligny>
                <include>listcolorfocus</include>
                <label>$INFO[ListItem.TrackNumber]</label>
                <visible>Container.Content(songs)</visible>
              </control>
              <control type="label">
                <posx>105</posx>
                <posy>1</posy>
                <width>480</width>
                <height>41</height>
                <font>Font_Reg22</font>
                <aligny>center</aligny>
                <include>listcolorfocus</include>
                <info>ListItem.Album</info>
                <visible>Container.Content(albums)</visible>
              </control>
              <control type="label">
                <posx>105</posx>
                <posy>1</posy>
                <width>480</width>
                <height>41</height>
                <font>Font_Reg22</font>
                <aligny>center</aligny>
                <include>listcolorfocus</include>
                <info>ListItem.Title</info>
                <visible>Container.Content(songs)</visible>
              </control>
              <control type="label" id="623">
                <posx>105</posx>
                <posy>23</posy>
                <width>470</width>
                <height>41</height>
                <font>Font_Reg17</font>
                <align>left</align>
                <aligny>center</aligny>
                <include>subcolorfocus</include>
                <label>$INFO[ListItem.Artist]</label>
              </control>
              <control type="label">
                <posx>656</posx>
                <posy>0</posy>
                <width>85</width>
                <height>41</height>
                <font>Font_Reg15</font>
                <align>center</align>
                <aligny>center</aligny>
                <include>listcolorfocus</include>
                <label>[UPPERCASE]$INFO[ListItem.Label2][/UPPERCASE]</label>
                <visible>Container.Content(songs)</visible>
              </control>
              <control type="label">
                <posx>656</posx>
                <posy>0</posy>
                <width>85</width>
                <height>41</height>
                <font>Font_Reg15</font>
                <align>center</align>
                <aligny>center</aligny>
                <include>listcolorfocus</include>
                <label>[UPPERCASE]$INFO[ListItem.Year][/UPPERCASE]</label>
                <visible>Container.Content(albums)</visible>
              </control>
            </control>
            <control type="group">
              <visible>Container.Content(movies)+!Window.IsActive(videofiles)</visible>
              <control type="image">
                <posx>10</posx>
                <posy>3</posy>
                <width>90</width>
                <height>60</height>
                <aspectratio>keep</aspectratio>
                <colordiffuse>ff2e2e2e</colordiffuse>
                <texture fallback="flags/studios/default-studio.png">$INFO[ListItem.Studio,flags/studios/,.png]</texture>
                <visible>!IsEmpty(ListItem.Studio)</visible>
              </control>
              <control type="label">
                <posx>105</posx>
                <posy>23</posy>
                <width>480</width>
                <height>41</height>
                <font>Font_Reg22</font>
                <aligny>center</aligny>
                <include>listcolorfocus</include>
                <info>ListItem.label</info>
                <visible>IsEmpty(ListItem.Title)</visible>
              </control>
              <control type="label">
                <posx>105</posx>
                <posy>1</posy>
                <width>480</width>
                <height>41</height>
                <font>Font_Reg22</font>
                <aligny>center</aligny>
                <include>listcolorfocus</include>
                <info>ListItem.Title</info>
              </control>

              <control type="label" id="623">
                <posx>105</posx>
                <posy>23</posy>
                <width>470</width>
                <height>41</height>
                <font>Font_Reg17</font>
                <align>left</align>
                <aligny>center</aligny>
                <include>subcolorfocus</include>
                <label>$INFO[ListItem.Director]</label>
              </control>
              <control type="label">
                <posx>656</posx>
                <posy>0</posy>
                <width>85</width>
                <height>41</height>
                <font>Font_Reg15</font>
                <align>center</align>
                <aligny>center</aligny>
                <include>listcolorfocus</include>
                <label>[UPPERCASE]$INFO[ListItem.Year][/UPPERCASE]</label>
              </control>
            
            </control>
            <control type="group">
              <visible>Container.Content(episodes)</visible>
              <control type="label">
                <posx>62</posx>
                <posy>0</posy>
                <width>85</width>
                <height>61</height>
                <font>Font_Bold20</font>
                <align>center</align>
                <aligny>center</aligny>
                <include>listcolorfocus</include>
                <label>$INFO[ListItem.Season]x$INFO[ListItem.Episode]</label>
                <visible>!IsEmpty(ListItem.Title)</visible>
              </control>
              <control type="label">
                <posx>105</posx>
                <posy>1</posy>
                <width>480</width>
                <height>41</height>
                <font>Font_Reg22</font>
                <aligny>center</aligny>
                <include>listcolorfocus</include>
                <info>ListItem.Title</info>
              </control>
              <control type="label">
                <posx>105</posx>
                <posy>23</posy>
                <width>480</width>
                <height>41</height>
                <font>Font_Reg22</font>
                <aligny>center</aligny>
                <include>listcolorfocus</include>
                <info>ListItem.label</info>
                <visible>IsEmpty(ListItem.Title)</visible>
              </control>
              <control type="label" id="623">
                <posx>105</posx>
                <posy>23</posy>
                <width>470</width>
                <height>41</height>
                <font>Font_Reg17</font>
                <align>left</align>
                <aligny>center</aligny>
                <include>subcolorfocus</include>
                <label>$INFO[ListItem.TVShowTitle]</label>
              </control>
             
              <control type="label">
                <description>First Aired</description>
                <posx>656</posx>
                <posy>0</posy>
                <width>85</width>
                <height>41</height>
                <font>Font_Reg15</font>
                <align>center</align>
                <aligny>center</aligny>
                <include>subcolorfocus</include>
                <label>[UPPERCASE]$INFO[ListItem.Premiered][/UPPERCASE]</label>
              </control>
            </control>
            <control type="group">
              <visible>Window.IsActive(pictures)</visible>
              <control type="label">
                <posx>105</posx>
                <posy>1</posy>
                <width>480</width>
                <height>41</height>
                <font>Font_Reg22</font>
                <aligny>center</aligny>
                <include>listcolorfocus</include>
                <info>ListItem.Label</info>
              </control>
              <control type="label" id="623">
                <posx>105</posx>
                <posy>23</posy>
                <width>470</width>
                <height>41</height>
                <font>Font_Reg17</font>
                <align>left</align>
                <aligny>center</aligny>
                <include>subcolorfocus</include>
                <label>$INFO[ListItem.PictureDateTime]</label>
              </control>
              <control type="label">
                <posx>656</posx>
                <posy>0</posy>
                <width>100</width>
                <height>41</height>
                <font>Font_Reg15</font>
                <align>center</align>
                <aligny>center</aligny>
                <include>listcolorfocus</include>
                <label>[UPPERCASE]$INFO[ListItem.PictureResolution][/UPPERCASE]</label>
              </control>
            </control>
            <control type="label">
              <posx>656</posx>
              <posy>23</posy>
              <width>85</width>
              <height>41</height>
              <font>Font_Reg15</font>
              <align>center</align>
              <aligny>center</aligny>
              <include>listcolorfocus</include>
              <label>[UPPERCASE]$INFO[ListItem.Label2][/UPPERCASE]</label>
              <visible>[[Container.Content(movies)|Container.Content(episodes)]+!Window.IsActive(videofiles)]|Window.IsActive(pictures)</visible>
            </control>
            <control type="image">
              <description>IMDB rating</description>
              <posx>623</posx>
              <posy>37</posy>
              <width>65</width>
              <height>13</height>
              <info>ListItem.StarRating</info>
              <colordiffuse>ff2e2e2e</colordiffuse>
              <visible>Container.Content(albums)|Container.Content(songs)</visible>
            </control>
            <control type="image">
              <posx>688</posx>
              <posy>19</posy>
              <width>80</width>
              <height>30</height>
              <visible>!IsEmpty(ListItem.Overlay)</visible>
              <info>ListItem.Overlay</info>
            </control>
            <control type="image">
              <posx>22</posx>
              <posy>2</posy>
              <width>60</width>
              <height>60</height>
              <aspectratio>scale</aspectratio>
              <info>ListItem.Icon</info>
              <visible>Container.Content(albums)|Window.IsActive(pictures)</visible>
            </control>
          </focusedlayout>
          <itemlayout height="40" condition="Skin.HasSetting(slimlist)">
            <control type="image">
              <posx>12</posx>
              <posy>39</posy>
              <height>1</height>
              <width>739</width>
              <texture background="true">views/listpanel_line.png</texture>
            </control>
            <control type="group">
              <visible>!Container.Content(albums)</visible>
            <control type="label">
              <posx>55</posx>
              <posy>0</posy>
              <width>530</width>
              <height>40</height>
              <font>Font_Reg17</font>
              <aligny>center</aligny>
              <include>listcolornofocus</include>
              <info>ListItem.Label</info>
            </control>
            <control type="label">
              <posx>658</posx>
              <posy>0</posy>
              <width>97</width>
              <height>40</height>
              <font>Font_Reg17</font>
              <aligny>center</aligny>
              <align>center</align>
              <include>listcolornofocus</include>
              <info>ListItem.Label2</info>
            </control>
            </control>
            <control type="group">
              <visible>Container.Content(albums)</visible>
              <control type="label">
                <posx>55</posx>
                <posy>0</posy>
                <width>530</width>
                <height>40</height>
                <font>Font_Reg17</font>
                <aligny>center</aligny>
                <include>listcolornofocus</include>
                <label>$INFO[ListItem.Album] - $INFO[ListItem.Artist]</label>
              </control>
              <control type="image">
                <description>IMDB rating</description>
                <posx>623</posx>
                <posy>14</posy>
                <width>65</width>
                <height>13</height>
                <info>ListItem.StarRating</info>
                <colordiffuse>dcffffff</colordiffuse>
              </control>
            </control>
            <control type="image">
              <posx>688</posx>
              <posy>11</posy>
              <width>80</width>
              <height>20</height>
              <visible>!IsEmpty(ListItem.Overlay)</visible>
              <info>ListItem.Overlay</info>
            </control>
          </itemlayout>
          <focusedlayout height="40" condition="Skin.HasSetting(slimlist)">
            <control type="image">
              <posx>12</posx>
              <posy>39</posy>
              <height>1</height>
              <width>739</width>
              <texture background="true">views/listpanel_line.png</texture>
            </control>
            <control type="image">
              <posx>7</posx>
              <posy>-3</posy>
              <width>743</width>
              <height>46</height>
              <texture background="true">views/listpanel_selectbar.png</texture>
            </control>
            <control type="group">
              <visible>!Container.Content(albums)</visible>
              <control type="fadelabel">
              <posx>55</posx>
              <posy>0</posy>
              <width>530</width>
              <height>40</height>
              <font>Font_Reg17</font>
              <aligny>center</aligny>
              <include>listcolorfocus</include>
              <info>ListItem.Label</info>
            </control>
            <control type="label">
              <posx>658</posx>
              <posy>0</posy>
              <width>97</width>
              <height>40</height>
              <font>Font_Reg17</font>
              <aligny>center</aligny>
              <align>center</align>
              <include>listcolorfocus</include>
              <info>ListItem.Label2</info>
            </control>
            </control>
            <control type="group">
              <visible>Container.Content(albums)</visible>
              <control type="fadelabel">
                <posx>55</posx>
                <posy>0</posy>
                <width>530</width>
                <height>40</height>
                <font>Font_Reg17</font>
                <aligny>center</aligny>
                <include>listcolorfocus</include>
                <label>$INFO[ListItem.Album] - $INFO[ListItem.Artist]</label>
              </control>
              <control type="image">
                <description>IMDB rating</description>
                <posx>623</posx>
                <posy>14</posy>
                <width>65</width>
                <height>13</height>
                <info>ListItem.StarRating</info>
                <colordiffuse>ff2e2e2e</colordiffuse>
              </control>
            </control>
            <control type="image">
              <posx>688</posx>
              <posy>11</posy>
              <width>80</width>
              <height>20</height>
              <visible>!IsEmpty(ListItem.Overlay)</visible>
              <info>ListItem.Overlay</info>
            </control>
          </focusedlayout>
        </control>
        <control type="scrollbar" id="60">
          <posx>15</posx>
          <posy>108</posy>
          <width>65</width>
          <height>545</height>
          <texturesliderbackground>views/scrollbarbacklist.png</texturesliderbackground>
          <texturesliderbar>-</texturesliderbar>
          <texturesliderbarfocus>-</texturesliderbarfocus>
          <textureslidernib>views/scrollbarnub-nofocus.png</textureslidernib>
          <textureslidernibfocus>views/scrollbarnub-focus.png</textureslidernibfocus>
          <pulseonselect>no</pulseonselect>
          <orientation>vertical</orientation>
          <showonepage>false</showonepage>
          <onup>60</onup>
          <ondown>60</ondown>
          <onleft>SetFocus(9000)</onleft>
          <onright>50</onright>
          <include>Animation_CommonFade</include>
          <visible>Control.IsVisible(50)</visible>
        </control>
      </control>
      <control type="label" id="161">
        <posx>105</posx>
        <posy>636</posy>
        <width>180</width>
        <height>41</height>
        <font>Font_Reg15</font>
        <align>left</align>
        <aligny>center</aligny>
        <textcolor>ff969696</textcolor>
        <label>$INFO[Container(50).NumItems] $LOCALIZE[31025]</label>
      </control>
      <control type="label" id="161">
        <posx>676</posx>
        <posy>636</posy>
        <width>85</width>
        <height>41</height>
        <font>Font_Reg15</font>
        <align>center</align>
        <aligny>center</aligny>
        <textcolor>ff969696</textcolor>
        <label>$LOCALIZE[31024] $INFO[Container(50).CurrentPage]/$INFO[Container(50).NumPages]</label>
      </control>
			<control type="group">
				<posx>850</posx>
				<posy>100</posy>
				<visible>!Container.Content(songs)+!Container.Content(movies)+!Container.Content(albums)+!Container.Content(tvshows)+!Container.Content(seasons)|Window.IsActive(videofiles)</visible>
				<control type="image">
					<posx>0</posx>
					<posy>0</posy>
					<width>360</width>
					<height>540</height>
					<aspectratio aligny="bottom">keep</aspectratio>
					<fadetime>IconCrossfadeTime2</fadetime>
					<texture background="true">$INFO[ListItem.Icon]</texture>
					<bordertexture border="8">thumbs/thumbshadow.png</bordertexture>
					<bordersize>8</bordersize>
				</control>
				<control type="image">
					<posx>8</posx>
					<posy>532</posy>
					<width>344</width>
					<height>524</height>
					<aspectratio aligny="top">keep</aspectratio>
					<fadetime>IconCrossfadeTime2</fadetime>
					<texture diffuse="thumbs/diffuse_mirror3.png" flipy="true" background="true">$INFO[ListItem.Icon]</texture>
				</control>
			</control>
      <control type="group">
        <posx>850</posx>
        <posy>100</posy>
        <visible>Window.IsActive(videolibrary)+[Container.Content(movies)|Container.Content(tvshows)|Container.Content(seasons)]</visible>
        <control type="image">
          <posx>-19</posx>
          <posy>-19</posy>
          <width>398</width>
          <height>578</height>
          <aspectratio scalediffuse="false">stretch</aspectratio>
          <fadetime>IconCrossfadeTime2</fadetime>
          <texture background="true" diffuse="thumbs/movieposter_mask.png">$INFO[ListItem.Icon]</texture>
          <bordertexture>thumbs/poster_shadow.png</bordertexture>
          <bordersize>19</bordersize>
        </control>
        <control type="image">
          <posx>0</posx>
          <posy>0</posy>
          <width>360</width>
          <height>540</height>
          <aspectratio scalediffuse="false">stretch</aspectratio>
          <fadetime>IconCrossfadeTime2</fadetime>
          <texture diffuse="thumbs/movieposter_mask.png" background="true">thumbs/poster_glass_noreflect.png</texture>
        </control>
        <control type="image">
          <posx>0</posx>
          <posy>540</posy>
          <width>360</width>
          <height>540</height>
          <aspectratio scalediffuse="false">stretch</aspectratio>
          <fadetime>IconCrossfadeTime2</fadetime>
          <texture diffuse="thumbs/movieposter_mask_reflect.png" flipy="true" background="true">$INFO[ListItem.Icon]</texture>
          <colordiffuse>72FFFFFF</colordiffuse>
        </control>
      </control>
      <control type="group">
        <posx>850</posx>
        <posy>280</posy>
        <visible>Control.IsVisible(50)+[Container.Content(songs)|Container.Content(albums)]</visible>
        <control type="image">
          <posx>0</posx>
          <posy>0</posy>
          <width>360</width>
          <height>360</height>
          <aspectratio scalediffuse="false">stretch</aspectratio>
          <fadetime>400</fadetime>
          <texture diffuse="thumbs/cdcover_mask.png" background="true">$INFO[ListItem.Icon]</texture>
          <bordertexture border="-23">thumbs/cd_shadow.png</bordertexture>
          <bordersize>8</bordersize>
        </control>
        <control type="image">
          <posx>8</posx>
          <posy>8</posy>
          <width>344</width>
          <height>344</height>
          <aspectratio scalediffuse="false">stretch</aspectratio>
          <fadetime>400</fadetime>
          <texture diffuse="thumbs/cdcover_mask.png" background="true">thumbs/cd_glass_noedge.png</texture>
        </control>
        <control type="image">
          <posx>8</posx>
          <posy>352</posy>
          <width>344</width>
          <height>360</height>
          <aspectratio scalediffuse="false">stretch</aspectratio>
          <fadetime>400</fadetime>
          <texture background="true" flipy="true" diffuse="thumbs/cdcover_mask_reflect.png">$INFO[ListItem.Thumb]</texture>
        </control>
      </control>
      <control type="image">
        <posx>850</posx>
        <posy>280</posy>
        <width>360</width>
        <height>140</height>
        <aspectratio>stretch</aspectratio>
        <fadetime>400</fadetime>
        <texture background="true">$INFO[ListItem.Path]../logo.png</texture>
        <visible>!Window.IsActive(videofiles)+Container.Content(episodes)</visible>
      </control>
      <include condition="!Skin.HasSetting(HideListFlags)">MusicMediaFlags</include>
      <include condition="!Skin.HasSetting(HideListFlags)">FloorFlagsList</include>

    </control>
	</include>
  <include name="WideIconView">
    <control type="group">
      <visible>Control.IsVisible(505)</visible>
      <include>Animation_CommonFade</include>
     
      <control type="image">
        <posx>0</posx>
        <posy>335</posy>
        <width>1280</width>
        <height>405</height>
        <texture>views/showcase_floor.png</texture>
        <include>Animation_CommonFade</include>
      </control>
      <control type="image">
        <width>1280</width>
        <height>683</height>
        <texture>common/black.png</texture>
        <colordiffuse>aaffffff</colordiffuse>
      </control>
      <control type="image">
        <include>Animation_CommonFade</include>
        <posx>710</posx>
        <posy>150</posy>
        <width>482</width>
        <height>530</height>
        <texture background="true">views/listpanel_black.png</texture>
        <visible>!Skin.HasSetting(listpanelthin)</visible>
      </control>
      <control type="image">
        <include>Animation_CommonFade</include>
        <posx>710</posx>
        <posy>150</posy>
        <width>482</width>
        <height>530</height>
        <texture>views/listpanel_back.png</texture>
      </control>
      <control type="image">
        <posx>782</posx>
        <posy>190</posy>
        <width>338</width>
        <height>190</height>
        <texture>common/black.png</texture>
      </control>
      <control type="image">
        <posx>782</posx>
        <posy>190</posy>
        <width>338</width>
        <height>190</height>
		<fadetime>IconCrossfadeTime2</fadetime>
        <texture background="true">$INFO[ListItem.Thumb]</texture>
      </control>
      <control type="group">
        <visible>Player.HasVideo</visible>
      <control type="image">
        <posx>782</posx>
        <posy>190</posy>
        <width>338</width>
        <height>190</height>
        <texture>common/black.png</texture>
      </control>
      <control type="videowindow">
        <posx>782</posx>
        <posy>190</posy>
        <width>338</width>
        <height>190</height>
      </control>
      </control>
      <control type="image">
        <posx>715</posx>
        <posy>393</posy>
        <width>470</width>
        <height>80</height>
        <texture>views/listpanel_selectbar.png</texture>
      </control>
      <control type="image">
        <posx>750</posx>
        <posy>403</posy>
        <width>90</width>
        <height>60</height>
        <aspectratio>keep</aspectratio>
        <colordiffuse>ff2e2e2e</colordiffuse>
        <fadetime>IconCrossfadeTime2</fadetime>
        <texture fallback="flags/studios/default-studio.png">$INFO[ListItem.Studio,flags/studios/,.png]</texture>
        <visible>!Skin.HasSetting(nostudioratingflags)+!IsEmpty(ListItem.Title)</visible>
      </control>
      <control type="image">
        <posx>750</posx>
        <posy>403</posy>
        <width>90</width>
        <height>60</height>
        <aspectratio>keep</aspectratio>
        <colordiffuse>ff2e2e2e</colordiffuse>
        <fadetime>IconCrossfadeTime2</fadetime>
        <texture>$INFO[ListItem.VideoCodec,flags/videocodec/,.png]</texture>
        <visible>Skin.HasSetting(nostudioratingflags)</visible>
      </control>
      <control type="image">
        <posx>850</posx>
        <posy>403</posy>
        <width>90</width>
        <height>60</height>
        <aspectratio>keep</aspectratio>
        <colordiffuse>ff2e2e2e</colordiffuse>
        <fadetime>IconCrossfadeTime2</fadetime>
        <texture>$INFO[ListItem.VideoAspect,flags/aspectratio/,.png]</texture>
        <visible>Skin.HasSetting(nostudioratingflags)</visible>
      </control>
      <control type="group">
        <visible>!Skin.HasSetting(nostudioratingflags)</visible>
        <control type="image">
          <posx>850</posx>
          <posy>403</posy>
          <width>90</width>
          <height>60</height>
          <aspectratio>keep</aspectratio>
          <colordiffuse>ff2e2e2e</colordiffuse>
          <fadetime>IconCrossfadeTime2</fadetime>
          <texture>flags/rating/TV-G_Certificate_US.png</texture>
          <visible>substring(ListItem.mpaa,TV-G)</visible>
        </control>
        <control type="image">
          <posx>850</posx>
          <posy>403</posy>
          <width>90</width>
          <height>60</height>
          <aspectratio>keep</aspectratio>
          <colordiffuse>ff2e2e2e</colordiffuse>
          <fadetime>IconCrossfadeTime2</fadetime>
          <texture>flags/rating/TV-PG_Certificate_US.png</texture>
          <visible>substring(ListItem.mpaa,TV-PG)</visible>
        </control>
        <control type="image">
          <posx>850</posx>
          <posy>403</posy>
          <width>90</width>
          <height>60</height>
          <aspectratio>keep</aspectratio>
          <colordiffuse>ff2e2e2e</colordiffuse>
          <fadetime>IconCrossfadeTime2</fadetime>
          <texture>flags/rating/TV-14_Certificate_US.png</texture>
          <visible>substring(ListItem.mpaa,TV-14)</visible>
        </control>
        <control type="image">
          <posx>850</posx>
          <posy>403</posy>
          <width>90</width>
          <height>60</height>
          <aspectratio>keep</aspectratio>
          <colordiffuse>ff2e2e2e</colordiffuse>
          <fadetime>IconCrossfadeTime2</fadetime>
          <texture>flags/rating/TV-MA_Certificate_US.png</texture>
          <visible>substring(ListItem.mpaa,TV-MA)</visible>
        </control>
      </control>
      <control type="image">
        <posx>950</posx>
        <posy>403</posy>
        <width>90</width>
        <height>60</height>
        <aspectratio>keep</aspectratio>
        <colordiffuse>ff2e2e2e</colordiffuse>
        <fadetime>IconCrossfadeTime2</fadetime>
        <texture>$INFO[ListItem.VideoResolution,flags/resolution/,.png]</texture>
      </control>
      <control type="image">
        <posx>1050</posx>
        <posy>403</posy>
        <width>90</width>
        <height>60</height>
        <aspectratio>keep</aspectratio>
        <colordiffuse>ff2e2e2e</colordiffuse>
        <texture>flags/audio/dts.png</texture>
        <fadetime>IconCrossfadeTime2</fadetime>
        <visible>substring(ListItem.AudioCodec,dca)</visible>
      </control>
      <control type="image">
        <posx>1050</posx>
        <posy>403</posy>
        <width>90</width>
        <height>60</height>
        <aspectratio>keep</aspectratio>
        <colordiffuse>ff2e2e2e</colordiffuse>
        <texture>flags/audio/dolbydigital.png</texture>
        <fadetime>IconCrossfadeTime2</fadetime>
        <visible>substring(ListItem.AudioCodec,ac3)+!substring(ListItem.AudioChannels,2)</visible>
      </control>
      <control type="image">
        <posx>1050</posx>
        <posy>403</posy>
        <width>90</width>
        <height>60</height>
        <aspectratio>keep</aspectratio>
        <colordiffuse>ff2e2e2e</colordiffuse>
        <texture>flags/audio/dolbypro.png</texture>
        <fadetime>IconCrossfadeTime2</fadetime>
        <visible>substring(ListItem.AudioCodec,ac3)+substring(ListItem.AudioChannels,2)</visible>
      </control>
      <control type="image">
        <posx>1050</posx>
        <posy>403</posy>
        <width>90</width>
        <height>60</height>
        <aspectratio>keep</aspectratio>
        <colordiffuse>ff2e2e2e</colordiffuse>
        <fadetime>IconCrossfadeTime2</fadetime>
        <texture>flags/audio/mp3.png</texture>
        <visible>substring(ListItem.AudioCodec,mp3)</visible>
      </control>
      <control type="image">
        <posx>1050</posx>
        <posy>403</posy>
        <width>90</width>
        <height>60</height>
        <aspectratio>keep</aspectratio>
        <colordiffuse>ff2e2e2e</colordiffuse>
        <fadetime>IconCrossfadeTime2</fadetime>
        <texture>flags/audio/aac.png</texture>
        <visible>substring(ListItem.AudioCodec,aac)</visible>
      </control>
      <control type="image">
        <posx>1050</posx>
        <posy>403</posy>
        <width>90</width>
        <height>60</height>
        <aspectratio>keep</aspectratio>
        <colordiffuse>ff2e2e2e</colordiffuse>
        <fadetime>IconCrossfadeTime2</fadetime>
        <texture>flags/audio/dts.png</texture>
        <visible>substring(ListItem.AudioCodec,dca)</visible>
      </control>
      <control type="textbox">
        <description>Plot</description>
        <posx>730</posx>
        <posy>475</posy>
        <width>440</width>
        <height>125</height>
        <align>left</align>
        <font>Font_Reg15</font>
        <label fallback="312577">$INFO[ListItem.Plot]</label>
        <autoscroll delay="5000" time="1000" repeat="10000">Skin.HasSetting(AutoScroll)</autoscroll>
        <textcolor>FFececec</textcolor>
      </control>
     
      <control type="group">
        <animation effect="slide" time="700" start="-800,0" end="0,0" tween="cubic" easing="out">WindowOpen</animation>
        <animation effect="slide" time="700" start="0,0" end="-800,0" tween="cubic" easing="out">WindowClose</animation>
        <animation effect="slide" time="700" start="-800,0" end="0,0" tween="cubic" easing="out">Visible</animation>
        <animation effect="fade" time="200" start="100" end="0">Hidden</animation>
        <control type="image">
          <include>Animation_CommonFade</include>
          <posx>60</posx>
          <posy>112</posy>
          <width>553</width>
          <height>608</height>
          <texture background="true">views/listpanel_black.png</texture>
          <visible>!Skin.HasSetting(listpanelthin)</visible>
        </control>
        <control type="image">
          <include>Animation_CommonFade</include>
          <posx>60</posx>
          <posy>112</posy>
          <width>553</width>
          <height>608</height>
          <texture>views/listpanel_back.png</texture>
        </control>
        <control type="image">
          <posx>510</posx>
          <posy>121</posy>
          <width>53</width>
          <height>533</height>
          <texture>views/listpanel_detailwide.png</texture>
          <visible>Skin.HasSetting(sliminfolist)</visible>
        </control>
        <control type="list" id="505">
          <visible>Container.Content(episodes)</visible>
          <posx>60</posx>
          <posy>142</posy>
          <width>771</width>
          <height>485</height>
          <onleft>68</onleft>
          <onright>SetFocus(9000)</onright>
          <onup>505</onup>
          <ondown>505</ondown>
          <orientation>vertical</orientation>
          <viewtype label="Info List">BigWrap</viewtype>
          <pagecontrol>68</pagecontrol>
          <scrolltime>200</scrolltime>
          <preloaditems>2</preloaditems>
          <!--<focusposition>4</focusposition>-->
          <itemlayout height="44" width="550" condition="Skin.HasSetting(sliminfolist)">
            <control type="image">
              <posx>1</posx>
              <posy>43</posy>
              <height>1</height>
              <width>549</width>
              <texture background="true">views/listpanel_line.png</texture>
            </control>
            <control type="label">
              <posx>20</posx>
              <posy>0</posy>
              <width>430</width>
              <height>44</height>
              <align>left</align>
              <aligny>center</aligny>
              <include>listcolornofocus</include>
              <font>Font_Bold16</font>
              <label>[UPPERCASE]$INFO[ListItem.Label][/UPPERCASE]</label>
            </control>
            <control type="label">
              <posx>475</posx>
              <posy>0</posy>
              <width>53</width>
              <height>44</height>
              <align>center</align>
              <aligny>center</aligny>
              <include>listcolornofocus</include>
              <font>Font_Bold16</font>
              <label>[UPPERCASE]$INFO[ListItem.Label2][/UPPERCASE]</label>
            </control>
            <control type="image">
              <posx>513</posx>
              <posy>14</posy>
              <width>20</width>
              <height>20</height>
              <visible>!IsEmpty(ListItem.Overlay)</visible>
              <info>ListItem.Overlay</info>
            </control>
          </itemlayout>
          <focusedlayout height="44" width="550" condition="Skin.HasSetting(sliminfolist)">
            <control type="image">
              <posx>1</posx>
              <posy>43</posy>
              <height>1</height>
              <width>549</width>
              <texture background="true">views/listpanel_line.png</texture>
            </control>
            <control type="image">
              <posx>6</posx>
              <posy>-3</posy>
              <width>540</width>
              <height>50</height>
              <aspectratio scalediffuse="false">scale</aspectratio>
              <texture background="true">views/listpanel_selectbar.png</texture>
            </control>
            <control type="label">
              <posx>20</posx>
              <posy>0</posy>
              <width>430</width>
              <height>44</height>
              <align>left</align>
              <aligny>center</aligny>
              <include>listcolorfocus</include>
              <font>Font_Bold16</font>
              <label>[UPPERCASE]$INFO[ListItem.Label][/UPPERCASE]</label>
            </control>
            <control type="label">
              <posx>475</posx>
              <posy>0</posy>
              <width>53</width>
              <height>44</height>
              <align>center</align>
              <aligny>center</aligny>
              <include>listcolorfocus</include>
              <font>Font_Bold16</font>
              <label>[UPPERCASE]$INFO[ListItem.Label2][/UPPERCASE]</label>
            </control>
            <control type="image">
              <posx>513</posx>
              <posy>14</posy>
              <width>20</width>
              <height>20</height>
              <visible>!IsEmpty(ListItem.Overlay)</visible>
              <info>ListItem.Overlay</info>
            </control>
          </focusedlayout>
          <itemlayout height="60" width="550" condition="!Skin.HasSetting(sliminfolist)">
            <control type="image">
              <posx>1</posx>
              <posy>59</posy>
              <height>1</height>
              <width>549</width>
              <texture background="true">views/listpanel_line.png</texture>
            </control>
            <control type="label">
              <posx>20</posx>
              <posy>0</posy>
              <width>550</width>
              <height>60</height>
              <align>left</align>
              <aligny>center</aligny>
              <include>listcolornofocus</include>
              <font>Font_Bold28</font>
              <label>[UPPERCASE]$INFO[ListItem.Episode][/UPPERCASE]</label>
            </control>
            <control type="label">
              <posx>20</posx>
              <posy>0</posy>
              <width>430</width>
              <height>60</height>
              <align>left</align>
              <aligny>center</aligny>
              <include>listcolornofocus</include>
              <font>Font_Bold28</font>
              <label>[UPPERCASE]..[/UPPERCASE]</label>
              <visible>IsEmpty(ListItem.Title)</visible>
            </control>
            <control type="label">
              <posx>60</posx>
              <posy>5</posy>
              <width>430</width>
              <height>30</height>
              <align>left</align>
              <aligny>center</aligny>
              <include>listcolornofocus</include>
              <font>Font_Bold20</font>
              <label>[UPPERCASE]$INFO[ListItem.Title][/UPPERCASE]</label>
            </control>
            <control type="label">
              <posx>60</posx>
              <posy>25</posy>
              <width>490</width>
              <height>30</height>
              <align>left</align>
              <aligny>center</aligny>
              <include>listcolornofocus</include>
              <font>Font_Reg15</font>
              <label>[LOWERCASE]$INFO[ListItem.Premiered] • $INFO[ListItem.Label2][/LOWERCASE]</label>
              <visible>!IsEmpty(ListItem.Title)</visible>
            </control>
            <control type="image">
              <posx>503</posx>
              <posy>15</posy>
              <width>30</width>
              <height>30</height>
              <visible>!IsEmpty(ListItem.Overlay)</visible>
              <info>ListItem.Overlay</info>
            </control>
          </itemlayout>
          <focusedlayout height="60" widthe="550" condition="!Skin.HasSetting(sliminfolist)">
            <control type="image">
              <posx>1</posx>
              <posy>59</posy>
              <height>1</height>
              <width>549</width>
              <texture background="true">views/listpanel_line.png</texture>
            </control>
            <control type="image">
              <posx>6</posx>
              <posy>-6</posy>
              <width>540</width>
              <height>72</height>
              <aspectratio scalediffuse="false">scale</aspectratio>
              <texture background="true">views/listpanel_selectbar.png</texture>
            </control>
            <control type="label">
              <posx>20</posx>
              <posy>0</posy>
              <width>490</width>
              <height>60</height>
              <align>left</align>
              <aligny>center</aligny>
              <include>listcolorfocus</include>
              <font>Font_Bold28</font>
              <label>[UPPERCASE]$INFO[ListItem.Episode][/UPPERCASE]</label>
            </control>
            <control type="label">
              <posx>20</posx>
              <posy>0</posy>
              <width>550</width>
              <height>60</height>
              <align>left</align>
              <aligny>center</aligny>
              <include>listcolorfocus</include>
              <font>Font_Bold28</font>
              <label>[UPPERCASE]..[/UPPERCASE]</label>
              <visible>IsEmpty(ListItem.Title)</visible>
            </control>
            <control type="label">
              <posx>60</posx>
              <posy>5</posy>
              <width>430</width>
              <height>30</height>
              <align>left</align>
              <aligny>center</aligny>
              <include>listcolorfocus</include>
              <font>Font_Bold20</font>
              <label>[UPPERCASE]$INFO[ListItem.Title][/UPPERCASE]</label>
            </control>
            <control type="label">
              <posx>60</posx>
              <posy>25</posy>
              <width>490</width>
              <height>30</height>
              <align>left</align>
              <aligny>center</aligny>
              <include>listcolorfocus</include>
              <font>Font_Reg15</font>
              <label>[LOWERCASE]$INFO[ListItem.Premiered] • $INFO[ListItem.Label2][/LOWERCASE]</label>
              <visible>!IsEmpty(ListItem.Title)</visible>
            </control>
            <control type="image">
              <posx>503</posx>
              <posy>15</posy>
              <width>30</width>
              <height>30</height>
              <visible>!IsEmpty(ListItem.Overlay)</visible>
              <info>ListItem.Overlay</info>
            </control>
          </focusedlayout>
        </control>

        <control type="scrollbar" id="68">
          <posx>15</posx>
          <posy>143</posy>
          <width>65</width>
          <height>500</height>
          <visible allowhiddenfocus="true">Control.IsVisible(505)</visible>
          <texturesliderbackground>views/scrollbarbacklist.png</texturesliderbackground>
          <texturesliderbar>-</texturesliderbar>
          <texturesliderbarfocus>-</texturesliderbarfocus>
          <textureslidernib>views/scrollbarnub-nofocus.png</textureslidernib>
          <textureslidernibfocus>views/scrollbarnub-focus.png</textureslidernibfocus>
          <pulseonselect>no</pulseonselect>
          <onleft>SetFocus(9000)</onleft>
          <onright>505</onright>
          <showonepage>false</showonepage>
          <orientation>vertical</orientation>
        </control>
        <control type="label" id="161">
          <posx>80</posx>
          <posy>640</posy>
          <width>180</width>
          <height>41</height>
          <font>Font_Reg15</font>
          <align>left</align>
          <aligny>center</aligny>
          <textcolor>ff969696</textcolor>
          <label>$INFO[Container(505).NumItems] $LOCALIZE[31025]</label>
        </control>
        <control type="label" id="161">
          <posx>492</posx>
          <posy>640</posy>
          <width>85</width>
          <height>41</height>
          <font>Font_Reg15</font>
          <align>center</align>
          <aligny>center</aligny>
          <textcolor>ff969696</textcolor>
          <label>$LOCALIZE[31024] $INFO[Container(505).CurrentPage]/$INFO[Container(505).NumPages]</label>
        </control>
        <control type="label" id="161">
          <posx>710</posx>
          <posy>607</posy>
          <width>475</width>
          <height>41</height>
          <font>Font_Reg15</font>
          <align>center</align>
          <aligny>center</aligny>
          <textcolor>ff969696</textcolor>
          <label>[UPPERCASE]$INFO[ListItem.TVShowTitle] • $LOCALIZE[20373] $INFO[ListItem.Season][/UPPERCASE]</label>
        </control>
      </control>
      <control type="image">
        <posx>770</posx>
        <posy>15</posy>
        <width>360</width>
        <height>140</height>
        <aspectratio>stretch</aspectratio>
        <fadetime>400</fadetime>
        <texture background="true">$INFO[ListItem.Path]../logo.png</texture>
        <visible>!Window.IsActive(videofiles)</visible>
      </control>
    </control>

  </include>
	<include name="FullWidthList">
		<control type="group">
			<visible>Control.IsVisible(51)</visible>
			<include>VisibleFadeEffect</include>
			<control type="list" id="51">
				<posx>95</posx>
				<posy>78</posy>
				<width>1080</width>
				<height>561</height>
				<onleft>SetFocus(9000)</onleft>
				<onright>60</onright>
				<onup>51</onup>
				<ondown>51</ondown>
				<viewtype label="537">list</viewtype>
				<pagecontrol>60</pagecontrol>
				<scrolltime>200</scrolltime>
				<itemlayout height="40" width="1080">
					<control type="image">
						<posx>0</posx>
						<posy>0</posy>
						<width>1080</width>
						<height>41</height>
						<texture border="0,2,0,2">MenuItemNF.png</texture>
					</control>
					<control type="image">
						<posx>10</posx>
						<posy>4</posy>
						<width>40</width>
						<height>32</height>
						<texture background="true">$INFO[ListItem.Icon]</texture>
					</control>
					<control type="label">
						<posx>60</posx>
						<posy>0</posy>
						<width>950</width>
						<height>40</height>
						<font>font13</font>
						<textcolor>grey2</textcolor>
						<selectedcolor>selected</selectedcolor>
						<align>left</align>
						<aligny>center</aligny>
						<label>$INFO[ListItem.Label]</label>
					</control>
					<control type="label">
						<posx>1045</posx>
						<posy>0</posy>
						<width>1000</width>
						<height>40</height>
						<font>font12</font>
						<textcolor>grey2</textcolor>
						<selectedcolor>selected</selectedcolor>
						<align>right</align>
						<aligny>center</aligny>
						<label>$INFO[ListItem.Label2]</label>
						<animation effect="slide" start="0,0" end="20,0" delay="0" time="0" condition="![Window.IsVisible(VideoLibrary) | Window.IsVisible(VideoFiles)]">conditional</animation>
					</control>
					<control type="image">
						<posx>1050</posx>
						<posy>14</posy>
						<width>20</width>
						<height>16</height>
						<texture>$INFO[ListItem.Overlay]</texture>
						<visible>Window.IsVisible(VideoLibrary) | Window.IsVisible(VideoFiles)</visible>
					</control>
				</itemlayout>
				<focusedlayout height="40" width="1080">
					<control type="image">
						<posx>0</posx>
						<posy>0</posy>
						<width>1080</width>
						<height>41</height>
						<texture border="0,2,0,2">MenuItemNF.png</texture>
						<visible>!Control.HasFocus(51)</visible>
						<include>VisibleFadeEffect</include>
					</control>
					<control type="image">
						<posx>0</posx>
						<posy>0</posy>
						<width>1080</width>
						<height>41</height>
						<texture border="0,2,0,2">MenuItemFO.png</texture>
						<visible>Control.HasFocus(51)</visible>
						<include>VisibleFadeEffect</include>
					</control>
					<control type="image">
						<posx>875</posx>
						<posy>5</posy>
						<width>200</width>
						<height>31</height>
						<texture border="0,0,14,0">MediaItemDetailBG.png</texture>
						<visible>Control.HasFocus(51) + !IsEmpty(ListItem.Label2)</visible>
					</control>
					<control type="image">
						<posx>10</posx>
						<posy>4</posy>
						<width>40</width>
						<height>32</height>
						<texture background="true">$INFO[ListItem.Icon]</texture>
					</control>
					<control type="label">
						<posx>60</posx>
						<posy>0</posy>
						<width>950</width>
						<height>40</height>
						<font>font13</font>
						<textcolor>white</textcolor>
						<selectedcolor>selected</selectedcolor>
						<align>left</align>
						<aligny>center</aligny>
						<label>$INFO[ListItem.Label]</label>
					</control>
					<control type="label">
						<posx>1045</posx>
						<posy>0</posy>
						<width>1000</width>
						<height>40</height>
						<font>font12</font>
						<textcolor>white</textcolor>
						<selectedcolor>selected</selectedcolor>
						<align>right</align>
						<aligny>center</aligny>
						<label>$INFO[ListItem.Label2]</label>
						<animation effect="slide" start="0,0" end="20,0" delay="0" time="0" condition="![Window.IsVisible(VideoLibrary) | Window.IsVisible(VideoFiles)]">conditional</animation>
					</control>
					<control type="image">
						<posx>1050</posx>
						<posy>14</posy>
						<width>20</width>
						<height>16</height>
						<texture>$INFO[ListItem.Overlay]</texture>
						<visible>Window.IsVisible(VideoLibrary) | Window.IsVisible(VideoFiles)</visible>
					</control>
				</focusedlayout>
			</control>
			<control type="scrollbar" id="60">
				<posx>1170</posx>
				<posy>80</posy>
				<width>25</width>
				<height>550</height>
				<texturesliderbackground border="0,14,0,14">ScrollBarV.png</texturesliderbackground>
				<texturesliderbar border="0,14,0,14">ScrollBarV_bar.png</texturesliderbar>
				<texturesliderbarfocus border="0,14,0,14">ScrollBarV_bar_focus.png</texturesliderbarfocus>
				<textureslidernib>ScrollBarNib.png</textureslidernib>
				<textureslidernibfocus>ScrollBarNib.png</textureslidernibfocus>
				<onleft>50</onleft>
				<onright>SetFocus(9000)</onright>
				<showonepage>false</showonepage>
				<orientation>vertical</orientation>
				<visible>Control.IsVisible(51)</visible>
			</control>
		</control>
	</include>
</includes>
