<includes>
  <include name="EpisodeView">
    <control type="group">
      <visible>Control.IsVisible(514)</visible>
      <include>Animation_OpenCloseZoom</include>
      <control type="image">
        <width>1280</width>
        <height>720</height>
        <texture>common/black.png</texture>
        <colordiffuse>BBffffff</colordiffuse>
        <include>Animation_WindowFade200</include>
      </control>
      <control type="fixedlist" id="514">
        <viewtype label="Episode">list</viewtype>
        <posx>327</posx>
        <posy>130</posy>
        <width>933</width>
        <height>467</height>
        <scrolltime>0</scrolltime>
        <orientation>vertical</orientation>
        <movement>3</movement>
        <focusposition>2</focusposition>
        <onup>514</onup>
        <ondown>514</ondown>
        <onleft>9000</onleft>
        <onright>61</onright>
        <pagecontrol>61</pagecontrol>
        <visible>Window.IsActive(videolibrary) + Container.Content(episodes)</visible>
        <animation effect="slide" end="-60,0" delay="1200" condition="!Player.HasVideo + !VideoPlayer.IsFullscreen">Conditional</animation>
        <itemlayout width="633" height="60">
          <control type="label">
            <posx>104</posx>
            <posy>0</posy>
            <width>84</width>
            <height>60</height>
            <align>right</align>
            <aligny>center</aligny>
            <label>$INFO[ListItem.Episode]</label>
            <font>Font_OSDTitle2</font>
            <textcolor>abFFFFFF</textcolor>
            <selectedcolor>selected</selectedcolor>
          </control>

        </itemlayout>
        <focusedlayout width="633" height="164">
          <control type="image">
            <posx>13</posx>
            <posy>13</posy>
            <width>253</width>
            <height>139</height>
            <texture background="true" diffuse="thumbs/multiplex_tvmask.png">$INFO[ListItem.Icon]</texture>
            <aspectratio scalediffuse="false">scale</aspectratio>
            <animation type="Focus" reversible="false">
              <effect type="zoom" center="127,70" start="50" end="100" time="200" tween="cubic" easing="out" />
            </animation>
          </control>
          <control type="image">
            <posx>13</posx>
            <posy>13</posy>
            <width>253</width>
            <height>139</height>
            <texture background="true" diffuse="thumbs/multiplex_tvmask.png">common/blank.png</texture>
            <bordertexture border="-16">thumbs/multiplex_tvborder.png</bordertexture>
            <aspectratio scalediffuse="false">scale</aspectratio>
            <animation type="Focus" reversible="false">
              <effect type="zoom" center="127,70" start="50" end="100" time="200" tween="cubic" easing="out" />
            </animation>
          </control>
          <control type="fadelabel">
            <posx>292</posx>
            <posy>25</posy>
            <width>633</width>
            <scrollout>false</scrollout>
            <pauseatend>1800</pauseatend>
            <scrollspeed>40</scrollspeed>
            <label>[UPPERCASE]$INFO[ListItem.Label][/UPPERCASE]</label>
            <font>Font_Bold28</font>
            <textcolor>abFFFFFF</textcolor>
            <selectedcolor>selected</selectedcolor>
            <animation type="Focus" reversible="false">
              <effect type="fade" start="0" end="100" time="200" />
            </animation>
            <visible>!IsEmpty(ListItem.Title)</visible>
          </control>
        </focusedlayout>
      </control>
    </control>
  </include>
</includes>