<window id="115">
  <defaultcontrol>1</defaultcontrol>
  <visible>Window.IsActive(fullscreenvideo)+[Player.Seeking | Player.DisplayAfterSeek | Player.Paused | Player.Forwarding | Player.Rewinding]+ !Window.IsActive(videoosd)+ !Window.IsActive(fullscreeninfo)</visible>
  <coordinates>
    <system>1</system>
    <posx>0</posx>
    <posy>0</posy>
  </coordinates>
  <controls>
    <control type="group">
      <control type="image">
        <description>ClearART</description>
        <posx>950</posx>
        <posy>534</posy>
        <width>330</width>
        <height>185</height>
        <texture background="true">$INFO[Player.FolderPath]/clearart.png</texture>
        <aspectratio>keep</aspectratio>
        <visible>!Skin.HasSetting(Show_Info_Paused)</visible>
        <visible>VideoPlayer.Content(episodes)</visible>
        <visible>Player.Paused</visible>
      </control>
      <control type="image">
        <description>ClearART</description>
        <posx>950</posx>
        <posy>534</posy>
        <width>330</width>
        <height>185</height>
        <texture background="true">$INFO[Player.FolderPath]../clearart.png</texture>
        <aspectratio>keep</aspectratio>
        <visible>!Skin.HasSetting(Show_Info_Paused)</visible>
        <visible>VideoPlayer.Content(episodes)</visible>
        <visible>Player.Paused</visible>
      </control>
      <control type="image">
        <posx>500</posx>
        <posy>0</posy>
        <width>280</width>
        <height>28</height>
        <texture flipy="true">osd/osd_button_paused.png</texture>
        <include>Animation_CommonFade</include>
        <visible>true</visible>
        <animation effect="slide" start="0,-65" end="0,0" time="100">WindowOpen</animation>
        <animation effect="slide" start="0,0" end="0,-65" time="100">WindowClose</animation>
      </control>
    </control>
    <control type="group">
      <posx>380</posx>
      <posy>692</posy>
      <animation effect="slide" start="0,65" end="0,0" time="100">WindowOpen</animation>
      <animation effect="slide" start="0,0" end="0,65" time="100">WindowClose</animation>
      <visible>!Skin.HasSetting(Show_Info_Paused)</visible>
      <control type="image">
        <posx>-10</posx>
        <width>540</width>
        <height>28</height>
        <texture>osd/osd_button_progress.png</texture>
      </control>
      <control type="progress" id="20">
        <description>Progressbar</description>
        <posx>80</posx>
        <posy>8</posy>
        <width>360</width>
        <height>13</height>
        <texturebg>osd/seek/progress_back.png</texturebg>
        <lefttexture>osd/seek/progress_left.png</lefttexture>
        <midtexture>osd/seek/progress_mid.png</midtexture>
        <righttexture>osd/seek/progress_right.png</righttexture>
        <overlaytexture>-</overlaytexture>
        <info>Player.Progress</info>
      </control>
      <control type="label">
        <description>Current time</description>
        <posx>5</posx>
        <posy>0</posy>
        <width>200</width>
        <height>28</height>
        <font>Font_Reg18</font>
        <label>$INFO[Player.Time]</label>
        <align>left</align>
        <aligny>center</aligny>
      </control>
      <control type="label">
        <description>Current time</description>
        <posx>515</posx>
        <posy>0</posy>
        <width>200</width>
        <height>28</height>
        <font>Font_Reg18</font>
        <label>$INFO[Player.Duration]</label>
        <align>right</align>
        <aligny>center</aligny>
      </control>
    </control>
    <control type="group">
      <animation effect="slide" start="-150,0" end="0,0" time="100">WindowOpen</animation>
      <animation effect="slide" start="0,0" end="-150,0" time="100">WindowClose</animation>
      <visible>!Skin.HasSetting(Show_Info_Paused)</visible>
      <control type="image">
        <posx>-281</posx>
        <width>481</width>
        <height>28</height>
        <texture flipx="true" flipy="true">osd/osd_button_advance.png</texture>
      </control>
      <control type="label">
        <posx>10</posx>
        <posy>0</posy>
        <width>120</width>
        <height>28</height>
        <align>left</align>
        <aligny>center</aligny>
        <font>Font_Reg18</font>
        <textcolor>FFececec</textcolor>
        <scroll>true</scroll>
        <label>[UPPERCASE]time: $INFO[System.Time][/UPPERCASE]</label>
      </control>
    </control>
    <control type="group">
      <animation effect="slide" start="150,0" end="0,0" time="100">WindowOpen</animation>
      <animation effect="slide" start="0,0" end="150,0" time="100">WindowClose</animation>
      <visible>!Skin.HasSetting(Show_Info_Paused)</visible>
      <control type="image">
        <posx>1080</posx>
        <width>481</width>
        <height>28</height>
        <texture flipy="true">osd/osd_button_advance.png</texture>
      </control>
      <control type="label">
        <posx>1270</posx>
        <posy>0</posy>
        <width>330</width>
        <height>28</height>
        <align>right</align>
        <aligny>center</aligny>
        <font>Font_Reg18</font>
        <textcolor>FFececec</textcolor>
        <scroll>true</scroll>
        <label>[UPPERCASE]$LOCALIZE[31049]: $INFO[Player.FinishTime][/UPPERCASE]</label>
      </control>
    </control>
    <control type="group">
      <posx>-500</posx>
      <posy>692</posy>
      <width>499</width>
      <height>28</height>
      <animation effect="slide" end="200,0" time="200" condition="Player.Forwarding2x">Conditional</animation>
      <animation effect="slide" end="238,0" time="200" condition="Player.Forwarding4x">Conditional</animation>
      <animation effect="slide" end="275,0" time="200" condition="Player.Forwarding8x">Conditional</animation>
      <animation effect="slide" end="312,0" time="200" condition="Player.Forwarding16x">Conditional</animation>
      <animation effect="slide" end="350,0" time="200" condition="Player.Forwarding32x">Conditional</animation>
      <control type="image">
        <posx>0</posx>
        <posy>0</posy>
        <width>499</width>
        <height>28</height>
        <texture>osd/osd_button_reverse.png</texture>
      </control>
      <control type="label">
        <include>Objects_OSDSeekForward</include>
        <label>[UPPERCASE]$LOCALIZE[31044] 2X[/UPPERCASE]</label>
        <visible>Player.Forwarding2x</visible>
      </control>
      <control type="label">
        <include>Objects_OSDSeekForward</include>
        <label>[UPPERCASE]$LOCALIZE[31044] 4X[/UPPERCASE]</label>
        <visible>Player.Forwarding4x</visible>
      </control>
      <control type="label">
        <include>Objects_OSDSeekForward</include>
        <label>[UPPERCASE]$LOCALIZE[31044] 8X[/UPPERCASE]</label>
        <visible>Player.Forwarding8x</visible>
      </control>
      <control type="label">
        <include>Objects_OSDSeekForward</include>
        <label>[UPPERCASE]$LOCALIZE[31044] 16X[/UPPERCASE]</label>
        <visible>Player.Forwarding16x</visible>
      </control>
      <control type="label">
        <include>Objects_OSDSeekForward</include>
        <label>[UPPERCASE]$LOCALIZE[31044] 32X[/UPPERCASE]</label>
        <visible>Player.Forwarding32x</visible>
      </control>
    </control>
    <control type="group">
      <posx>1280</posx>
      <posy>692</posy>
      <width>499</width>
      <height>28</height>
      <animation effect="slide" end="-200,0" time="200" condition="Player.Rewinding2x">Conditional</animation>
      <animation effect="slide" end="-238,0" time="200" condition="Player.Rewinding4x">Conditional</animation>
      <animation effect="slide" end="-275,0" time="200" condition="Player.Rewinding8x">Conditional</animation>
      <animation effect="slide" end="-312,0" time="200" condition="Player.Rewinding16x">Conditional</animation>
      <animation effect="slide" end="-350,0" time="200" condition="Player.Rewinding32x">Conditional</animation>
      <control type="image">
        <posx>0</posx>
        <posy>0</posy>
        <width>499</width>
        <height>28</height>
        <texture>osd/osd_button_advance.png</texture>
      </control>
      <control type="label">
        <include>Objects_OSDSeekReverse</include>
        <label>[UPPERCASE]$LOCALIZE[31045] 2X[/UPPERCASE]</label>
        <visible>Player.Rewinding2x</visible>
      </control>
      <control type="label">
        <include>Objects_OSDSeekReverse</include>
        <label>[UPPERCASE]$LOCALIZE[31045] 4X[/UPPERCASE]</label>
        <visible>Player.Rewinding4x</visible>
      </control>
      <control type="label">
        <include>Objects_OSDSeekReverse</include>
        <label>[UPPERCASE]$LOCALIZE[31045] 8X[/UPPERCASE]</label>
        <visible>Player.Rewinding8x</visible>
      </control>
      <control type="label">
        <include>Objects_OSDSeekReverse</include>
        <label>[UPPERCASE]$LOCALIZE[31045] 16X[/UPPERCASE]</label>
        <visible>Player.Rewinding16x</visible>
      </control>
      <control type="label">
        <include>Objects_OSDSeekReverse</include>
        <label>[UPPERCASE]$LOCALIZE[31045] 32X[/UPPERCASE]</label>
        <visible>Player.Rewinding32x</visible>
      </control>
    </control>
    <control type="group">
      <control type="label">
        <description>Playing Label</description>
        <posx>500</posx>
        <posy>0</posy>
        <width>280</width>
        <height>28</height>
        <aligny>center</aligny>
        <align>center</align>
        <font>Font_Reg18</font>
        <textcolor>FF363636</textcolor>
        <include>Animation_CommonFade</include>
        <label>[UPPERCASE]$LOCALIZE[31042][/UPPERCASE]</label>
        <visible>Player.Playing + !Player.Seeking + !Player.DisplayAfterSeek</visible>
      </control>
      <control type="label">
        <description>Paused Label</description>
        <posx>500</posx>
        <posy>0</posy>
        <width>280</width>
        <height>28</height>
        <aligny>center</aligny>
        <align>center</align>
        <font>Font_Reg18</font>
        <textcolor>FF363636</textcolor>
        <include>Animation_CommonFade</include>
        <label>[UPPERCASE]$LOCALIZE[31043][/UPPERCASE]</label>
        <visible>[Player.Paused + !Player.Caching] + !Player.Seeking + !Player.DisplayAfterSeek</visible>
      </control>
      <control type="label">
        <description>Cache Label</description>
        <posx>500</posx>
        <posy>0</posy>
        <width>280</width>
        <height>28</height>
        <aligny>center</aligny>
        <align>center</align>
        <font>Font_Reg18</font>
        <textcolor>FF363636</textcolor>
        <include>Animation_CommonFade</include>
        <label>[UPPERCASE]$LOCALIZE[15107] $INFO[Player.CacheLevel]%[/UPPERCASE]</label>
        <visible>[Player.Paused + Player.Caching] + !Player.Seeking</visible>
      </control>
      <control type="label">
        <description>Seeking Label</description>
        <posx>500</posx>
        <posy>0</posy>
        <width>280</width>
        <height>28</height>
        <aligny>center</aligny>
        <align>center</align>
        <font>Font_Reg18</font>
        <textcolor>FF363636</textcolor>
        <include>Animation_CommonFade</include>
        <label>[UPPERCASE]$LOCALIZE[773][/UPPERCASE]</label>
        <visible>Player.Seeking</visible>
      </control>
      <control type="label">
        <description>Final Seek amount Label</description>
        <posx>500</posx>
        <posy>0</posy>
        <width>280</width>
        <height>28</height>
        <aligny>center</aligny>
        <align>center</align>
        <font>Font_Reg18</font>
        <textcolor>FF363636</textcolor>
        <include>Animation_CommonFade</include>
        <label>[UPPERCASE]$LOCALIZE[773] $INFO[Player.SeekOffset][/UPPERCASE]</label>
        <visible>Player.DisplayAfterSeek + ![player.forwarding | player.rewinding]</visible>
      </control>

      <control type="label">
        <description>Seek Time Label</description>
        <posx>500</posx>
        <posy>0</posy>
        <width>280</width>
        <height>28</height>
        <aligny>center</aligny>
        <align>center</align>
        <font>Font_Reg18</font>
        <textcolor>FF363636</textcolor>
        <include>Animation_CommonFade</include>
        <label>[UPPERCASE]$INFO[Player.SeekTime][/UPPERCASE]</label>
        <visible>Player.Seeking</visible>
      </control>
    </control>
    <control type="group">
      <posx>-330</posx>
      <posy>692</posy>
      <width>499</width>
      <height>28</height>
      <animation effect="slide" start="-150,0" end="0,0" time="100">WindowOpen</animation>
      <animation effect="slide" start="0,0" end="-150,0" time="100">WindowClose</animation>
      <animation effect="slide" start="0,0" end="0,-85" time="100" condition="Skin.HasSetting(Show_Info_Paused)">Conditional</animation>
      <control type="image">
        <posx>0</posx>
        <posy>0</posy>
        <width>499</width>
        <height>28</height>
        <texture>osd/osd_button_reverse.png</texture>
        <visible>player.chaptercount+![Player.Forwarding | Player.Rewinding]</visible>
      </control>
      <control type="label" id="1">
        <description>Chapter Pos No</description>
        <posx>480</posx>
        <posy>0</posy>
        <width>499</width>
        <height>28</height>
        <aligny>center</aligny>
        <align>right</align>
        <font>Font_Reg18</font>
        <textcolor>FF363636</textcolor>
        <include>Animation_CommonFade</include>
        <label>[UPPERCASE]$LOCALIZE[21396]: $INFO[player.chapter]$INFO[player.chaptercount, / ][/UPPERCASE]</label>
        <visible>player.chaptercount+![Player.Forwarding | Player.Rewinding]</visible>
      </control>
    </control>
    <control type="group">
      <description>Bottom Bar</description>
      <visible>Skin.HasSetting(Show_Info_Paused)+Player.Paused</visible>
      <animation type="Visible">
        <effect type="fade" time="400" start="0" end="100" />
        <effect type="slide" time="400" start="0,90" end="0,0" easing="out" tween="cubic" />
      </animation>
      <animation type="Hidden">
        <effect type="fade" time="400" start="100" end="0" />
        <effect type="slide" time="400" start="0,0" end="0,90" easing="in" tween="cubic" />
      </animation>
      <animation type="WindowOpen">
        <effect type="fade" time="400" start="0" end="100" />
        <effect type="slide" time="400" start="0,90" end="0,0" easing="out" tween="cubic" />
      </animation>
      <animation type="WindowClose">
        <effect type="fade" time="400" start="100" end="0" />
        <effect type="slide" time="400" start="0,0" end="0,90" easing="in" tween="cubic" />
      </animation>
      <control type="image">
        <description>osd bar bottom</description>
        <posx>0</posx>
        <posy>630</posy>
        <width>1280</width>
        <height>90</height>
        <texture>osd/osd_back.png</texture>
      </control>
      <control type="image">
        <visible>!VideoPlayer.Content(episodes) + !VideoPlayer.Content(musicvideos)</visible>
        <description>Cover Image</description>
        <posx>1050</posx>
        <posy>400</posy>
        <width>207</width>
        <height>310</height>
        <texture background="true" diffuse="thumbs/movieposter_mask.png">$INFO[VideoPlayer.Cover]</texture>
        <aspectratio aligny="bottom">stretch</aspectratio>
        <animation type="WindowOpen">
          <effect type="slide" start="300,0" end="0,0" time="600" tween="cubic" easing="out"/>
        </animation>
        <animation type="WindowClose">
          <effect type="slide" start="0,0" end="300,0" time="600" tween="cubic" easing="out"/>
          <effect type="fade" start="100" end="0" time="600"/>
        </animation>
      </control>
      <control type="image">
        <visible>!VideoPlayer.Content(episodes) + !VideoPlayer.Content(musicvideos)</visible>
        <description>Cover Image</description>
        <posx>1050</posx>
        <posy>400</posy>
        <width>207</width>
        <height>310</height>
        <texture background="true" diffuse="thumbs/movieposter_mask.png">common/blank.png</texture>
        <bordertexture border="-25">thumbs/poster_shadow.png</bordertexture>
        <aspectratio aligny="bottom">stretch</aspectratio>
        <animation type="WindowOpen">
          <effect type="slide" start="300,0" end="0,0" time="600" tween="cubic" easing="out"/>
        </animation>
        <animation type="WindowClose">
          <effect type="slide" start="0,0" end="300,0" time="600" tween="cubic" easing="out"/>
          <effect type="fade" start="100" end="0" time="600"/>
        </animation>
      </control>
      <control type="image">
        <visible>VideoPlayer.Content(episodes) | VideoPlayer.Content(musicvideos)</visible>
        <description>Cover Image</description>
        <posx>1030</posx>
        <posy>580</posy>
        <width>245</width>
        <height>138</height>
        <texture background="true" diffuse="thumbs/multiplex_tvmask.png">$INFO[VideoPlayer.Cover]</texture>
        <aspectratio scalediffuse="false">scale</aspectratio>
        <bordertexture border="-16">thumbs/multiplex_tvborder.png</bordertexture>
        <animation type="WindowOpen">
          <effect type="slide" start="300,0" end="0,0" time="600" tween="cubic" easing="out"/>
        </animation>
        <animation type="WindowClose">
          <effect type="slide" start="0,0" end="300,0" time="600" tween="cubic" easing="out"/>
          <effect type="fade" start="100" end="0" time="600"/>
        </animation>
      </control>
      <control type="progress" id="23">
        <description>Progressbar</description>
        <posx>260</posx>
        <posy>665</posy>
        <width>760</width>
        <height>15</height>
        <info>Player.Progress</info>
        <texturebg>osd/info/osd_progress_back.png</texturebg>
        <lefttexture>osd/info/osd_progress_left.png</lefttexture>
        <midtexture>osd/info/osd_progress_mid.png</midtexture>
        <righttexture>osd/info/osd_progress_right.png</righttexture>
        <overlaytexture>-</overlaytexture>
        <visible>true</visible>
      </control>
      <control type="fadelabel">
        <posx>340</posx>
        <posy>690</posy>
        <width>600</width>
        <height>25</height>
        <align>center</align>
        <font>Font_Info</font>
        <textcolor>60FFFFFF</textcolor>
        <label>$LOCALIZE[31156] [COLOR d0ffffff]$INFO[VideoPlayer.Director][/COLOR]</label>
        <label>$LOCALIZE[31157] [COLOR d0ffffff]$INFO[VideoPlayer.Writer][/COLOR]</label>
        <label>[COLOR d0ffffff]$INFO[VideoPlayer.Genre][/COLOR]</label>
        <label>$LOCALIZE[368]: [COLOR d0ffffff]$INFO[VideoPlayer.RatingAndVotes][/COLOR] • $LOCALIZE[13409] [COLOR d0ffffff]# $INFO[VideoPlayer.Top250][/COLOR]</label>
        <label>[COLOR d0ffffff]$INFO[VideoPlayer.mpaa][/COLOR]</label>
        <label>$LOCALIZE[21875]: [COLOR d0ffffff]$INFO[VideoPlayer.Country][/COLOR]</label>
        <label>[COLOR d0ffffff]$INFO[VideoPlayer.PlotOutline][/COLOR]</label>
        <scroll>true</scroll>
        <scrollout>false</scrollout>
        <scrollspeed>100</scrollspeed>
        <pauseatend>5000</pauseatend>
        <visible>VideoPlayer.Content(movies)+!IsEmpty(VideoPlayer.Top250)</visible>
      </control>
      <control type="fadelabel">
        <posx>340</posx>
        <posy>690</posy>
        <width>600</width>
        <height>25</height>
        <align>center</align>
        <font>Font_Info</font>
        <textcolor>60FFFFFF</textcolor>
        <label>$LOCALIZE[31156] [COLOR d0ffffff]$INFO[VideoPlayer.Director][/COLOR]</label>
        <label>$LOCALIZE[31157] [COLOR d0ffffff]$INFO[VideoPlayer.Writer][/COLOR]</label>
        <label>[COLOR d0ffffff]$INFO[VideoPlayer.Genre][/COLOR]</label>
        <label>$LOCALIZE[368]: [COLOR d0ffffff]$INFO[VideoPlayer.RatingAndVotes][/COLOR]</label>
        <label>[COLOR d0ffffff]$INFO[VideoPlayer.mpaa][/COLOR]</label>
        <label>$LOCALIZE[21875]: [COLOR d0ffffff]$INFO[VideoPlayer.Country][/COLOR]</label>
        <label>[COLOR d0ffffff]$INFO[VideoPlayer.PlotOutline][/COLOR]</label>
        <scroll>true</scroll>
        <scrollout>false</scrollout>
        <scrollspeed>100</scrollspeed>
        <pauseatend>5000</pauseatend>
        <visible>VideoPlayer.Content(movies)+IsEmpty(VideoPlayer.Top250)</visible>
      </control>
      <control type="label">
        <posx>640</posx>
        <posy>690</posy>
        <width>190</width>
        <height>25</height>
        <align>center</align>
        <font>Font_Info</font>
        <textcolor>60FFFFFF</textcolor>
        <label>$LOCALIZE[20359] $LOCALIZE[563]: [COLOR d0ffffff]$INFO[VideoPlayer.Rating][/COLOR]</label>
        <scroll>true</scroll>
        <visible>VideoPlayer.Content(episodes)</visible>
      </control>
      <control type="label">
        <posx>450</posx>
        <posy>690</posy>
        <width>190</width>
        <height>25</height>
        <align>center</align>
        <font>Font_Info</font>
        <textcolor>60FFFFFF</textcolor>
        <label>$LOCALIZE[20416]: [COLOR d0ffffff]$INFO[VideoPlayer.premiered][/COLOR]</label>
        <scroll>true</scroll>
        <visible>VideoPlayer.Content(episodes)</visible>
      </control>
      <control type="group">
        <posx>0</posx>
        <posy>615</posy>
        <control type="group">
          <visible>VideoPlayer.Content(episodes)</visible>
          <control type="image" id="1000">
            <description>Clearart</description>
            <posx>15</posx>
            <posy>-34</posy>
            <width>230</width>
            <height>156</height>
            <texture background="true">$INFO[Player.FolderPath]/clearart.png</texture>
            <aspectratio>keep</aspectratio>
            <animation type="WindowOpen">
              <effect type="slide" start="-300,0" end="0,0" time="600" tween="cubic" easing="out"/>
              <effect type="fade" start="0" end="100" time="600"/>
            </animation>
            <animation type="WindowClose">
              <effect type="slide" start="0,0" end="-300,0" time="600" tween="cubic" easing="out"/>
              <effect type="fade" start="100" end="0" time="600"/>
            </animation>
          </control>
          <control type="image" id="1001">
            <description>Clearart</description>
            <posx>15</posx>
            <posy>-34</posy>
            <width>230</width>
            <height>156</height>
            <texture background="true">$INFO[Player.FolderPath]/../clearart.png</texture>
            <aspectratio>keep</aspectratio>
            <visible>IsEmpty(Control.GetLabel(1000))</visible>
            <animation type="WindowOpen">
              <effect type="slide" start="-300,0" end="0,0" time="600" tween="cubic" easing="out"/>
              <effect type="fade" start="0" end="100" time="600"/>
            </animation>
            <animation type="WindowClose">
              <effect type="slide" start="0,0" end="-300,0" time="600" tween="cubic" easing="out"/>
              <effect type="fade" start="100" end="0" time="600"/>
            </animation>
          </control>
          <control type="image" id="1002">
            <description>Logo.png fallback</description>
            <posx>15</posx>
            <posy>-44</posy>
            <width>230</width>
            <height>156</height>
            <texture background="true">$INFO[Player.FolderPath]/../logo.png</texture>
            <aspectratio>keep</aspectratio>
            <visible>IsEmpty(Control.GetLabel(1000)) + IsEmpty(Control.GetLabel(1001))</visible>
            <animation type="WindowOpen">
              <effect type="slide" start="-300,0" end="0,0" time="600" tween="cubic" easing="out"/>
              <effect type="fade" start="0" end="100" time="600"/>
            </animation>
            <animation type="WindowClose">
              <effect type="slide" start="0,0" end="-300,0" time="600" tween="cubic" easing="out"/>
              <effect type="fade" start="100" end="0" time="600"/>
            </animation>
          </control>
          <control type="image" id="1003">
            <description>Logo.png fallback</description>
            <posx>15</posx>
            <posy>-44</posy>
            <width>230</width>
            <height>156</height>
            <visible>IsEmpty(Control.GetLabel(1000)) + IsEmpty(Control.GetLabel(1001)) + IsEmpty(Control.GetLabel(1002))</visible>
            <texture background="true">$INFO[Player.FolderPath]/../logo.png</texture>
            <aspectratio>keep</aspectratio>
            <animation type="WindowOpen">
              <effect type="slide" start="-300,0" end="0,0" time="600" tween="cubic" easing="out"/>
              <effect type="fade" start="0" end="100" time="600"/>
            </animation>
            <animation type="WindowClose">
              <effect type="slide" start="0,0" end="-300,0" time="600" tween="cubic" easing="out"/>
              <effect type="fade" start="100" end="0" time="600"/>
            </animation>
          </control>
        </control>
        <control type="group">
          <visible>VideoPlayer.Content(movies)</visible>
          <control type="image">
            <description>IMDB Rating</description>
            <posx>65</posx>
            <posy>70</posy>
            <width>120</width>
            <height>24</height>
            <texture>$INFO[VideoPlayer.Rating,stars/,.png]</texture>
          </control>
          <control type="label">
            <posx>65</posx>
            <posy>37</posy>
            <width>130</width>
            <height>25</height>
            <align>center</align>
            <aligny>center</aligny>
            <font>Font_OSDTitle2</font>
            <label>$INFO[VideoPlayer.Year]</label>
          </control>
        </control>
      </control>
      <control type="group">
        <posy>605</posy>
        <control type="label">
          <posx>260</posx>
          <posy>85</posy>
          <width>760</width>
          <height>25</height>
          <font>Font_Info</font>
          <colordiffuse>d0FFFFFF</colordiffuse>
          <align>left</align>
          <label>$INFO[VideoPlayer.Time]</label>
        </control>
        <control type="label">
          <posx>260</posx>
          <posy>35</posy>
          <width>760</width>
          <height>25</height>
          <font>Font_Info</font>
          <align>left</align>
          <textcolor>60FFFFFF</textcolor>
          <label>$LOCALIZE[31158]: [COLOR d0ffffff]$INFO[System.Time][/COLOR]</label>
        </control>
        <control type="label">
          <posx>440</posx>
          <posy>30</posy>
          <width>400</width>
          <height>25</height>
          <font>Font_Reg25</font>
          <align>center</align>
          <scroll>true</scroll>
          <textcolor>d0ffffff</textcolor>
          <label>[UPPERCASE]$INFO[VideoPlayer.Title][/UPPERCASE]</label>
        </control>
        <control type="label">
          <posx>1020</posx>
          <posy>85</posy>
          <width>760</width>
          <height>25</height>
          <font>Font_Info</font>
          <align>right</align>
          <label>$INFO[VideoPlayer.Duration]</label>
        </control>
        <control type="label">
          <posx>1020</posx>
          <posy>35</posy>
          <width>760</width>
          <height>25</height>
          <font>Font_Info</font>
          <textcolor>60FFFFFF</textcolor>
          <align>right</align>
          <label>$LOCALIZE[31049]: [COLOR d0ffffff]$INFO[Player.FinishTime][/COLOR]</label>
        </control>
      </control>
     </control>
  </controls>
</window>