<includes>
  <include name="PosterWrapView">
    <control type="group">
      <visible>Control.IsVisible(501)</visible>
      <posx>0</posx>
      <posy>0</posy>
      <include>Furniture_Showcase</include>

      <control type="group">
        <include>ShowcaseInfoPaneMovies</include>
      </control>
      <control type="group">
        <include>ShowcaseMovies</include>
      </control>
      <control type="wraplist" id="501">
        <visible>Container.Content(Movies) | Container.Content(Seasons) | [Container.Content(TVShows) + Skin.HasSetting(TVShowsUsePosters)] | Window.IsVisible(VideoFiles) | Window.IsActive(1)</visible>
        <visible>!Container.Content(LiveTV)</visible>
        <include condition="Window.IsActive(28) | Window.IsActive(24) | [Window.IsActive(25) + !Container.Content(episodes)] | Window.IsActive(1)">MovieShowcaseGroupVars</include>
        <onleft>SetFocus(109)</onleft>
        <onright>109</onright>
        <onup>SetFocus(7000)</onup>
        <ondown>61</ondown>
        <viewtype label="31028">bigwrap</viewtype>
        <pagecontrol>61</pagecontrol>
        <scrolltime>200</scrolltime>
        <focusposition>3</focusposition>
        <orientation>horizontal</orientation>
        <preloaditems>4</preloaditems>
        <itemlayout height="350" width="196" condition="Window.IsActive(28) | Window.IsActive(24) | [Window.IsActive(25) + !Container.Content(episodes)] | Window.IsActive(1)">
          <control type="group">
            <visible>Skin.HasSetting(noflow)</visible>
            <control type="image">
              <include>MovieShowcaseThumb</include>
              <info>ListItem.Thumb</info>
            </control>
            <control type="image">
              <description>Glass overlay</description>
              <include>MovieShowcaseGlassOverlayAngled</include>
            </control>
            <control type="image">
              <include>MovieShowcaseThumbReflection</include>
              <info>ListItem.Thumb</info>
            </control>
            <control type="image">
              <posx>162</posx>
              <posy>8</posy>
              <width>60</width>
              <height>60</height>
              <texture>thumbs/OverlayWatched.png</texture>
              <visible>!IsEmpty(ListItem.Overlay)</visible>
              <visible>StringCompare(ListItem.Overlay,OverlayWatched.png)</visible>
            </control>
          </control>
        </itemlayout>
        <focusedlayout height="350" width="196" condition="Window.IsActive(28) | Window.IsActive(24) | [Window.IsActive(25) + !Container.Content(episodes)] | Window.IsActive(1)">
          <control type="group">
            <visible>Skin.HasSetting(noflow)</visible>
            <animation effect="zoom" start="100" end="120" center="135,205" time="400" easing="out" reversible="false" tween="cubic">Focus</animation>
            <animation effect="zoom" start="120" end="100" center="135,205" time="400" easing="out" reversible="false" tween="cubic">Unfocus</animation>
            <control type="image">
              <include>MovieShowcaseThumb</include>
              <info>ListItem.Thumb</info>
            </control>
            <control type="image">
              <description>Glass overlay</description>
              <include>MovieShowcaseGlassOverlayAngled</include>
            </control>
            <control type="image">
              <include>MovieShowcaseThumbReflection</include>
              <info>ListItem.Thumb</info>
            </control>
            <control type="image">
              <posx>162</posx>
              <posy>8</posy>
              <width>60</width>
              <height>60</height>
              <texture>thumbs/OverlayWatched.png</texture>
              <visible>!IsEmpty(ListItem.Overlay)</visible>
              <visible>StringCompare(ListItem.Overlay,OverlayWatched.png)</visible>
            </control>
          </control>
        </focusedlayout>
      </control>
      <control type="scrollbar" id="61">
        <posx>305</posx>
        <posy>670</posy>
        <width>670</width>
        <height>41</height>
        <visible allowhiddenfocus="true">Control.IsVisible(501)+Control.HasFocus(61)</visible>
        <texturesliderbackground border="14,0,14,0">views/scrollBarH.png</texturesliderbackground>
        <texturesliderbar border="14,0,14,0">views/scrollBarH_bar.png</texturesliderbar>
        <texturesliderbarfocus border="14,0,14,0">views/scrollBarH_bar_focus.png</texturesliderbarfocus>
        <textureslidernib>views/scrollBarNib.png</textureslidernib>
        <textureslidernibfocus>views/scrollBarNib.png</textureslidernibfocus>
        <pulseonselect>yes</pulseonselect>
        <onup>501</onup>
        <ondown>SetFocus(109)</ondown>
        <ondown>9000</ondown>
        <showonepage>false</showonepage>
        <orientation>horizontal</orientation>
      </control>
      <control type="group">
        <visible>!Control.HasFocus(109)</visible>
        <include>Animation_HideMultiplex</include>
        <control type="label">
          <posx>340</posx>
          <posy>670</posy>
          <width>600</width>
          <align>center</align>
          <aligny>center</aligny>
          <include>Animation_CommonFade</include>
          <font>Font_Info</font>
          <textcolor>FFe1e1e1</textcolor>
          <shadowcolor>black</shadowcolor>
          <label>[UPPERCASE]$INFO[ListItem.Year] • $INFO[ListItem.Duration] $LOCALIZE[12391] • $INFO[ListItem.RatingAndVotes][/UPPERCASE]</label>
          <visible>!Control.HasFocus(61)+!ControlGroup(9000).HasFocus+!IsEmpty(ListItem.Title)+Container.Content(movies)+!Skin.HasSetting(wallgenre)+!IsEmpty(ListItem.RatingAndVotes)</visible>
        </control>
      <control type="label">
        <posx>340</posx>
        <posy>670</posy>
        <width>600</width>
        <align>center</align>
        <aligny>center</aligny>
        <include>Animation_CommonFade</include>
        <font>Font_Info</font>
        <textcolor>FFe1e1e1</textcolor>
        <shadowcolor>black</shadowcolor>
        <label>[UPPERCASE]$INFO[ListItem.Year] • $INFO[ListItem.Duration] $LOCALIZE[12391][/UPPERCASE]</label>
        <visible>!Control.HasFocus(61)+!ControlGroup(9000).HasFocus+!IsEmpty(ListItem.Title)+Container.Content(movies)+!Skin.HasSetting(wallgenre)+IsEmpty(ListItem.RatingAndVotes)</visible>
      </control>
      <control type="label">
        <posx>340</posx>
        <posy>670</posy>
        <width>600</width>
        <align>center</align>
        <aligny>center</aligny>
        <include>Animation_CommonFade</include>
        <font>Font_Info</font>
        <textcolor>FFe1e1e1</textcolor>
        <shadowcolor>black</shadowcolor>
        <label>[UPPERCASE]$INFO[ListItem.Genre][/UPPERCASE]</label>
        <visible>!Control.HasFocus(61)+!ControlGroup(9000).HasFocus+!IsEmpty(ListItem.Title)+Skin.HasSetting(wallgenre)</visible>
      </control>
      <control type="label">
        <posx>340</posx>
        <posy>693</posy>
        <width>600</width>
        <align>center</align>
        <aligny>center</aligny>
        <include>Animation_CommonFade</include>
        <font>Font_ShowcaseMainLabel2</font>
        <textcolor>FFe1e1e1</textcolor>
        <shadowcolor>black</shadowcolor>
        <label>[UPPERCASE]$INFO[ListItem.Label][/UPPERCASE]</label>
        <visible>!Control.HasFocus(61)+!ControlGroup(9000).HasFocus</visible>
      </control>
      <control type="label">
        <posx>340</posx>
        <posy>693</posy>
        <width>600</width>
        <align>center</align>
        <aligny>center</aligny>
        <include>Animation_CommonFade</include>
        <font>Font_ShowcaseMainLabel2</font>
        <textcolor>FFe1e1e1</textcolor>
        <shadowcolor>black</shadowcolor>
        <label>[UPPERCASE]$INFO[Container.NumItems] $LOCALIZE[31025] | $LOCALIZE[31024] $INFO[Container.CurrentPage]/$INFO[Container.NumPages][/UPPERCASE]</label>
        <visible>ControlGroup(9000).HasFocus</visible>
      </control>
      </control>
      <include>FloorFlags</include>
      <include>Furniture_DarkGradient</include>
    </control>
  </include>
  <include name="PosterWrapView2_Fanart">
    <control type="group">
      <visible>Control.IsVisible(508)</visible>
      <control type="image">
        <width>1280</width>
        <height>720</height>
        <texture>common/black.png</texture>
        <colordiffuse>aaffffff</colordiffuse>
      </control>
      <control type="image">
        <posx>0</posx>
        <posy>335</posy>
        <width>1280</width>
        <height>405</height>
        <texture>views/showcase_floor.png</texture>
        <include>Animation_CommonFade</include>
      </control>
      <control type="image">
        <animation effect="slide" time="1000" start="800,0" end="0,0" tween="cubic" easing="out">Visible</animation>
        <width>587</width>
        <height>137</height>
        <posx>593</posx>
        <posy>603</posy>
        <texture>views/list_spot.png</texture>
      </control>
      <control type="group">
        <animation effect="slide" time="700" start="-1100,0" end="0,0" tween="cubic" easing="out">WindowOpen</animation>
        <animation effect="slide" time="700" start="0,0" end="-800,0" tween="cubic" easing="out">WindowClose</animation>
        <animation effect="slide" time="700" start="-1100,0" end="0,0" tween="cubic" easing="out">Visible</animation>
        <animation effect="fade" time="200" start="100" end="0">Hidden</animation>
        <control type="image">
          <include>Animation_CommonFade</include>
          <posx>260</posx>
          <posy>150</posy>
          <width>1000</width>
          <height>500</height>
          <texture>views/multiplex_back.png</texture>
        </control> 
        <control type="image">
          <include>Animation_CommonFade</include>
          <posx>260</posx>
          <posy>150</posy>
          <width>1000</width>
          <height>500</height>
          <texture flipx="true">views/multiplex_tablet.png</texture>
        </control>
      
        <control type="group">
          <posx>300</posx>
          <posy>190</posy>
          <control type="textbox">
            <posx>320</posx>
            <posy>0</posy>
            <width>345</width>
            <height>304</height>
            <font>Font_Info</font>
            <label fallback="312577">$INFO[ListItem.Plot]</label>
            <textcolor>d0FFFFFF</textcolor>
            <autoscroll delay="8000" time="2000" repeat="8000">Skin.HasSetting(AutoScroll)</autoscroll>
          </control>
          <control type="image">
            <posx>480</posx>
            <posy>-150</posy>
            <width>297</width>
            <height>115</height>
            <aspectratio>keep</aspectratio>
            <texture>$INFO[ListItem.path]/logo.png</texture>
          </control>
          <control type="image">
            <posx>325</posx>
            <posy>327</posy>
            <width>600</width>
            <height>111</height>
            <aspectratio scalediffuse="false">stretch</aspectratio>
            <texture diffuse="thumbs/banner_mask.png">$INFO[ListItem.Thumb]</texture>
          </control>
          <control type="image">
            <posx>325</posx>
            <posy>470</posy>
            <width>600</width>
            <height>111</height>
            <aspectratio scalediffuse="false">stretch</aspectratio>
            <texture flipy="true" diffuse="thumbs/banner_mask_reflect.png">$INFO[ListItem.Thumb]</texture>
          </control>
          <control type="label">
            <posx>680</posx>
            <posy>0</posy>
            <height>13</height>
            <width>280</width>
            <font>Font_Info</font>
            <textcolor>abFFFFFF</textcolor>
            <label>$LOCALIZE[515]:</label>
          </control>
          <control type="label">
            <posx>680</posx>
            <posy>17</posy>
            <height>13</height>
            <width>280</width>
            <font>Font_Info</font>
            <textcolor>white</textcolor>
            <label fallback="312577">$INFO[ListItem.Genre]</label>
          </control>
          <control type="label">
            <posx>680</posx>
            <posy>45</posy>
            <height>13</height>
            <width>280</width>
            <font>Font_Info</font>
            <textcolor>abFFFFFF</textcolor>
            <label>$LOCALIZE[312576]:</label>
          </control>
          <control type="label">
            <posx>680</posx>
            <posy>62</posy>
            <height>13</height>
            <width>280</width>
            <font>Font_Info</font>
            <textcolor>white</textcolor>
            <label fallback="312577">$INFO[ListItem.Premiered]</label>
          </control>
          <control type="label">
            <posx>680</posx>
            <posy>90</posy>
            <height>13</height>
            <width>280</width>
            <font>Font_Info</font>
            <textcolor>abFFFFFF</textcolor>
            <label>$LOCALIZE[563]:</label>
          </control>
          <control type="label">
            <posx>680</posx>
            <posy>107</posy>
            <height>13</height>
            <width>280</width>
            <font>Font_Info</font>
            <textcolor>white</textcolor>
            <label fallback="312577">$INFO[ListItem.Rating]</label>
          </control>
          <control type="label">
            <posx>680</posx>
            <posy>135</posy>
            <height>13</height>
            <width>280</width>
            <font>Font_Info</font>
            <textcolor>abFFFFFF</textcolor>
            <label>$LOCALIZE[13279]:</label>
          </control>
          <control type="label">
            <posx>680</posx>
            <posy>152</posy>
            <height>13</height>
            <width>280</width>
            <font>Font_Info</font>
            <textcolor>white</textcolor>
            <label fallback="312577">$INFO[ListItem.Studio]</label>
          </control>
          <control type="label">
            <posx>680</posx>
            <posy>180</posy>
            <height>13</height>
            <width>280</width>
            <font>Font_Info</font>
            <textcolor>abFFFFFF</textcolor>
            <label>$LOCALIZE[20074]:</label>
          </control>
          <control type="label">
            <posx>680</posx>
            <posy>197</posy>
            <height>13</height>
            <width>280</width>
            <font>Font_Info</font>
            <textcolor>white</textcolor>
            <label fallback="312577">$INFO[ListItem.Mpaa]</label>
          </control>
          <control type="label">
            <posx>680</posx>
            <posy>225</posy>
            <height>13</height>
            <width>280</width>
            <font>Font_Info</font>
            <textcolor>abFFFFFF</textcolor>
            <label>$LOCALIZE[20161] $LOCALIZE[20360]:</label>
          </control>
          <control type="label">
            <posx>680</posx>
            <posy>242</posy>
            <height>13</height>
            <width>280</width>
            <font>Font_Info</font>
            <textcolor>white</textcolor>
            <label fallback="312577">$INFO[ListItem.Property(TotalEpisodes)]</label>
          </control>
          <control type="label">
            <posx>680</posx>
            <posy>270</posy>
            <height>13</height>
            <width>280</width>
            <font>Font_Info</font>
            <textcolor>abFFFFFF</textcolor>
            <label>$LOCALIZE[16101] $LOCALIZE[20360]:</label>
          </control>
          <control type="label">
            <posx>680</posx>
            <posy>287</posy>
            <height>13</height>
            <width>280</width>
            <font>Font_Info</font>
            <textcolor>white</textcolor>
            <label fallback="312577">$INFO[ListItem.Property(UnWatchedEpisodes)]</label>
          </control>
        </control>
      </control>
      <control type="group">
        <animation effect="slide" time="700" start="-800,0" end="0,0" tween="cubic" easing="out">WindowOpen</animation>
        <animation effect="slide" time="700" start="0,0" end="-800,0" tween="cubic" easing="out">WindowClose</animation>
        <animation effect="slide" time="700" start="-800,0" end="0,0" tween="cubic" easing="out">Visible</animation>
        <animation effect="fade" time="200" start="100" end="0">Hidden</animation>
        <control type="image">
          <include>Animation_CommonFade</include>
          <posx>60</posx>
          <posy>112</posy>
          <width>553</width>
          <height>608</height>
          <texture>views/listpanel_black.png</texture>
        </control><control type="image">
          <include>Animation_CommonFade</include>
          <posx>60</posx>
          <posy>112</posy>
          <width>553</width>
          <height>608</height>
          <texture>views/listpanel_back.png</texture>
        </control>
    
        <control type="wraplist" id="508">
          <posx>60</posx>
          <posy>142</posy>
          <width>771</width>
          <height>500</height>
          <onleft>62</onleft>
          <onright>508</onright>
          <onup>508</onup>
          <ondown>508</ondown>
          <orientation>vertical</orientation>
          <viewtype label="Banners">BigWrap</viewtype>
          <pagecontrol>62</pagecontrol>
          <scrolltime>200</scrolltime>
          <focusposition>2</focusposition>
          <preloaditems>2</preloaditems>
          <visible>[Container.Content(TVShows) + !Skin.HasSetting(TVShowsUsePosters)]</visible>
          <itemlayout width="550" height="100">
            <control type="image">
              <posx>6</posx>
              <posy>0</posy>
              <width>540</width>
              <height>100</height>
              <aspectratio scalediffuse="false">scale</aspectratio>
              <texture background="true">DefaultVideo.png</texture>
              <animation effect="fade" start="70" end="70" time="0" condition="true">Conditional</animation>
              <info>ListItem.Thumb</info>
            </control>
            <control type="image">
              <posx>486</posx>
              <posy>0</posy>
              <width>60</width>
              <height>60</height>
              <texture>thumbs/OverlayWatched.png</texture>
              <visible>!IsEmpty(ListItem.Overlay)</visible>
              <visible>StringCompare(ListItem.Overlay,OverlayWatched.png)</visible>
            </control>
          </itemlayout>
          <focusedlayout width="550" height="100">
            <!--<control type="image">
              <posx>6</posx>
              <posy>0</posy>
              <width>540</width>
              <height>100</height>
              <aspectratio scalediffuse="false">scale</aspectratio>
              <texture background="true">DefaultVideo.png</texture>
              <info>ListItem.Thumb</info>
            </control>-->
            <control type="image">
              <posx>6</posx>
              <posy>-6</posy>
              <width>540</width>
              <height>115</height>
              <aspectratio scalediffuse="false">scale</aspectratio>
              <texture background="true">views/listpanel_selectbar.png</texture>
            </control>
            <control type="label">
              <posx>275</posx>
              <posy>0</posy>
              <width>525</width>
              <height>100</height>
              <align>center</align>
              <aligny>center</aligny>
              <include>listcolorfocus</include>
              <font>Font_OSDTitle2</font>
              <label>[UPPERCASE]$INFO[ListItem.Label][/UPPERCASE]</label>
            </control>
            <control type="image">
              <posx>486</posx>
              <posy>0</posy>
              <width>60</width>
              <height>60</height>
              <texture>thumbs/OverlayWatched.png</texture>
            <visible>!IsEmpty(ListItem.Overlay)</visible>
            <visible>StringCompare(ListItem.Overlay,OverlayWatched.png)</visible>
            </control>
          </focusedlayout>
        </control>
        <control type="label" id="161">
          <posx>105</posx>
          <posy>640</posy>
          <width>180</width>
          <height>41</height>
          <font>Font_Reg15</font>
          <align>left</align>
          <aligny>center</aligny>
          <textcolor>ff969696</textcolor>
          <label>$INFO[Container(508).NumItems] $LOCALIZE[31025]</label>
        </control>
        <control type="label" id="161">
          <posx>485</posx>
          <posy>640</posy>
          <width>85</width>
          <height>41</height>
          <font>Font_Reg15</font>
          <align>center</align>
          <aligny>center</aligny>
          <textcolor>ff969696</textcolor>
          <label>$LOCALIZE[31024] $INFO[Container(508).CurrentPage]/$INFO[Container(508).NumPages]</label>
        </control>
      </control>

      <control type="scrollbar" id="62">
        <posx>35</posx>
        <posy>143</posy>
        <width>25</width>
        <height>500</height>
        <texturesliderbackground border="0,14,0,14">views/ScrollBarV.png</texturesliderbackground>
        <texturesliderbar border="2,16,2,16">views/ScrollBarV_bar.png</texturesliderbar>
        <texturesliderbarfocus border="2,16,2,16">views/ScrollBarV_bar_focus.png</texturesliderbarfocus>
        <textureslidernib>-</textureslidernib>
        <textureslidernibfocus>-</textureslidernibfocus>
        <pulseonselect/>
        <orientation>vertical</orientation>
        <showonepage>false</showonepage>
        <onup>62</onup>
        <ondown>62</ondown>
        <onleft>SetFocus(7000)</onleft>
        <onright>50</onright>
        <include>Animation_CommonFade</include>
        <visible>Control.IsVisible(508)</visible>
      </control>
     
    </control>
  </include>
  <include name="MediaListView3">
    <control type="group">
      <visible>Control.IsVisible(503)</visible>
      <include>Furniture_Showcase</include>
      <control type="group">
        <animation effect="slide" end="0,30"  time="400" easing="inout" tween="cubic" condition="true">Conditional</animation>
        <include>ShowcaseInfoPaneMovies</include>
      </control>

      <control type="wraplist" id="503">
        <posx>-210</posx>
        <posy>405</posy>
        <width>1700</width>
        <height>300</height>
        <onleft>503</onleft>
        <onright>503</onright>
        <onup>SetFocus(7000)</onup>
        <ondown>63</ondown>
        <orientation>horizontal</orientation>
        <viewtype label="$LOCALIZE[544] 2">BigWrap</viewtype>
        <pagecontrol>63</pagecontrol>
        <scrolltime>200</scrolltime>
        <focusposition>2</focusposition>
        <preloaditems>2</preloaditems>
        <visible>[Container.Content(TVShows) | Container.Content(Seasons) | Container.Content(Episodes) | Container.Content(Movies)]</visible>
        <itemlayout width="340" height="300">
          <control type="group">
            <visible>Container.Content(episodes)+!Control.HasFocus(109)</visible>
            <control type="image">
              <posx>4</posx>
              <posy>50</posy>
              <width>322</width>
              <height>180</height>
              <bordertexture border="-48">thumbs/multiplex_tvborder.png</bordertexture>
              <aspectratio scalediffuse="false">scale</aspectratio>
              <texture background="true" diffuse="thumbs/multiplex_tvmask.png">DefaultVideo.png</texture>
              <info>ListItem.Thumb</info>
            </control>
            <control type="image">
              <posx>4</posx>
              <posy>230</posy>
              <width>322</width>
              <height>180</height>
              <aspectratio scalediffuse="false">scale</aspectratio>
              <texture flipy="true" background="true" diffuse="thumbs/multiplex_tvmaskreflect.png">DefaultVideo.png</texture>
              <colordiffuse>aaFFFFFF</colordiffuse>
              <info>ListItem.Thumb</info>
            </control>
          </control>
          <control type="group">
          <visible>Container.Content(tvshows)+!Control.HasFocus(109)</visible>
          <control type="image">
            <posx>4</posx>
            <posy>50</posy>
            <width>322</width>
            <height>180</height>
            <bordertexture border="-48">thumbs/multiplex_tvborder.png</bordertexture>
            <aspectratio scalediffuse="false">scale</aspectratio>
            <texture fallback="DefaultVideo.png" background="true" diffuse="thumbs/multiplex_tvmask.png">$INFO[ListItem.Path]/folder.jpg</texture>
          </control>
          <control type="image">
            <posx>4</posx>
            <posy>230</posy>
            <width>322</width>
            <height>180</height>
            <aspectratio scalediffuse="false">scale</aspectratio>
            <texture fallback="DefaultVideo.png" flipy="true" background="true" diffuse="thumbs/multiplex_tvmaskreflect.png">$INFO[ListItem.Path]/folder.jpg</texture>
            <colordiffuse>aaFFFFFF</colordiffuse>
          </control>
        </control>
          <control type="group">
            <visible>Container.Content(movies)+!Control.HasFocus(109)</visible>
            <control type="image">
              <posx>4</posx>
              <posy>50</posy>
              <width>322</width>
              <height>180</height>
              <bordertexture border="-48">thumbs/multiplex_tvborder.png</bordertexture>
              <aspectratio scalediffuse="false">scale</aspectratio>
              <texture background="true" diffuse="thumbs/multiplex_tvmask.png">DefaultVideo.png</texture>
              <info>ListItem.property(fanart_image)</info>
            </control>
            <control type="image">
              <posx>4</posx>
              <posy>230</posy>
              <width>322</width>
              <height>180</height>
              <aspectratio scalediffuse="false">scale</aspectratio>
              <texture flipy="true" background="true" diffuse="thumbs/multiplex_tvmaskreflect.png">DefaultVideo.png</texture>
              <colordiffuse>aaFFFFFF</colordiffuse>
              <info>ListItem.property(fanart_image)</info>
            </control>
          </control>
          <control type="image">
            <posx>266</posx>
            <posy>50</posy>
            <width>60</width>
            <height>60</height>
            <texture>thumbs/OverlayWatched.png</texture>
            <visible>StringCompare(ListItem.Overlay,OverlayWatched.png)+!Control.HasFocus(109)</visible>
          </control>
        </itemlayout>
        <focusedlayout width="340" height="300">
          <control type="group">
            <visible>Container.Content(episodes)+!Control.HasFocus(109)</visible>
            <control type="image">
              <posx>4</posx>
              <posy>50</posy>
              <width>322</width>
              <height>180</height>
              <aspectratio scalediffuse="false">scale</aspectratio>
              <bordertexture border="-48">thumbs/multiplex_tvborder.png</bordertexture>
              <texture background="true" diffuse="thumbs/multiplex_tvmask.png">DefaultVideo.png</texture>
              <info>ListItem.Thumb</info>
              <animation effect="zoom" center="140,140" start="100" end="120" time="200" tween="cubic" easing="inout">Focus</animation>
            </control>
            <control type="image">
              <posx>4</posx>
              <posy>230</posy>
              <width>322</width>
              <height>180</height>
              <aspectratio scalediffuse="false">scale</aspectratio>
              <texture flipy="true" background="true" diffuse="thumbs/multiplex_tvmaskreflect.png">DefaultVideo.png</texture>
              <info>ListItem.Thumb</info>
              <colordiffuse>aaFFFFFF</colordiffuse>
              <animation effect="zoom" center="140,140" start="100" end="120" time="200" tween="cubic" easing="inout">Focus</animation>
            </control>
          </control>
          <control type="group">
            <visible>Container.Content(tvshows)+!Control.HasFocus(109)</visible>
            <control type="image">
              <posx>4</posx>
              <posy>50</posy>
              <width>322</width>
              <height>180</height>
              <aspectratio scalediffuse="false">scale</aspectratio>
              <bordertexture border="-48">thumbs/multiplex_tvborder.png</bordertexture>
              <texture fallback="DefaultVideo.png" background="true" diffuse="thumbs/multiplex_tvmask.png">$INFO[ListItem.Path]/folder.jpg</texture>
              <animation effect="zoom" center="140,140" start="100" end="120" time="200" tween="cubic" easing="inout">Focus</animation>
            </control>
            <control type="image">
              <posx>4</posx>
              <posy>230</posy>
              <width>322</width>
              <height>180</height>
              <aspectratio scalediffuse="false">scale</aspectratio>
              <texture fallback="DefaultVideo.png" flipy="true" background="true" diffuse="thumbs/multiplex_tvmaskreflect.png">$INFO[ListItem.Path]/folder.jpg</texture>
              <colordiffuse>aaFFFFFF</colordiffuse>
              <animation effect="zoom" center="140,140" start="100" end="120" time="200" tween="cubic" easing="inout">Focus</animation>
            </control>
          </control>
          <control type="group">
            <visible>Container.Content(movies)+!Control.HasFocus(109)</visible>
            <control type="image">
              <posx>4</posx>
              <posy>50</posy>
              <width>322</width>
              <height>180</height>
              <bordertexture border="-48">thumbs/multiplex_tvborder.png</bordertexture>
              <aspectratio scalediffuse="false">scale</aspectratio>
              <texture background="true" diffuse="thumbs/multiplex_tvmask.png">DefaultVideo.png</texture>
              <info>ListItem.property(fanart_image)</info>
              <animation effect="zoom" center="140,140" start="100" end="120" time="200" tween="cubic" easing="inout">Focus</animation>
              <animation effect="zoom" center="140,140" start="100" end="120" time="200" tween="cubic" easing="inout" condition="Control.HasFocus(7001)">Conditional</animation>
            </control>
            <control type="image">
              <posx>4</posx>
              <posy>230</posy>
              <width>322</width>
              <height>180</height>
              <aspectratio scalediffuse="false">scale</aspectratio>
              <texture flipy="true" background="true" diffuse="thumbs/multiplex_tvmaskreflect.png">DefaultVideo.png</texture>
              <info>ListItem.property(fanart_image)</info>
              <animation effect="zoom" center="140,140" start="100" end="120" time="200" tween="cubic" easing="inout">Focus</animation>
              <colordiffuse>aaFFFFFF</colordiffuse>
              <animation effect="zoom" center="140,140" start="100" end="120" time="200" tween="cubic" easing="inout" condition="Control.HasFocus(7001)">Conditional</animation>
            </control>
          </control>
          <control type="image">
            <posx>266</posx>
            <posy>50</posy>
            <width>60</width>
            <height>60</height>
            <texture>thumbs/OverlayWatched.png</texture>
            <visible>StringCompare(ListItem.Overlay,OverlayWatched.png)+!Control.HasFocus(109)</visible>
            <animation effect="zoom" center="140,140" start="100" end="120" time="200" tween="cubic" easing="inout">Focus</animation>
            <animation effect="zoom" center="140,140" start="100" end="120" time="200" tween="cubic" easing="inout" condition="Control.HasFocus(7001)">Conditional</animation>
          </control>
        </focusedlayout>
      </control>
      <control type="scrollbar" id="63">
        <posx>305</posx>
        <posy>670</posy>
        <width>670</width>
        <height>41</height>
        <visible allowhiddenfocus="true">Control.HasFocus(63)</visible>
        <texturesliderbackground border="14,0,14,0">views/scrollBarH.png</texturesliderbackground>
        <texturesliderbar border="14,0,14,0">views/scrollBarH_bar.png</texturesliderbar>
        <texturesliderbarfocus border="14,0,14,0">views/scrollBarH_bar_focus.png</texturesliderbarfocus>
        <textureslidernib>views/scrollBarNib.png</textureslidernib>
        <textureslidernibfocus>views/scrollBarNib.png</textureslidernibfocus>
        <pulseonselect>yes</pulseonselect>
        <onup>503</onup>
        <ondown>SetFocus(109)</ondown>
        <ondown>9000</ondown>
        <showonepage>false</showonepage>
        <orientation>horizontal</orientation>
      </control>
      <control type="group">
        <visible>!Control.HasFocus(109)</visible>
      <control type="label">
        <posx>340</posx>
        <posy>693</posy>
        <width>600</width>
        <align>center</align>
        <aligny>center</aligny>
        <include>Animation_CommonFade</include>
        <font>Font_ShowcaseMainLabel2</font>
        <textcolor>FFe1e1e1</textcolor>
        <shadowcolor>black</shadowcolor>
        <label>[UPPERCASE]$INFO[ListItem.Label][/UPPERCASE]</label>
        <visible>!Control.HasFocus(63)+!ControlGroup(9000).HasFocus</visible>
      </control>
      <control type="label">
        <posx>340</posx>
        <posy>693</posy>
        <width>600</width>
        <align>center</align>
        <aligny>center</aligny>
        <include>Animation_CommonFade</include>
        <font>Font_ShowcaseMainLabel2</font>
        <textcolor>FFe1e1e1</textcolor>
        <shadowcolor>black</shadowcolor>
        <label>[UPPERCASE]$INFO[Container.NumItems] $LOCALIZE[31025] | $LOCALIZE[31024] $INFO[Container.CurrentPage]/$INFO[Container.NumPages][/UPPERCASE]</label>
        <visible>ControlGroup(9000).HasFocus</visible>
      </control>
      </control>

      <include>FloorFlags</include>
      <include>Furniture_DarkGradient</include>
     </control>
  </include>
  <include name="MediaListView2">
    <control type="group">
      <visible>Control.IsVisible(504)</visible>
      <posx>0</posx>
      <posy>0</posy>
      <include>Furniture_Showcase</include>
      <control type="group">
        <!--<animation effect="slide" end="0,30"  time="400" easing="inout" tween="cubic" condition="Skin.HasSetting(showcaseinfoon)+Container.Content(movies)|Skin.HasSetting(showcaseinfoontv)+Container.Content(tvshows)|!Skin.HasSetting(showcaseextrainfo)">Conditional</animation>-->
        <include>ShowcaseInfoPaneMovies</include>
      </control>
      <control type="group">
        <!--<animation effect="slide" end="0,30"  time="400" easing="inout" tween="cubic" condition="Skin.HasSetting(showcaseinfoon)+Container.Content(movies)|Skin.HasSetting(showcaseinfoontv)+Container.Content(tvshows)|!Skin.HasSetting(showcaseextrainfo)">Conditional</animation>-->
        <include>ShowcaseMoviesDVD</include>
      </control>
      <control type="wraplist" id="504">
        <visible>Container.Content(Movies) | Container.Content(Seasons) | [Container.Content(TVShows) + Skin.HasSetting(TVShowsUsePosters)] | Window.IsVisible(VideoFiles)| Window.IsActive(1)</visible>
        <visible>!Container.Content(LiveTV)</visible>
        <include condition="Window.IsActive(28) | Window.IsActive(24) | [Window.IsActive(25) + !Container.Content(episodes)] | Window.IsActive(1)">MovieShowcaseGroupVars</include>
        <onleft>504</onleft>
        <onright>504</onright>
        <onup>SetFocus(7000)</onup>
        <ondown>64</ondown>
        <viewtype label="Showcase DVD">bigwrap</viewtype>
        <pagecontrol>64</pagecontrol>
        <scrolltime>200</scrolltime>
        <focusposition>3</focusposition>
        <orientation>horizontal</orientation>
        <preloaditems>4</preloaditems>
        <itemlayout height="350" width="196" condition="Window.IsActive(28) | Window.IsActive(24) | [Window.IsActive(25) + !Container.Content(episodes)] | Window.IsActive(1)">
          <control type="group">
            <visible>Skin.HasSetting(noflowdvd)</visible>
            <control type="image">
              <include>MovieShowcaseThumbDVD</include>
              <info>ListItem.Thumb</info>
            </control>
            <control type="image">
              <description>Glass overlay</description>
              <include>MovieShowcaseGlassOverlayAngledDVD</include>
            </control>
            <control type="image">
              <include>MovieShowcaseThumbReflectionDVDCover</include>
              <info>ListItem.Thumb</info>
            </control>
            <control type="image">
              <description>Glass overlay reflection</description>
              <include>MovieShowcaseThumbReflectionDVD</include>
            </control>
            <control type="image">
              <include>WatchedOverlayShowCaseDVD</include>
              <visible>!IsEmpty(ListItem.Overlay)</visible>
              <visible>StringCompare(ListItem.Overlay,OverlayWatched.png)</visible>
            </control>
          </control>
        </itemlayout>
        <focusedlayout height="350" width="196" condition="Window.IsActive(28) | Window.IsActive(24) | [Window.IsActive(25) + !Container.Content(episodes)] | Window.IsActive(1)">
          <control type="group">
            <visible>Skin.HasSetting(noflowdvd)</visible>
            <animation effect="zoom" start="100" end="120" center="135,205" time="400" easing="out" reversible="false" tween="cubic">Focus</animation>
            <animation effect="zoom" start="120" end="100" center="135,205" time="400" easing="out" reversible="false" tween="cubic">Unfocus</animation>
            <control type="image">
              <include>MovieShowcaseThumbDVD</include>
              <info>ListItem.Thumb</info>
            </control>
            <control type="image">
              <description>Glass overlay</description>
              <include>MovieShowcaseGlassOverlayAngledDVD</include>
            </control>
            <control type="image">
              <include>MovieShowcaseThumbReflectionDVDCover</include>
              <info>ListItem.Thumb</info>
            </control>
            <control type="image">
              <description>Glass overlay reflection</description>
              <include>MovieShowcaseThumbReflectionDVD</include>
            </control>
            <control type="image">
              <include>WatchedOverlayShowCaseDVD</include>
              <visible>!IsEmpty(ListItem.Overlay)</visible>
              <visible>StringCompare(ListItem.Overlay,OverlayWatched.png)</visible>
            </control>
          </control>
        </focusedlayout>
      </control>
      <control type="scrollbar" id="64">
        <posx>305</posx>
        <posy>670</posy>
        <width>670</width>
        <height>41</height>
        <visible allowhiddenfocus="true">Control.HasFocus(64)+Control.IsVisible(504)</visible>
        <texturesliderbackground border="14,0,14,0">views/scrollBarH.png</texturesliderbackground>
        <texturesliderbar border="14,0,14,0">views/scrollBarH_bar.png</texturesliderbar>
        <texturesliderbarfocus border="14,0,14,0">views/scrollBarH_bar_focus.png</texturesliderbarfocus>
        <textureslidernib>views/scrollBarNib.png</textureslidernib>
        <textureslidernibfocus>views/scrollBarNib.png</textureslidernibfocus>
        <pulseonselect>yes</pulseonselect>
        <onup>504</onup>
        <ondown>SetFocus(109)</ondown>
        <ondown>9000</ondown>
        <showonepage>false</showonepage>
        <orientation>horizontal</orientation>
      </control>
      <control type="group">
        <visible>!Control.HasFocus(109)</visible>

        <control type="label">
          <posx>340</posx>
          <posy>670</posy>
          <width>600</width>
          <align>center</align>
          <aligny>center</aligny>
          <include>Animation_CommonFade</include>
          <font>Font_Info</font>
          <textcolor>FFe1e1e1</textcolor>
          <shadowcolor>black</shadowcolor>
          <label>[UPPERCASE]$INFO[ListItem.Year] • $INFO[ListItem.Duration] $LOCALIZE[12391] • $INFO[ListItem.RatingAndVotes][/UPPERCASE]</label>
          <visible>!Control.HasFocus(64)+!ControlGroup(9000).HasFocus+!SubString(ListItem.Label,..)+Container.Content(movies)+!Skin.HasSetting(wallgenre)</visible>
        </control>

      <control type="label">
        <posx>340</posx>
        <posy>670</posy>
        <width>600</width>
        <align>center</align>
        <aligny>center</aligny>
        <include>Animation_CommonFade</include>
        <font>Font_Info</font>
        <textcolor>FFe1e1e1</textcolor>
        <shadowcolor>black</shadowcolor>
        <label>[UPPERCASE]$INFO[ListItem.Genre][/UPPERCASE]</label>
        <visible>!Control.HasFocus(64)+!ControlGroup(9000).HasFocus+!SubString(ListItem.Label,..)+Skin.HasSetting(wallgenre)</visible>
      </control>
      <control type="label">
        <posx>340</posx>
        <posy>693</posy>
        <width>600</width>
        <align>center</align>
        <aligny>center</aligny>
        <include>Animation_CommonFade</include>
        <font>Font_ShowcaseMainLabel2</font>
        <textcolor>FFe1e1e1</textcolor>
        <shadowcolor>black</shadowcolor>
        <label>[UPPERCASE]$INFO[ListItem.Label][/UPPERCASE]</label>
        <visible>!Control.HasFocus(64)+!ControlGroup(9000).HasFocus</visible>
      </control>
      <control type="label">
        <posx>340</posx>
        <posy>693</posy>
        <width>600</width>
        <align>center</align>
        <aligny>center</aligny>
        <include>Animation_CommonFade</include>
        <font>Font_ShowcaseMainLabel2</font>
        <textcolor>FFe1e1e1</textcolor>
        <shadowcolor>black</shadowcolor>
        <label>[UPPERCASE]$INFO[Container.NumItems] $LOCALIZE[31025] | $LOCALIZE[31024] $INFO[Container.CurrentPage]/$INFO[Container.NumPages][/UPPERCASE]</label>
        <visible>ControlGroup(9000).HasFocus</visible>
      </control>
      </control>
      <include>FloorFlags</include>
      <include>Furniture_DarkGradient</include>
    </control>
  </include>
</includes>
