﻿<?xml version="1.0" encoding="UTF-8"?>
<addon
  id="skin.aeon.nox"
  version="0.9.8.1"
  name="Aeon Nox"
  provider-name="Big_Noid">
  <requires>
    <import addon="xbmc.gui" version="2.11"/>
    <import addon="script.recentlyadded" version="1.0.4"/>
    <import addon="script.favourites" version="1.0.3"/>
    <import addon="script.logo-downloader" version="2.1.3"/>
    <import addon="script.randomitems" version="1.0.2"/>
    <import addon="script.tv.show.next.aired" version="2.1.2"/>
  </requires>
  <extension
    point="xbmc.gui.skin"
    defaultresolution="720p"
    defaultresolutionwide="720p"
    defaultthemename="textures.xbt"
    effectslowdown="0.75"
    debugging="false"/>
  <extension point="xbmc.addon.metadata">
    <summary lang="en">Aeon Nox by Big_Noid</summary>
    <summary lang="nl">Aeon Nox door Big_Noid</summary>
    <description lang="en">Aeon Nox uses almost all views from the original Aeon skin and it's mods and textures from the theme Black. The Confluence skin by Jezz_X was the base for this skin. All credit to the makers of these skins and mods</description>
    <platform>all</platform>
  </extension>
</addon>
