<window id="20">
	<defaultcontrol>50</defaultcontrol>
	<allowoverlay>no</allowoverlay>
  <views>50,500,509</views>
  <controls>
		<include>CommonAddonsBackground</include>
		<control type="image">
			<posx>0</posx>
			<posy>0</posy>
			<width>1280</width>
			<height>720</height>
			<texture background="true">$INFO[ListItem.Property(Fanart_Image)]</texture>
			<include>backgroundfade</include>
			<fadetime>FanartCrossfadeTime</fadetime>
			<include>Animation_OpenCloseZoom</include>		
		</control>
		<control type="group">
      <include>Animation_OpenCloseZoom</include>
      <include>CommonRootView</include>
      <include>Viewtype_Wall</include>
      <include>AlbumWrapView2_Fanart</include>
    </control>
		<include>BehindDialogFadeOut</include>
		<include>ScrollOffsetLabel</include>
    <include>Media_Menu</include>
	</controls>
</window>
