<window type="buttonMenu" id="111">
	<defaultcontrol always="true">13</defaultcontrol>
	<include>dialogeffect</include>
	<coordinates>
		<system>1</system>
		<posx>0</posx>
		<posy>0</posy>
	</coordinates>
  <include>Animation_DialogZoom</include>
	<controls>
    <control type="image">
      <posx>0</posx>
      <posy>0</posy>
      <width>1280</width>
      <height>720</height>
      <colordiffuse>AAFFFFFF</colordiffuse>
      <texture>common/black.png</texture>
      <animation effect="fade" start="0" end="100" time="3000">WindowOpen</animation>
      <animation effect="fade" start="100" end="0" time="300">WindowClose</animation>
    </control>
    <control type="group">
      <posx>486</posx>
      <posy>184</posy>
      <width>308</width>
      <include condition="![System.HasLoginScreen | System.HasMediaDVD]">Objects_ButtonMenu09Group</include>
      <include condition="[System.HasLoginScreen + !System.HasMediaDVD] | [!System.HasLoginScreen + System.HasMediaDVD]">Objects_ButtonMenu10Group</include>
      <include condition="System.HasLoginScreen + System.HasMediaDVD">Objects_ButtonMenu11Group</include>
      <control type="image">
        <description>Background Top Image</description>
        <posx>0</posx>
        <posy>-26</posy>
        <width>308</width>
        <height>26</height>
        <texture>dialogs/context_top.png</texture>
      </control>
      <control type="image">
        <description>Background image</description>
        <posx>0</posx>
        <posy>0</posy>
        <width>308</width>
        <include condition="![System.HasLoginScreen | System.HasMediaDVD]">Objects_ButtonMenu09Group</include>
        <include condition="[System.HasLoginScreen + !System.HasMediaDVD] | [!System.HasLoginScreen + System.HasMediaDVD]">Objects_ButtonMenu10Group</include>
        <include condition="System.HasLoginScreen + System.HasMediaDVD">Objects_ButtonMenu11Group</include>
        <texture>dialogs/context_middle.png</texture>
      </control>
      <control type="image">
        <description>Background Bottom Image</description>
        <posx>0</posx>
        <posy>466</posy>
        <width>308</width>
        <height>27</height>
        <animation effect="slide" start="0,-0" end="0,-78" time="0" condition="![System.HasLoginScreen | System.HasMediaDVD]">Conditional</animation>
        <animation effect="slide" start="0,-0" end="0,-38" time="0" condition="[System.HasLoginScreen + !System.HasMediaDVD] | [!System.HasLoginScreen + System.HasMediaDVD]">Conditional</animation>
        <texture>dialogs/context_bottom.png</texture>
      </control>
   
    <control type="grouplist" id="13">
      <posx>0</posx>
      <posy>0</posy>
      <width>308</width>
      <include condition="![System.HasLoginScreen | System.HasMediaDVD]">Objects_ButtonMenu09Group</include>
      <include condition="[System.HasLoginScreen + !System.HasMediaDVD] | [!System.HasLoginScreen + System.HasMediaDVD]">Objects_ButtonMenu10Group</include>
      <include condition="System.HasLoginScreen + System.HasMediaDVD">Objects_ButtonMenu11Group</include>
      <itemgap>0</itemgap>
      <orientation>vertical</orientation>
      <onup>13</onup>
      <ondown>13</ondown>
      <control type="button" id="801">
        <description>Settings</description>
        <label>312578</label>
        <include>Objects_ContextMenuButton</include>
        <onclick>ActivateWindow(Settings)</onclick>
      </control>
      <control type="togglebutton" id="802">
        <description>Home Visualiser (Video)</description>
        <label>312580</label>
        <altlabel>312579</altlabel>
        <include>Objects_ContextMenuButton</include>
        <onclick>Skin.Togglesetting(ShowBackgroundVideo)</onclick>
        <usealttexture>Skin.HasSetting(ShowBackgroundVideo)</usealttexture>
      </control>
      <control type="togglebutton" id="803">
        <description>Home Visualiser (Audio)</description>
        <label>312040</label>
        <altlabel>312030</altlabel>
        <include>Objects_ContextMenuButton</include>
        <onclick>Skin.Togglesetting(ShowBackgroundVis)</onclick>
        <usealttexture>Skin.HasSetting(ShowBackgroundVis)</usealttexture>
      </control>
      <control type="button" id="804">
        <description>Now Playing</description>
        <label>[UPPERCASE]$LOCALIZE[31040][/UPPERCASE]</label>
        <include>Objects_ContextMenuButton</include>
        <onclick>ActivateWindow(musicplaylist)</onclick>
      </control>
      <control type="button" id="805">
        <description>Exit Timer</description>
        <label>31206</label>
        <include>Objects_ContextMenuButton</include>
        <onclick>AlarmClock(,XBMC.Quit(),)</onclick>
      </control>
      <control type="button" id="806">
        <description>Log Out</description>
        <label>31209</label>
        <include>Objects_ContextMenuButton</include>
        <onclick>System.LogOff</onclick>
        <visible>System.HasLoginScreen</visible>
      </control>
      <control type="button" id="807">
        <description>Exit XBMC</description>
        <label fallback="EXIT XBMC">41003</label>
        <include>Objects_ContextMenuButton</include>
        <onclick>XBMC.Quit()</onclick>
      </control>
      <control type="button" id="808">
        <description>Eject Tray</description>
        <label>[UPPERCASE]$LOCALIZE[31210][/UPPERCASE]</label>
        <include>Objects_ContextMenuButton</include>
        <onclick>EjectTray()</onclick>
        <visible>System.HasMediaDVD</visible>
      </control>
      <control type="button" id="809">
        <description>File Manager</description>
        <label>[UPPERCASE]$LOCALIZE[10003][/UPPERCASE]</label>
        <include>Objects_ContextMenuButton</include>
        <onclick>ActivateWindow(FileManager)</onclick>
      </control>
      <control type="button" id="810">
        <description>Add-ons</description>
        <label>[UPPERCASE]$LOCALIZE[24001][/UPPERCASE]</label>
        <include>Objects_ContextMenuButton</include>
        <onclick>ActivateWindow(AddonBrowser)</onclick>
      </control>
      <control type="button" id="811">
        <description>Favourites</description>
        <label>[UPPERCASE]$LOCALIZE[1036][/UPPERCASE]</label>
        <include>Objects_ContextMenuButton</include>
        <onclick>ActivateWindow(Favourites)</onclick>
      </control>
      <control type="button" id="812">
        <description>Favourites</description>
        <label>[UPPERCASE]$LOCALIZE[13005][/UPPERCASE]</label>
        <include>Objects_ContextMenuButton</include>
        <onclick>XBMC.ShutDown</onclick>
      </control>
    </control>
    </control>
  
	</controls>
</window>
