<window id="6">
	<defaultcontrol always="true">50</defaultcontrol>
	<allowoverlay>no</allowoverlay>
	<views>50,500,501,504,511,509</views>
	<controls>
		<include>CommonVideoBackground</include>
		<control type="image">
			<posx>0</posx>
			<posy>0</posy>
			<width>1280</width>
			<height>720</height>
			<texture background="true">$INFO[ListItem.Property(Fanart_Image)]</texture>
			<include>backgroundfade</include>
			<fadetime>FanartCrossfadeTime</fadetime>
			<visible>!Skin.HasSetting(VideoFilesFanart) | Control.IsVisible(508)</visible>
			<include>Animation_OpenCloseZoom</include>		
		</control>
	
		<control type="group">
			<include>Animation_OpenCloseZoom</include>		
			<include>CommonRootView</include> <!-- view id = 50 -->
			<!--<include>FullWidthList</include> --><!-- view id = 51 -->
			<include>PosterWrapView</include> --><!-- view id = 501 Showcase -->
      <include>MediaListView2</include><!-- view id = 504 Showcase DVD-->
      <include>LowList</include><!-- view id = 511 low List-->
      <include>Viewtype_Wall</include> --><!-- view id = 500 -->
      <include condition="stringcompare(Container.FolderPath,addons://sources/video/)">AlbumWrapView2_Fanart"</include>

      <!--
			<include>PosterWrapView2_Fanart</include> --><!-- view id = 508 --><!--
			<include>WideIconView</include> --><!-- view id = 505 --><!--
			<include>AddonInfoListView1</include> --><!-- view id = 550 --><!--
			<include>LiveTVView1</include> --><!-- view id = 560 -->
		</control>
    <control type="button" id="7000">
      <texturefocus>-</texturefocus>
      <texturenofocus>-</texturenofocus>
      <onfocus>SetFocus(9000)</onfocus>
    </control>
		<include>ScrollOffsetLabel</include>
    <include>Media_Menu</include>
    <include>Furniture_NowPlayingWidget</include>
    <include condition="Skin.HasSetting(globaltime)">Furniture_Clock</include>
  </controls>
</window>