<includes>
	<include name="CommonRootView">
		<control type="group">
			<visible>Control.IsVisible(50)</visible>
      <control type="image">
        <posx>0</posx>
        <posy>335</posy>
        <width>1280</width>
        <height>405</height>
        <texture>views/showcase_floor.png</texture>
        <include>Animation_CommonFade</include>
      </control>
      <control type="image" id="232">
        <animation effect="slide" time="1000" start="800,0" end="0,0" tween="cubic" easing="out">Visible</animation>
        <width>587</width>
        <height>137</height>
        <posx>693</posx>
        <posy>603</posy>
        <texture>views/list_spot.png</texture>
      </control>
      <control type="image">
        <width>1280</width>
        <height>603</height>
        <texture>common/black.png</texture>
        <colordiffuse>aaffffff</colordiffuse>
        <visible>Skin.HasSetting(darklist)</visible>
      </control>
      <control type="group">
        <animation effect="slide" time="700" start="-800,0" end="0,0" tween="cubic" easing="out">WindowOpen</animation>
        <animation effect="slide" time="700" start="0,0" end="-800,0" tween="cubic" easing="out">WindowClose</animation>
        <animation effect="slide" time="700" start="-800,0" end="0,0" tween="cubic" easing="out">Visible</animation>
        <animation effect="fade" time="200" start="100" end="0">Hidden</animation>
        <control type="image">
          <include>Animation_CommonFade</include>
          <posx>60</posx>
          <posy>73</posy>
          <width>759</width>
          <height>647</height>
          <texture background="true">views/listpanel_black.png</texture>
          <visible>!Skin.HasSetting(listpanelthin)</visible>
        </control>
        <control type="image">
          <include>Animation_CommonFade</include>
          <posx>60</posx>
          <posy>73</posy>
          <width>759</width>
          <height>647</height>
          <texture>views/listpanel_back.png</texture>
        </control>
        <control type="image">
          <posx>96</posx>
          <posy>82</posy>
          <width>53</width>
          <height>579</height>
          <texture>views/listpanel_detailwide.png</texture>
          <visible>Window.IsActive(musicplaylist) | Window.IsActive(musicfiles) | [Window.IsActive(musiclibrary)+!Container.Content(albums)+!Skin.HasSetting(slimlist)] | [Window.IsActive(videolibrary)+!Container.Content(movies)+!Skin.HasSetting(slimlist)]</visible>
        </control>
        <control type="image">
          <posx>669</posx>
          <posy>82</posy>
          <width>97</width>
          <height>567</height>
          <texture>views/listpanel_detailwide.png</texture>
          <visible>Control.IsVisible(50) + [[[Window.IsActive(pictures) | Window.IsActive(videofiles) | Window.IsActive(programs) | Window.IsActive(scripts)  | [Window.IsActive(videolibrary) + !Skin.HasSetting(videotv)]] ] | [[Window.IsActive(videolibrary) + Skin.HasSetting(videotv)] + !Skin.HasSetting(slimlist)] | [Window.IsActive(musicplaylist) | Window.IsActive(musicfiles) | Container.Content(albums) | Container.Content(songs)]]</visible>
        </control>
        <control type="list" id="50">
          <posx>60</posx>
          <posy>105</posy>
          <width>771</width>
          <height>520</height>
          <onleft>60</onleft>
          <onright>SetFocus(9000)</onright>
          <onup>50</onup>
          <ondown>50</ondown>
          <viewtype label="535">list</viewtype>
          <pagecontrol>60</pagecontrol>
          <scrolltime>200</scrolltime>
          <itemlayout height="65" condition="!Skin.HasSetting(slimlist)">
            <control type="image">
              <posx>12</posx>
              <posy>64</posy>
              <height>1</height>
              <width>739</width>
              <texture background="true">views/listpanel_line.png</texture>
            </control>
            <control type="group">
              <visible>[!Container.Content(albums)+!Container.Content(songs)+!Container.Content(movies)+!Container.Content(episodes)+!Window.IsActive(videofiles)+!Window.IsActive(pictures)]|Window.IsActive(videofiles)</visible>
            <control type="label">
              <posx>105</posx>
              <posy>12</posy>
              <width>480</width>
              <height>41</height>
              <font>Font_Reg22</font>
              <aligny>center</aligny>
              <include>listcolornofocus</include>
              <info>ListItem.Label</info>
            </control>
            <control type="label">
              <posx>656</posx>
              <posy>12</posy>
              <width>125</width>
              <height>41</height>
              <font>Font_Reg15</font>
              <align>center</align>
              <aligny>center</aligny>
              <include>listcolornofocus</include>
              <label>$INFO[ListItem.Label2]</label>
            </control>
            </control>
            <control type="group">
              <visible>Container.Content(songs)|Container.Content(albums)</visible>
              <control type="label">
                <posx>105</posx>
                <posy>23</posy>
                <width>480</width>
                <height>41</height>
                <font>Font_Reg22</font>
                <aligny>center</aligny>
                <include>listcolornofocus</include>
                <info>ListItem.label</info>
                <visible>[IsEmpty(ListItem.Title)+Container.Content(songs)]|[IsEmpty(ListItem.Album) + Container.Content(albums)]</visible>
              </control>
              <control type="label">
                <posx>62</posx>
                <posy>0</posy>
                <width>45</width>
                <height>61</height>
                <font>Font_OSDTitle2</font>
                <align>center</align>
                <aligny>center</aligny>
                <include>listcolornofocus</include>
                <label>$INFO[ListItem.TrackNumber]</label>
                <visible>Container.Content(songs)</visible>
              </control>
              <control type="label">
                <posx>105</posx>
                <posy>1</posy>
                <width>480</width>
                <height>41</height>
                <font>Font_Reg22</font>
                <aligny>center</aligny>
                <include>listcolornofocus</include>
                <info>ListItem.Title</info>
                <visible>Container.Content(songs)</visible>
              </control>
              <control type="label">
                <posx>105</posx>
                <posy>1</posy>
                <width>480</width>
                <height>41</height>
                <font>Font_Reg22</font>
                <aligny>center</aligny>
                <include>listcolornofocus</include>
                <info>ListItem.Album</info>
                <visible>Container.Content(albums)</visible>
              </control>
              <control type="label">
                <posx>105</posx>
                <posy>23</posy>
                <width>470</width>
                <height>41</height>
                <font>Font_Reg17</font>
                <align>left</align>
                <aligny>center</aligny>
                <include>subcolornofocus</include>
                <label>$INFO[ListItem.Artist]</label>
              </control>
              <control type="label">
                <posx>656</posx>
                <posy>0</posy>
                <width>85</width>
                <height>41</height>
                <font>Font_Reg15</font>
                <align>center</align>
                <aligny>center</aligny>
                <include>detailcolornofocus</include>
                <label>[UPPERCASE]$INFO[ListItem.Label2][/UPPERCASE]</label>
                <visible>Container.Content(songs)</visible>
              </control>
              <control type="label">
                <posx>656</posx>
                <posy>0</posy>
                <width>85</width>
                <height>41</height>
                <font>Font_Reg15</font>
                <align>center</align>
                <aligny>center</aligny>
                <include>detailcolornofocus</include>
                <label>[UPPERCASE]$INFO[ListItem.Year][/UPPERCASE]</label>
                <visible>Container.Content(albums)</visible>
              </control>
              <control type="image">
                <description>IMDB rating</description>
                <posx>623</posx>
                <posy>37</posy>
                <width>65</width>
                <height>13</height>
                <info>ListItem.StarRating</info>
                <colordiffuse>dcffffff</colordiffuse>
              </control>
            </control>
            <control type="group">
              <visible>Container.Content(movies)+!Window.IsActive(videofiles)</visible>
              <control type="image">
                <posx>10</posx>
                <posy>3</posy>
                <width>90</width>
                <height>60</height>
                <aspectratio>keep</aspectratio>
                <colordiffuse>dcffffff</colordiffuse>
                <texture fallback="flags/studios/default-studio.png">$INFO[ListItem.Studio,flags/studios/,.png]</texture>
                <visible>!IsEmpty(ListItem.Studio)</visible>
              </control>
              <control type="label">
                <posx>105</posx>
                <posy>23</posy>
                <width>480</width>
                <height>41</height>
                <font>Font_Reg22</font>
                <aligny>center</aligny>
                <include>listcolornofocus</include>
                <info>ListItem.label</info>
                <visible>IsEmpty(ListItem.Title)</visible>
              </control>
              <control type="label">
                <posx>105</posx>
                <posy>1</posy>
                <width>480</width>
                <height>41</height>
                <font>Font_Reg22</font>
                <aligny>center</aligny>
                <include>listcolornofocus</include>
                <info>ListItem.Title</info>
              </control>
              <control type="label">
                <posx>105</posx>
                <posy>23</posy>
                <width>470</width>
                <height>41</height>
                <font>Font_Reg17</font>
                <align>left</align>
                <aligny>center</aligny>
                <include>subcolornofocus</include>
                <label>$INFO[ListItem.Director]</label>
              </control>
              <control type="label">
                <posx>656</posx>
                <posy>0</posy>
                <width>85</width>
                <height>41</height>
                <font>Font_Reg15</font>
                <align>center</align>
                <aligny>center</aligny>
                <include>detailcolornofocus</include>
                <label>[UPPERCASE]$INFO[ListItem.Year][/UPPERCASE]</label>
              </control>
             </control>
            <control type="group">
              <visible>Container.Content(episodes)+!Window.IsActive(videofiles)</visible>
              <control type="label">
                <posx>62</posx>
                <posy>0</posy>
                <width>85</width>
                <height>61</height>
                <font>Font_Bold20</font>
                <align>center</align>
                <aligny>center</aligny>
                <include>listcolornofocus</include>
                <label>$INFO[ListItem.Season]x$INFO[ListItem.Episode]</label>
                <visible>!IsEmpty(ListItem.Title)</visible>
              </control>
              <control type="label">
                <posx>105</posx>
                <posy>1</posy>
                <width>480</width>
                <height>41</height>
                <font>Font_Reg22</font>
                <aligny>center</aligny>
                <include>listcolornofocus</include>
                <info>ListItem.Title</info>
              </control>
              <control type="label">
                <posx>105</posx>
                <posy>23</posy>
                <width>480</width>
                <height>41</height>
                <font>Font_Reg22</font>
                <aligny>center</aligny>
                <include>listcolornofocus</include>
                <info>ListItem.label</info>
                <visible>IsEmpty(ListItem.Title)</visible>
              </control>
              <control type="label">
                <posx>105</posx>
                <posy>23</posy>
                <width>470</width>
                <height>41</height>
                <font>Font_Reg17</font>
                <align>left</align>
                <aligny>center</aligny>
                <include>subcolornofocus</include>
                <label>$INFO[ListItem.TVShowTitle]</label>
              </control>
          
              <control type="label">
                <description>First Aired</description>
                <posx>656</posx>
                <posy>0</posy>
                <width>85</width>
                <height>41</height>
                <font>Font_Reg15</font>
                <align>center</align>
                <aligny>center</aligny>
                <include>detailcolornofocus</include>
                <label>[UPPERCASE]$INFO[ListItem.Premiered][/UPPERCASE]</label>
              </control>
             
            </control>
            <control type="group">
              <visible>Window.IsActive(pictures)</visible>
              <control type="label">
                <posx>105</posx>
                <posy>1</posy>
                <width>480</width>
                <height>41</height>
                <font>Font_Reg22</font>
                <aligny>center</aligny>
                <include>listcolornofocus</include>
                <info>ListItem.Label</info>
              </control>
              <control type="label" id="623">
                <posx>105</posx>
                <posy>23</posy>
                <width>470</width>
                <height>41</height>
                <font>Font_Reg17</font>
                <align>left</align>
                <aligny>center</aligny>
                <include>subcolornofocus</include>
                <label>$INFO[ListItem.PictureDateTime]</label>
              </control>
              <control type="label">
                <posx>656</posx>
                <posy>0</posy>
                <width>100</width>
                <height>41</height>
                <font>Font_Reg15</font>
                <align>center</align>
                <aligny>center</aligny>
                <include>listcolornofocus</include>
                <label>[UPPERCASE]$INFO[ListItem.PictureResolution][/UPPERCASE]</label>
              </control>
              <control type="label">
                <posx>656</posx>
                <posy>23</posy>
                <width>85</width>
                <height>41</height>
                <font>Font_Reg15</font>
                <align>center</align>
                <aligny>center</aligny>
                <include>listcolornofocus</include>
                <label>[UPPERCASE]$INFO[ListItem.Label2][/UPPERCASE]</label>
              </control>
            </control>
            <control type="group">
              <visible>Container.Content(seasons)</visible>
              <control type="label">
                <posx>656</posx>
                <posy>12</posy>
                <width>85</width>
                <height>41</height>
                <font>Font_Reg15</font>
                <align>center</align>
                <aligny>center</aligny>
                <include>listcolornofocus</include>
                <label>$INFO[ListItem.Property(TotalEpisodes)] $LOCALIZE[20360]</label>
                <visible>!IsEmpty(ListItem.Title)+IntegerGreaterThan(ListItem.Property(TotalEpisodes),1)</visible>
              </control>
              <control type="label">
                <posx>656</posx>
                <posy>12</posy>
                <width>85</width>
                <height>41</height>
                <font>Font_Reg15</font>
                <align>center</align>
                <aligny>center</aligny>
                <include>listcolornofocus</include>
                <label>$INFO[ListItem.Property(TotalEpisodes)] $LOCALIZE[20359]</label>
                <visible>!IsEmpty(ListItem.Title)+!IntegerGreaterThan(ListItem.Property(TotalEpisodes),1)</visible>
              </control>
             </control>
            <control type="image">
              <description>IMDB rating</description>
              <posx>623</posx>
              <posy>37</posy>
              <width>65</width>
              <height>13</height>
              <info>ListItem.StarRating</info>
              <colordiffuse>dcffffff</colordiffuse>
              <visible>Container.Content(albums)|Container.Content(songs)</visible>
            </control>
            <control type="image">
              <description>IMDB rating</description>
              <posx>623</posx>
              <posy>37</posy>
              <width>65</width>
              <height>13</height>
              <texture>$INFO[ListItem.Rating,stars/,.png]</texture>
              <colordiffuse>dcbdbdbd</colordiffuse>
              <animation effect="fade" start="100" end="0" time="100" delay="0" condition="IsEmpty(ListItem.Title)" >Conditional</animation>
              <visible>Container.Content(movies)|Container.Content(episodes)</visible>
            </control>
            <control type="image">
              <posx>688</posx>
              <posy>19</posy>
              <width>80</width>
              <height>30</height>
              <visible>!IsEmpty(ListItem.Overlay)</visible>
              <info>ListItem.Overlay</info>
            </control>
            <control type="image">
              <posx>22</posx>
              <posy>2</posy>
              <width>60</width>
              <height>60</height>
              <aspectratio>scale</aspectratio>
              <info>ListItem.Icon</info>
              <visible>Container.Content(albums)|Window.IsActive(pictures)</visible>
            </control>
          </itemlayout>
          <focusedlayout height="65" condition="!Skin.HasSetting(slimlist)">
            <control type="image">
              <posx>12</posx>
              <posy>64</posy>
              <height>1</height>
              <width>739</width>
              <texture background="true">views/listpanel_line.png</texture>
            </control>
            <control type="image">
              <posx>7</posx>
              <posy>-5</posy>
              <width>743</width>
              <height>75</height>
              <texture background="true">views/listpanel_selectbar.png</texture>
            </control>
            <control type="group">
              <visible>[!Container.Content(albums)+!Container.Content(songs)+!Container.Content(movies)+!Container.Content(episodes)+!Window.IsActive(videofiles)+!Window.IsActive(pictures)]|Window.IsActive(videofiles)</visible>
              <control type="fadelabel">
                <posx>105</posx>
                <posy>12</posy>
                <width>480</width>
                <height>41</height>
                <font>Font_Reg22</font>
                <aligny>center</aligny>
                <include>listcolorfocus</include>
                <info>ListItem.Label</info>
              </control>
              <control type="label">
                <posx>656</posx>
                <posy>12</posy>
                <width>125</width>
                <height>41</height>
                <font>Font_Reg15</font>
                <align>center</align>
                <aligny>center</aligny>
                <include>listcolorfocus</include>
                <label>$INFO[ListItem.Label2]</label>
              </control>
            </control>
            <control type="group">
              <visible>Container.Content(songs)|Container.Content(albums)</visible>
              <control type="label">
                <posx>105</posx>
                <posy>23</posy>
                <width>480</width>
                <height>41</height>
                <font>Font_Reg22</font>
                <aligny>center</aligny>
                <include>listcolorfocus</include>
                <info>ListItem.label</info>
                <visible>[IsEmpty(ListItem.Title)+Container.Content(songs)]|[IsEmpty(ListItem.Album) + Container.Content(albums)]</visible>
              </control>
              <control type="label">
                <posx>62</posx>
                <posy>0</posy>
                <width>45</width>
                <height>61</height>
                <font>Font_OSDTitle2</font>
                <align>center</align>
                <aligny>center</aligny>
                <include>listcolorfocus</include>
                <label>$INFO[ListItem.TrackNumber]</label>
                <visible>Container.Content(songs)</visible>
              </control>
              <control type="label">
                <posx>105</posx>
                <posy>1</posy>
                <width>480</width>
                <height>41</height>
                <font>Font_Reg22</font>
                <aligny>center</aligny>
                <include>listcolorfocus</include>
                <info>ListItem.Album</info>
                <visible>Container.Content(albums)</visible>
              </control>
              <control type="label">
                <posx>105</posx>
                <posy>1</posy>
                <width>480</width>
                <height>41</height>
                <font>Font_Reg22</font>
                <aligny>center</aligny>
                <include>listcolorfocus</include>
                <info>ListItem.Title</info>
                <visible>Container.Content(songs)</visible>
              </control>
              <control type="label" id="623">
                <posx>105</posx>
                <posy>23</posy>
                <width>470</width>
                <height>41</height>
                <font>Font_Reg17</font>
                <align>left</align>
                <aligny>center</aligny>
                <include>subcolorfocus</include>
                <label>$INFO[ListItem.Artist]</label>
              </control>
              <control type="label">
                <posx>656</posx>
                <posy>0</posy>
                <width>85</width>
                <height>41</height>
                <font>Font_Reg15</font>
                <align>center</align>
                <aligny>center</aligny>
                <include>listcolorfocus</include>
                <label>[UPPERCASE]$INFO[ListItem.Label2][/UPPERCASE]</label>
                <visible>Container.Content(songs)</visible>
              </control>
              <control type="label">
                <posx>656</posx>
                <posy>0</posy>
                <width>85</width>
                <height>41</height>
                <font>Font_Reg15</font>
                <align>center</align>
                <aligny>center</aligny>
                <include>listcolorfocus</include>
                <label>[UPPERCASE]$INFO[ListItem.Year][/UPPERCASE]</label>
                <visible>Container.Content(albums)</visible>
              </control>
            </control>
            <control type="group">
              <visible>Container.Content(movies)+!Window.IsActive(videofiles)</visible>
              <control type="image">
                <posx>10</posx>
                <posy>3</posy>
                <width>90</width>
                <height>60</height>
                <aspectratio>keep</aspectratio>
                <colordiffuse>ff2e2e2e</colordiffuse>
                <texture fallback="flags/studios/default-studio.png">$INFO[ListItem.Studio,flags/studios/,.png]</texture>
                <visible>!IsEmpty(ListItem.Studio)</visible>
              </control>
              <control type="label">
                <posx>105</posx>
                <posy>23</posy>
                <width>480</width>
                <height>41</height>
                <font>Font_Reg22</font>
                <aligny>center</aligny>
                <include>listcolorfocus</include>
                <info>ListItem.label</info>
                <visible>IsEmpty(ListItem.Title)</visible>
              </control>
              <control type="label">
                <posx>105</posx>
                <posy>1</posy>
                <width>480</width>
                <height>41</height>
                <font>Font_Reg22</font>
                <aligny>center</aligny>
                <include>listcolorfocus</include>
                <info>ListItem.Title</info>
              </control>

              <control type="label" id="623">
                <posx>105</posx>
                <posy>23</posy>
                <width>470</width>
                <height>41</height>
                <font>Font_Reg17</font>
                <align>left</align>
                <aligny>center</aligny>
                <include>subcolorfocus</include>
                <label>$INFO[ListItem.Director]</label>
              </control>
              <control type="label">
                <posx>656</posx>
                <posy>0</posy>
                <width>85</width>
                <height>41</height>
                <font>Font_Reg15</font>
                <align>center</align>
                <aligny>center</aligny>
                <include>listcolorfocus</include>
                <label>[UPPERCASE]$INFO[ListItem.Year][/UPPERCASE]</label>
              </control>
            
            </control>
            <control type="group">
              <visible>Container.Content(episodes)</visible>
              <control type="label">
                <posx>62</posx>
                <posy>0</posy>
                <width>85</width>
                <height>61</height>
                <font>Font_Bold20</font>
                <align>center</align>
                <aligny>center</aligny>
                <include>listcolorfocus</include>
                <label>$INFO[ListItem.Season]x$INFO[ListItem.Episode]</label>
                <visible>!IsEmpty(ListItem.Title)</visible>
              </control>
              <control type="label">
                <posx>105</posx>
                <posy>1</posy>
                <width>480</width>
                <height>41</height>
                <font>Font_Reg22</font>
                <aligny>center</aligny>
                <include>listcolorfocus</include>
                <info>ListItem.Title</info>
              </control>
              <control type="label">
                <posx>105</posx>
                <posy>23</posy>
                <width>480</width>
                <height>41</height>
                <font>Font_Reg22</font>
                <aligny>center</aligny>
                <include>listcolorfocus</include>
                <info>ListItem.label</info>
                <visible>IsEmpty(ListItem.Title)</visible>
              </control>
              <control type="label" id="623">
                <posx>105</posx>
                <posy>23</posy>
                <width>470</width>
                <height>41</height>
                <font>Font_Reg17</font>
                <align>left</align>
                <aligny>center</aligny>
                <include>subcolorfocus</include>
                <label>$INFO[ListItem.TVShowTitle]</label>
              </control>
             
              <control type="label">
                <description>First Aired</description>
                <posx>656</posx>
                <posy>0</posy>
                <width>85</width>
                <height>41</height>
                <font>Font_Reg15</font>
                <align>center</align>
                <aligny>center</aligny>
                <include>subcolorfocus</include>
                <label>[UPPERCASE]$INFO[ListItem.Premiered][/UPPERCASE]</label>
              </control>
            </control>
            <control type="group">
              <visible>Container.Content(seasons)</visible>
              <control type="label">
                <posx>656</posx>
                <posy>12</posy>
                <width>85</width>
                <height>41</height>
                <font>Font_Reg15</font>
                <align>center</align>
                <aligny>center</aligny>
                <include>listcolorfocus</include>
                <label>$INFO[ListItem.Property(TotalEpisodes)] $LOCALIZE[20360]</label>
                <visible>!IsEmpty(ListItem.Title)+IntegerGreaterThan(ListItem.Property(TotalEpisodes),1)</visible>
              </control>
              <control type="label">
                <posx>656</posx>
                <posy>12</posy>
                <width>85</width>
                <height>41</height>
                <font>Font_Reg15</font>
                <align>center</align>
                <aligny>center</aligny>
                <include>listcolorfocus</include>
                <label>$INFO[ListItem.Property(TotalEpisodes)] $LOCALIZE[20359]</label>
                <visible>!IsEmpty(ListItem.Title)+!IntegerGreaterThan(ListItem.Property(TotalEpisodes),1)</visible>
              </control>
            </control>
            <control type="group">
              <visible>Window.IsActive(pictures)</visible>
              <control type="label">
                <posx>105</posx>
                <posy>1</posy>
                <width>480</width>
                <height>41</height>
                <font>Font_Reg22</font>
                <aligny>center</aligny>
                <include>listcolorfocus</include>
                <info>ListItem.Label</info>
              </control>
              <control type="label" id="623">
                <posx>105</posx>
                <posy>23</posy>
                <width>470</width>
                <height>41</height>
                <font>Font_Reg17</font>
                <align>left</align>
                <aligny>center</aligny>
                <include>subcolorfocus</include>
                <label>$INFO[ListItem.PictureDateTime]</label>
              </control>
              <control type="label">
                <posx>656</posx>
                <posy>0</posy>
                <width>100</width>
                <height>41</height>
                <font>Font_Reg15</font>
                <align>center</align>
                <aligny>center</aligny>
                <include>listcolorfocus</include>
                <label>[UPPERCASE]$INFO[ListItem.PictureResolution][/UPPERCASE]</label>
              </control>
            </control>
            <control type="label">
              <posx>656</posx>
              <posy>23</posy>
              <width>85</width>
              <height>41</height>
              <font>Font_Reg15</font>
              <align>center</align>
              <aligny>center</aligny>
              <include>listcolorfocus</include>
              <label>[UPPERCASE]$INFO[ListItem.Label2][/UPPERCASE]</label>
              <visible>[[Container.Content(movies)|Container.Content(episodes)]+!Window.IsActive(videofiles)]|Window.IsActive(pictures)</visible>
            </control>
            <control type="image">
              <description>IMDB rating</description>
              <posx>623</posx>
              <posy>37</posy>
              <width>65</width>
              <height>13</height>
              <info>ListItem.StarRating</info>
              <colordiffuse>ff2e2e2e</colordiffuse>
              <visible>Container.Content(albums)|Container.Content(songs)</visible>
            </control>
            <control type="image">
              <posx>688</posx>
              <posy>19</posy>
              <width>80</width>
              <height>30</height>
              <visible>!IsEmpty(ListItem.Overlay)</visible>
              <info>ListItem.Overlay</info>
            </control>
            <control type="image">
              <posx>22</posx>
              <posy>2</posy>
              <width>60</width>
              <height>60</height>
              <aspectratio>scale</aspectratio>
              <info>ListItem.Icon</info>
              <visible>Container.Content(albums)|Window.IsActive(pictures)</visible>
            </control>
          </focusedlayout>
          <itemlayout height="40" condition="Skin.HasSetting(slimlist)">
            <control type="image">
              <posx>12</posx>
              <posy>39</posy>
              <height>1</height>
              <width>739</width>
              <texture background="true">views/listpanel_line.png</texture>
            </control>
            <control type="group">
              <visible>!Container.Content(albums)</visible>
            <control type="label">
              <posx>55</posx>
              <posy>0</posy>
              <width>530</width>
              <height>40</height>
              <font>Font_Reg17</font>
              <aligny>center</aligny>
              <include>listcolornofocus</include>
              <info>ListItem.Label</info>
            </control>
            <control type="label">
              <posx>658</posx>
              <posy>0</posy>
              <width>97</width>
              <height>40</height>
              <font>Font_Reg17</font>
              <aligny>center</aligny>
              <align>center</align>
              <include>listcolornofocus</include>
              <info>ListItem.Label2</info>
            </control>
            </control>
            <control type="group">
              <visible>Container.Content(seasons)</visible>
              <control type="label">
                <posx>658</posx>
                <posy>0</posy>
                <width>97</width>
                <height>40</height>
                <font>Font_Reg15</font>
                <align>center</align>
                <aligny>center</aligny>
                <include>listcolornofocus</include>
                <label>$INFO[ListItem.Property(TotalEpisodes)] $LOCALIZE[20360]</label>
                <visible>!IsEmpty(ListItem.Title)</visible>
              </control>
            </control>
            <control type="group">
              <visible>Container.Content(albums)</visible>
              <control type="label">
                <posx>55</posx>
                <posy>0</posy>
                <width>530</width>
                <height>40</height>
                <font>Font_Reg17</font>
                <aligny>center</aligny>
                <include>listcolornofocus</include>
                <label>$INFO[ListItem.Album] - $INFO[ListItem.Artist]</label>
              </control>
              <control type="image">
                <description>IMDB rating</description>
                <posx>623</posx>
                <posy>14</posy>
                <width>65</width>
                <height>13</height>
                <info>ListItem.StarRating</info>
                <colordiffuse>dcffffff</colordiffuse>
              </control>
            </control>
            <control type="image">
              <posx>688</posx>
              <posy>11</posy>
              <width>80</width>
              <height>20</height>
              <visible>!IsEmpty(ListItem.Overlay)</visible>
              <info>ListItem.Overlay</info>
            </control>
          </itemlayout>
          <focusedlayout height="40" condition="Skin.HasSetting(slimlist)">
            <control type="image">
              <posx>12</posx>
              <posy>39</posy>
              <height>1</height>
              <width>739</width>
              <texture background="true">views/listpanel_line.png</texture>
            </control>
            <control type="image">
              <posx>7</posx>
              <posy>-3</posy>
              <width>743</width>
              <height>46</height>
              <texture background="true">views/listpanel_selectbar.png</texture>
            </control>
            <control type="group">
              <visible>!Container.Content(albums)</visible>
              <control type="fadelabel">
              <posx>55</posx>
              <posy>0</posy>
              <width>530</width>
              <height>40</height>
              <font>Font_Reg17</font>
              <aligny>center</aligny>
              <include>listcolorfocus</include>
              <info>ListItem.Label</info>
            </control>
            <control type="label">
              <posx>658</posx>
              <posy>0</posy>
              <width>97</width>
              <height>40</height>
              <font>Font_Reg17</font>
              <aligny>center</aligny>
              <align>center</align>
              <include>listcolorfocus</include>
              <info>ListItem.Label2</info>
            </control>
            </control>
            <control type="group">
              <visible>Container.Content(seasons)</visible>
              <control type="label">
                <posx>658</posx>
                <posy>0</posy>
                <width>97</width>
                <height>40</height>
                <font>Font_Reg15</font>
                <align>center</align>
                <aligny>center</aligny>
                <include>listcolorfocus</include>
                <label>$INFO[ListItem.Property(TotalEpisodes)] $LOCALIZE[20360]</label>
                <visible>!IsEmpty(ListItem.Title)</visible>
              </control>
            </control>
            <control type="group">
              <visible>Container.Content(albums)</visible>
              <control type="fadelabel">
                <posx>55</posx>
                <posy>0</posy>
                <width>530</width>
                <height>40</height>
                <font>Font_Reg17</font>
                <aligny>center</aligny>
                <include>listcolorfocus</include>
                <label>$INFO[ListItem.Album] - $INFO[ListItem.Artist]</label>
              </control>
              <control type="image">
                <description>IMDB rating</description>
                <posx>623</posx>
                <posy>14</posy>
                <width>65</width>
                <height>13</height>
                <info>ListItem.StarRating</info>
                <colordiffuse>ff2e2e2e</colordiffuse>
              </control>
            </control>
            <control type="image">
              <posx>688</posx>
              <posy>11</posy>
              <width>80</width>
              <height>20</height>
              <visible>!IsEmpty(ListItem.Overlay)</visible>
              <info>ListItem.Overlay</info>
            </control>
          </focusedlayout>
        </control>
        <control type="scrollbar" id="60">
          <posx>15</posx>
          <posy>108</posy>
          <width>65</width>
          <height>545</height>
          <texturesliderbackground>views/scrollbarbacklist.png</texturesliderbackground>
          <texturesliderbar>-</texturesliderbar>
          <texturesliderbarfocus>-</texturesliderbarfocus>
          <textureslidernib>views/scrollbarnub-nofocus.png</textureslidernib>
          <textureslidernibfocus>views/scrollbarnub-focus.png</textureslidernibfocus>
          <pulseonselect>no</pulseonselect>
          <orientation>vertical</orientation>
          <showonepage>true</showonepage>
          <onup>60</onup>
          <ondown>60</ondown>
          <onleft>SetFocus(9000)</onleft>
          <onright>50</onright>
          <include>Animation_CommonFade</include>
          <visible>Control.IsVisible(50)</visible>
        </control>
      </control>
      <control type="label" id="161">
        <posx>105</posx>
        <posy>636</posy>
        <width>180</width>
        <height>41</height>
        <font>Font_Reg15</font>
        <align>left</align>
        <aligny>center</aligny>
        <textcolor>ff969696</textcolor>
        <label>$INFO[Container(50).NumItems] $LOCALIZE[31025] ($INFO[Container(50).Totaltime])</label>
        <visible>[!Container(50).HasFolders|Container.Content(movies)]+!Window.IsActive(pictures)+!Window.IsActive(addonbrowser)+!Window.IsActive(videofiles)</visible>
      </control>
      <control type="label" id="161">
        <posx>105</posx>
        <posy>636</posy>
        <width>180</width>
        <height>41</height>
        <font>Font_Reg15</font>
        <align>left</align>
        <aligny>center</aligny>
        <textcolor>ff969696</textcolor>
        <label>$INFO[Container(50).NumItems] $LOCALIZE[31025]</label>
        <visible>[Container(50).HasFolders+!Container.Content(movies)]|Window.IsActive(pictures)|Window.IsActive(addonbrowser)|Window.IsActive(videofiles)</visible>
      </control>
      <control type="label" id="161">
        <posx>676</posx>
        <posy>636</posy>
        <width>85</width>
        <height>41</height>
        <font>Font_Reg15</font>
        <align>center</align>
        <aligny>center</aligny>
        <textcolor>ff969696</textcolor>
        <label>$LOCALIZE[31024] $INFO[Container(50).CurrentPage]/$INFO[Container(50).NumPages]</label>
      </control>
			<control type="group">
				<posx>850</posx>
				<posy>100</posy>
				<visible>!Container.Content(songs)+!Container.Content(movies)+!Container.Content(albums)+!Container.Content(tvshows)+!Container.Content(seasons)|Window.IsActive(videofiles)</visible>
				<control type="image">
					<posx>0</posx>
					<posy>0</posy>
					<width>360</width>
					<height>540</height>
					<aspectratio aligny="bottom">keep</aspectratio>
					<fadetime>IconCrossfadeTime2</fadetime>
					<texture background="true">$INFO[ListItem.Icon]</texture>
					<bordertexture border="8">thumbs/thumbshadow.png</bordertexture>
					<bordersize>8</bordersize>
				</control>
				<control type="image">
					<posx>8</posx>
					<posy>532</posy>
					<width>344</width>
					<height>524</height>
					<aspectratio aligny="top">keep</aspectratio>
					<fadetime>IconCrossfadeTime2</fadetime>
					<texture diffuse="thumbs/diffuse_mirror3.png" flipy="true" background="true">$INFO[ListItem.Icon]</texture>
				</control>
			</control>
      <control type="group">
        <posx>850</posx>
        <posy>100</posy>
        <visible>Window.IsActive(videolibrary)+[Container.Content(movies)|Container.Content(tvshows)|Container.Content(seasons)]</visible>
        <control type="image">
          <posx>-19</posx>
          <posy>-19</posy>
          <width>398</width>
          <height>578</height>
          <aspectratio scalediffuse="false">stretch</aspectratio>
          <fadetime>IconCrossfadeTime2</fadetime>
          <texture background="true" diffuse="thumbs/movieposter_mask.png">$INFO[ListItem.Icon]</texture>
          <bordertexture>thumbs/poster_shadow.png</bordertexture>
          <bordersize>19</bordersize>
        </control>
        <control type="image">
          <posx>0</posx>
          <posy>0</posy>
          <width>360</width>
          <height>540</height>
          <aspectratio scalediffuse="false">stretch</aspectratio>
          <fadetime>IconCrossfadeTime2</fadetime>
          <texture diffuse="thumbs/movieposter_mask.png" background="true">thumbs/poster_glass_noreflect.png</texture>
        </control>
        <control type="image">
          <posx>0</posx>
          <posy>540</posy>
          <width>360</width>
          <height>540</height>
          <aspectratio scalediffuse="false">stretch</aspectratio>
          <fadetime>IconCrossfadeTime2</fadetime>
          <texture diffuse="thumbs/movieposter_mask_reflect.png" flipy="true" background="true">$INFO[ListItem.Icon]</texture>
          <colordiffuse>72FFFFFF</colordiffuse>
        </control>
      </control>
      <control type="group">
        <posx>850</posx>
        <posy>280</posy>
        <visible>Control.IsVisible(50)+[Container.Content(songs)|Container.Content(albums)]</visible>
        <control type="image">
          <posx>0</posx>
          <posy>0</posy>
          <width>360</width>
          <height>360</height>
          <aspectratio scalediffuse="false">stretch</aspectratio>
          <fadetime>400</fadetime>
          <texture diffuse="thumbs/cdcover_mask.png" background="true">$INFO[ListItem.Icon]</texture>
          <bordertexture border="-23">thumbs/cd_shadow.png</bordertexture>
          <bordersize>8</bordersize>
        </control>
        <control type="image">
          <posx>8</posx>
          <posy>8</posy>
          <width>344</width>
          <height>344</height>
          <aspectratio scalediffuse="false">stretch</aspectratio>
          <fadetime>400</fadetime>
          <texture diffuse="thumbs/cdcover_mask.png" background="true">thumbs/cd_glass_noedge.png</texture>
        </control>
        <control type="image">
          <posx>8</posx>
          <posy>352</posy>
          <width>344</width>
          <height>360</height>
          <aspectratio scalediffuse="false">stretch</aspectratio>
          <fadetime>400</fadetime>
          <texture background="true" flipy="true" diffuse="thumbs/cdcover_mask_reflect.png">$INFO[ListItem.Thumb]</texture>
        </control>
      </control>
      <control type="image">
        <posx>850</posx>
        <posy>280</posy>
        <width>360</width>
        <height>140</height>
        <aspectratio>stretch</aspectratio>
        <fadetime>400</fadetime>
        <texture background="true">$INFO[ListItem.Path]../logo.png</texture>
        <visible>!Window.IsActive(videofiles)+Container.Content(episodes)</visible>
      </control>
      <include condition="!Skin.HasSetting(HideListFlags)">MusicMediaFlags</include>
      <include condition="!Skin.HasSetting(HideListFlags)">FloorFlagsList</include>

    </control>
	</include>
  <include name="WideIconView">
    <control type="group">
      <visible>Control.IsVisible(505)</visible>
      <include>Animation_CommonFade</include>
     
      <control type="image">
        <posx>0</posx>
        <posy>335</posy>
        <width>1280</width>
        <height>405</height>
        <texture>views/showcase_floor.png</texture>
        <include>Animation_CommonFade</include>
      </control>
      <control type="image">
        <width>1280</width>
        <height>683</height>
        <texture>common/black.png</texture>
        <colordiffuse>aaffffff</colordiffuse>
        <visible>Skin.HasSetting(darklist)</visible>
      </control>
      <control type="image">
        <include>Animation_CommonFade</include>
        <posx>710</posx>
        <posy>150</posy>
        <width>482</width>
        <height>530</height>
        <texture background="true">views/listpanel_black.png</texture>
        <visible>!Skin.HasSetting(listpanelthin)</visible>
      </control>
      <control type="image">
        <include>Animation_CommonFade</include>
        <posx>710</posx>
        <posy>150</posy>
        <width>482</width>
        <height>530</height>
        <texture>views/listpanel_back.png</texture>
      </control>
      <control type="image">
        <posx>782</posx>
        <posy>190</posy>
        <width>338</width>
        <height>190</height>
        <texture>common/black.png</texture>
      </control>
      <control type="image">
        <posx>782</posx>
        <posy>190</posy>
        <width>338</width>
        <height>190</height>
		<fadetime>IconCrossfadeTime2</fadetime>
        <texture background="true">$INFO[ListItem.Thumb]</texture>
      </control>
      <control type="group">
        <visible>Player.HasVideo</visible>
      <control type="image">
        <posx>782</posx>
        <posy>190</posy>
        <width>338</width>
        <height>190</height>
        <texture>common/black.png</texture>
      </control>
      <control type="videowindow">
        <posx>782</posx>
        <posy>190</posy>
        <width>338</width>
        <height>190</height>
      </control>
      </control>
      <control type="group">
        <visible>!Skin.HasSetting(infolistplotonly)</visible>
      <control type="image">
        <posx>715</posx>
        <posy>393</posy>
        <width>470</width>
        <height>80</height>
        <texture>views/listpanel_selectbar.png</texture>
      </control>
      <control type="image">
        <posx>750</posx>
        <posy>403</posy>
        <include>InfoListFlagVars</include>
        <texture fallback="flags/studios/default-studio.png">$INFO[ListItem.Studio,flags/studios/,.png]</texture>
        <visible>!Skin.HasSetting(nostudioratingflags)+!IsEmpty(ListItem.Title)</visible>
      </control>
      <control type="image">
        <posx>750</posx>
        <posy>403</posy>
        <include>InfoListFlagVars</include>
        <texture>$INFO[ListItem.VideoCodec,flags/videocodec/,.png]</texture>
        <visible>Skin.HasSetting(nostudioratingflags)</visible>
      </control>
      <control type="image">
        <posx>850</posx>
        <posy>403</posy>
        <include>InfoListFlagVars</include>
        <texture>$INFO[ListItem.VideoAspect,flags/aspectratio/,.png]</texture>
        <visible>Skin.HasSetting(nostudioratingflags)</visible>
      </control>
      <control type="group">
        <visible>!Skin.HasSetting(nostudioratingflags)</visible>
        <posx>850</posx>
        <posy>403</posy>
        <!--US-->
        <control type="image">
          <include>InfoListFlagVars</include>
          <texture>flags/rating/MPAA_NR_Certificate_US.png</texture>
          <visible>[SubString(ListItem.mpaa,US:NR) | SubString(ListItem.mpaa,USA:NR) | SubString(ListItem.mpaa,Rated NR | SubString(ListItem.mpaa,NR)| IsEmpty(ListItem.Mpaa)]+!IsEmpty(ListItem.Title)</visible>
        </control>
        <control type="image">
          <include>InfoListFlagVars</include>
          <texture>flags/rating/MPAA_G_Certificate_US.png</texture>
          <visible>SubString(ListItem.mpaa,US:G) | SubString(ListItem.mpaa,USA:G) | SubString(ListItem.mpaa,Rated G)</visible>
        </control>
        <control type="image">
          <include>InfoListFlagVars</include>
          <texture>flags/rating/MPAA_PG_Certificate_US.png</texture>
          <visible>[Substring(ListItem.mpaa,Rated PG) | StringCompare(ListItem.Mpaa,PG)] + !substring(ListItem.mpaa,PG-13)</visible>
        </control>
        <control type="image">
          <include>InfoListFlagVars</include>
          <texture>flags/rating/MPAA_PG-13_Certificate_US.png</texture>
          <visible>SubString(ListItem.mpaa,PG-13)</visible>
        </control>
        <control type="image">
          <include>InfoListFlagVars</include>
          <texture>flags/rating/MPAA_R_Certificate_US.png</texture>
          <visible>SubString(ListItem.mpaa,US:R) | SubString(ListItem.mpaa,USA:R) | SubString(ListItem.mpaa,Rated R) | StringCompare(ListItem.Mpaa,R)</visible>
        </control>
        <control type="image">
          <include>InfoListFlagVars</include>
          <texture>flags/rating/MPAA_NC-17_Certificate_US.png</texture>
          <visible>SubString(ListItem.mpaa,US:NC-17) | SubString(ListItem.mpaa,USA:NC-17) | SubString(ListItem.mpaa,Rated NC-17)</visible>
        </control>
        <control type="image">
          <include>InfoListFlagVars</include>
          <texture>flags/rating/TV-G_Certificate_US.png</texture>
          <visible>substring(ListItem.mpaa,TV-G)</visible>
        </control>
        <control type="image">
          <include>InfoListFlagVars</include>
          <texture>flags/rating/TV-PG_Certificate_US.png</texture>
          <visible>substring(ListItem.mpaa,TV-PG)</visible>
        </control>
        <control type="image">
          <include>InfoListFlagVars</include>
          <texture>flags/rating/TV-14_Certificate_US.png</texture>
          <visible>substring(ListItem.mpaa,TV-14)</visible>
        </control>
        <control type="image">
          <include>InfoListFlagVars</include>
          <texture>flags/rating/TV-MA_Certificate_US.png</texture>
          <visible>substring(ListItem.mpaa,TV-MA)</visible>
        </control>
        <!--UK-->
        <control type="image">
          <include>InfoListFlagVars</include>
          <texture>flags/rating/BBFC_U_Certificate_UK.png</texture>
          <visible>SubString(ListItem.mpaa,UK:U)</visible>
        </control>
        <control type="image">
          <include>InfoListFlagVars</include>
          <texture>flags/rating/BBFC_PG_Certificate_UK.png</texture>
          <visible>SubString(ListItem.mpaa,UK:PG)</visible>
        </control>
        <control type="image">
          <include>InfoListFlagVars</include>
          <texture>flags/rating/BBFC_12_Certificate_UK.png</texture>
          <visible>SubString(ListItem.mpaa,UK:12) + !SubString(ListItem.mpaa,UK:12A)</visible>
        </control>
        <control type="image">
          <include>InfoListFlagVars</include>
          <texture>flags/rating/BBFC_12A_Certificate_UK.png</texture>
          <visible>SubString(ListItem.mpaa,UK:12A)</visible>
        </control>
        <control type="image">
          <include>InfoListFlagVars</include>
          <texture>flags/rating/BBFC_15_Certificate_UK.png</texture>
          <visible>SubString(ListItem.mpaa,UK:15)</visible>
        </control>
        <control type="image">
          <include>InfoListFlagVars</include>
          <texture>flags/rating/BBFC_18_Certificate_UK.png</texture>
          <visible>SubString(ListItem.mpaa,UK:18)</visible>
        </control>
        <!--Germany-->
        <control type="image">
          <include>InfoListFlagVars</include>
          <texture>flags/rating/FSK-0.png</texture>
          <visible>SubString(ListItem.mpaa,Germany:0) | SubString(ListItem.mpaa,o.A)</visible>
        </control>
        <control type="image">
          <include>InfoListFlagVars</include>
          <texture>flags/rating/FSK-6.png</texture>
          <visible>SubString(ListItem.mpaa,Germany:6) | SubString(ListItem.mpaa,ab 6) | SubString(ListItem.mpaa,6)</visible>
        </control>
        <control type="image">
          <include>InfoListFlagVars</include>
          <texture>flags/rating/FSK-12.png</texture>
          <visible>[SubString(ListItem.mpaa,Germany:12) | SubString(ListItem.mpaa,ab 12) | SubString(ListItem.mpaa,12)]+!SubString(ListItem.mpaa,UK:12)</visible>
        </control>
        <control type="image">
          <include>InfoListFlagVars</include>
          <texture>flags/rating/FSK-16.png</texture>
          <visible>SubString(ListItem.mpaa,Germany:16) | SubString(ListItem.mpaa,ab 16) | SubString(ListItem.mpaa,16)</visible>
        </control>
        <control type="image">
          <include>InfoListFlagVars</include>
          <texture>flags/rating/FSK-18.png</texture>
          <visible>[SubString(ListItem.mpaa,Germany:18) | SubString(ListItem.mpaa,ab 18) | SubString(ListItem.mpaa,18)]+!SubString(ListItem.mpaa,UK:18)</visible>
        </control>
      </control>
      <control type="image">
        <posx>950</posx>
        <posy>403</posy>
        <include>InfoListFlagVars</include>
        <texture>$INFO[ListItem.VideoResolution,flags/resolution/,.png]</texture>
      </control>
      <control type="image">
        <posx>1050</posx>
        <posy>403</posy>
        <include>InfoListFlagVars</include>
        <texture>flags/audio/dtsma.png</texture>
        <visible>substring(ListItem.AudioCodec,dtsma)</visible>
      </control>
      <control type="image">
        <posx>1050</posx>
        <posy>403</posy>
        <include>InfoListFlagVars</include>
        <texture>flags/audio/truehd.png</texture>
        <visible>substring(ListItem.AudioCodec,truehd)</visible>
      </control>
      <control type="image">
        <posx>1050</posx>
        <posy>403</posy>
        <include>InfoListFlagVars</include>
        <texture>flags/audio/dts.png</texture>
        <visible>substring(ListItem.AudioCodec,dca)</visible>
      </control>
	   <control type="image">
        <posx>1050</posx>
        <posy>403</posy>
       <include>InfoListFlagVars</include>
       <texture>flags/audio/dts.png</texture>
        <visible>substring(ListItem.AudioCodec,dts)+!substring(ListItem.AudioCodec,dtsma)</visible>
      </control>
      <control type="image">
        <posx>1050</posx>
        <posy>403</posy>
        <include>InfoListFlagVars</include>
        <texture>flags/audio/dolbydigital.png</texture>
        <visible>substring(ListItem.AudioCodec,ac3)+!substring(ListItem.AudioChannels,2)</visible>
      </control>
      <control type="image">
        <posx>1050</posx>
        <posy>403</posy>
        <include>InfoListFlagVars</include>
        <texture>flags/audio/dolbypro.png</texture>
        <visible>substring(ListItem.AudioCodec,ac3)+substring(ListItem.AudioChannels,2)</visible>
      </control>
      <control type="image">
        <posx>1050</posx>
        <posy>403</posy>
        <include>InfoListFlagVars</include>
        <texture>flags/audio/mp3.png</texture>
        <visible>substring(ListItem.AudioCodec,mp3)</visible>
      </control>
      <control type="image">
        <posx>1050</posx>
        <posy>403</posy>
        <include>InfoListFlagVars</include>
        <texture>flags/audio/aac.png</texture>
        <visible>substring(ListItem.AudioCodec,aac)</visible>
      </control>
      <control type="textbox">
        <description>Plot</description>
        <posx>730</posx>
        <posy>475</posy>
        <width>440</width>
        <height>125</height>
        <align>left</align>
        <font>Font_Reg15</font>
        <label fallback="312577">$INFO[ListItem.Plot]</label>
        <autoscroll delay="5000" time="1000" repeat="10000">Skin.HasSetting(AutoScroll)</autoscroll>
        <textcolor>FFececec</textcolor>
      </control>
      </control>
      <control type="textbox">
        <description>Plot</description>
        <posx>730</posx>
        <posy>393</posy>
        <width>440</width>
        <height>207</height>
        <align>left</align>
        <font>Font_Reg15</font>
        <label fallback="312577">$INFO[ListItem.Plot]</label>
        <autoscroll delay="5000" time="1000" repeat="10000">Skin.HasSetting(AutoScroll)</autoscroll>
        <textcolor>FFececec</textcolor>
        <visible>Skin.HasSetting(infolistplotonly)</visible>
      </control>
      <control type="group">
        <animation effect="slide" time="700" start="-800,0" end="0,0" tween="cubic" easing="out">WindowOpen</animation>
        <animation effect="slide" time="700" start="0,0" end="-800,0" tween="cubic" easing="out">WindowClose</animation>
        <animation effect="slide" time="700" start="-800,0" end="0,0" tween="cubic" easing="out">Visible</animation>
        <animation effect="fade" time="200" start="100" end="0">Hidden</animation>
        <control type="image">
          <include>Animation_CommonFade</include>
          <posx>60</posx>
          <posy>112</posy>
          <width>553</width>
          <height>608</height>
          <texture background="true">views/listpanel_black.png</texture>
          <visible>!Skin.HasSetting(listpanelthin)</visible>
        </control>
        <control type="image">
          <include>Animation_CommonFade</include>
          <posx>60</posx>
          <posy>112</posy>
          <width>553</width>
          <height>608</height>
          <texture>views/listpanel_back.png</texture>
        </control>
        <control type="image">
          <posx>510</posx>
          <posy>121</posy>
          <width>53</width>
          <height>533</height>
          <texture>views/listpanel_detailwide.png</texture>
          <visible>Skin.HasSetting(sliminfolist)</visible>
        </control>
        <control type="list" id="505">
          <visible>Container.Content(episodes)</visible>
          <posx>60</posx>
          <posy>142</posy>
          <width>771</width>
          <height>485</height>
          <onleft>68</onleft>
          <onright>SetFocus(9000)</onright>
          <onup>505</onup>
          <ondown>505</ondown>
          <orientation>vertical</orientation>
          <viewtype label="$LOCALIZE[31235]">BigWrap</viewtype>
          <pagecontrol>68</pagecontrol>
          <scrolltime>200</scrolltime>
          <preloaditems>2</preloaditems>
          <!--<focusposition>4</focusposition>-->
          <itemlayout height="44" width="550" condition="Skin.HasSetting(sliminfolist)">
            <control type="image">
              <posx>1</posx>
              <posy>43</posy>
              <height>1</height>
              <width>549</width>
              <texture background="true">views/listpanel_line.png</texture>
            </control>
            <control type="label">
              <posx>20</posx>
              <posy>0</posy>
              <width>430</width>
              <height>44</height>
              <align>left</align>
              <aligny>center</aligny>
              <include>listcolornofocus</include>
              <font>Font_Bold16</font>
              <label>[UPPERCASE]$INFO[ListItem.Label][/UPPERCASE]</label>
            </control>
            <control type="label">
              <posx>475</posx>
              <posy>0</posy>
              <width>53</width>
              <height>44</height>
              <align>center</align>
              <aligny>center</aligny>
              <include>listcolornofocus</include>
              <font>Font_Bold16</font>
              <label>[UPPERCASE]$INFO[ListItem.Label2][/UPPERCASE]</label>
            </control>
            <control type="image">
              <posx>513</posx>
              <posy>14</posy>
              <width>20</width>
              <height>20</height>
              <visible>!IsEmpty(ListItem.Overlay)</visible>
              <info>ListItem.Overlay</info>
            </control>
          </itemlayout>
          <focusedlayout height="44" width="550" condition="Skin.HasSetting(sliminfolist)">
            <control type="image">
              <posx>1</posx>
              <posy>43</posy>
              <height>1</height>
              <width>549</width>
              <texture background="true">views/listpanel_line.png</texture>
            </control>
            <control type="image">
              <posx>6</posx>
              <posy>-3</posy>
              <width>540</width>
              <height>50</height>
              <aspectratio scalediffuse="false">scale</aspectratio>
              <texture background="true">views/listpanel_selectbar.png</texture>
            </control>
            <control type="label">
              <posx>20</posx>
              <posy>0</posy>
              <width>430</width>
              <height>44</height>
              <align>left</align>
              <aligny>center</aligny>
              <include>listcolorfocus</include>
              <font>Font_Bold16</font>
              <label>[UPPERCASE]$INFO[ListItem.Label][/UPPERCASE]</label>
            </control>
            <control type="label">
              <posx>475</posx>
              <posy>0</posy>
              <width>53</width>
              <height>44</height>
              <align>center</align>
              <aligny>center</aligny>
              <include>listcolorfocus</include>
              <font>Font_Bold16</font>
              <label>[UPPERCASE]$INFO[ListItem.Label2][/UPPERCASE]</label>
            </control>
            <control type="image">
              <posx>513</posx>
              <posy>14</posy>
              <width>20</width>
              <height>20</height>
              <visible>!IsEmpty(ListItem.Overlay)</visible>
              <info>ListItem.Overlay</info>
            </control>
          </focusedlayout>
          <itemlayout height="60" width="550" condition="!Skin.HasSetting(sliminfolist)">
            <control type="image">
              <posx>1</posx>
              <posy>59</posy>
              <height>1</height>
              <width>549</width>
              <texture background="true">views/listpanel_line.png</texture>
            </control>
            <control type="label">
              <posx>20</posx>
              <posy>0</posy>
              <width>550</width>
              <height>60</height>
              <align>left</align>
              <aligny>center</aligny>
              <include>listcolornofocus</include>
              <font>Font_Bold28</font>
              <label>[UPPERCASE]$INFO[ListItem.Episode][/UPPERCASE]</label>
            </control>
            <control type="label">
              <posx>20</posx>
              <posy>0</posy>
              <width>430</width>
              <height>60</height>
              <align>left</align>
              <aligny>center</aligny>
              <include>listcolornofocus</include>
              <font>Font_Bold28</font>
              <label>[UPPERCASE]..[/UPPERCASE]</label>
              <visible>IsEmpty(ListItem.Title)</visible>
            </control>
            <control type="label">
              <posx>60</posx>
              <posy>5</posy>
              <width>430</width>
              <height>30</height>
              <align>left</align>
              <aligny>center</aligny>
              <include>listcolornofocus</include>
              <font>Font_Bold20</font>
              <label>[UPPERCASE]$INFO[ListItem.Title][/UPPERCASE]</label>
            </control>
            <control type="label">
              <posx>60</posx>
              <posy>25</posy>
              <width>490</width>
              <height>30</height>
              <align>left</align>
              <aligny>center</aligny>
              <include>listcolornofocus</include>
              <font>Font_Reg15</font>
              <label>[LOWERCASE]$INFO[ListItem.Premiered] • $INFO[ListItem.Label2][/LOWERCASE]</label>
              <visible>!IsEmpty(ListItem.Title)</visible>
            </control>
            <control type="image">
              <posx>503</posx>
              <posy>15</posy>
              <width>30</width>
              <height>30</height>
              <visible>!IsEmpty(ListItem.Overlay)</visible>
              <info>ListItem.Overlay</info>
            </control>
          </itemlayout>
          <focusedlayout height="60" widthe="550" condition="!Skin.HasSetting(sliminfolist)">
            <control type="image">
              <posx>1</posx>
              <posy>59</posy>
              <height>1</height>
              <width>549</width>
              <texture background="true">views/listpanel_line.png</texture>
            </control>
            <control type="image">
              <posx>6</posx>
              <posy>-6</posy>
              <width>540</width>
              <height>72</height>
              <aspectratio scalediffuse="false">scale</aspectratio>
              <texture background="true">views/listpanel_selectbar.png</texture>
            </control>
            <control type="label">
              <posx>20</posx>
              <posy>0</posy>
              <width>490</width>
              <height>60</height>
              <align>left</align>
              <aligny>center</aligny>
              <include>listcolorfocus</include>
              <font>Font_Bold28</font>
              <label>[UPPERCASE]$INFO[ListItem.Episode][/UPPERCASE]</label>
            </control>
            <control type="label">
              <posx>20</posx>
              <posy>0</posy>
              <width>550</width>
              <height>60</height>
              <align>left</align>
              <aligny>center</aligny>
              <include>listcolorfocus</include>
              <font>Font_Bold28</font>
              <label>[UPPERCASE]..[/UPPERCASE]</label>
              <visible>IsEmpty(ListItem.Title)</visible>
            </control>
            <control type="label">
              <posx>60</posx>
              <posy>5</posy>
              <width>430</width>
              <height>30</height>
              <align>left</align>
              <aligny>center</aligny>
              <include>listcolorfocus</include>
              <font>Font_Bold20</font>
              <label>[UPPERCASE]$INFO[ListItem.Title][/UPPERCASE]</label>
            </control>
            <control type="label">
              <posx>60</posx>
              <posy>25</posy>
              <width>490</width>
              <height>30</height>
              <align>left</align>
              <aligny>center</aligny>
              <include>listcolorfocus</include>
              <font>Font_Reg15</font>
              <label>[LOWERCASE]$INFO[ListItem.Premiered] • $INFO[ListItem.Label2][/LOWERCASE]</label>
              <visible>!IsEmpty(ListItem.Title)</visible>
            </control>
            <control type="image">
              <posx>503</posx>
              <posy>15</posy>
              <width>30</width>
              <height>30</height>
              <visible>!IsEmpty(ListItem.Overlay)</visible>
              <info>ListItem.Overlay</info>
            </control>
          </focusedlayout>
        </control>

        <control type="scrollbar" id="68">
          <posx>15</posx>
          <posy>143</posy>
          <width>65</width>
          <height>500</height>
          <visible allowhiddenfocus="true">Control.IsVisible(505)</visible>
          <texturesliderbackground>views/scrollbarbacklist.png</texturesliderbackground>
          <texturesliderbar>-</texturesliderbar>
          <texturesliderbarfocus>-</texturesliderbarfocus>
          <textureslidernib>views/scrollbarnub-nofocus.png</textureslidernib>
          <textureslidernibfocus>views/scrollbarnub-focus.png</textureslidernibfocus>
          <pulseonselect>no</pulseonselect>
          <onleft>SetFocus(9000)</onleft>
          <onright>505</onright>
          <showonepage>true</showonepage>
          <orientation>vertical</orientation>
        </control>
     
        <control type="label" id="161">
          <posx>492</posx>
          <posy>640</posy>
          <width>85</width>
          <height>41</height>
          <font>Font_Reg15</font>
          <align>center</align>
          <aligny>center</aligny>
          <textcolor>ff969696</textcolor>
          <label>$LOCALIZE[31024] $INFO[Container(505).CurrentPage]/$INFO[Container(505).NumPages]</label>
        </control>
        <control type="label" id="161">
          <posx>80</posx>
          <posy>640</posy>
          <width>180</width>
          <height>41</height>
          <font>Font_Reg15</font>
          <align>left</align>
          <aligny>center</aligny>
          <textcolor>ff969696</textcolor>
          <label>$INFO[Container(505).NumItems] $LOCALIZE[31025] ($INFO[Container(505).Totaltime])</label>
          <visible>[!Container(505).HasFolders|Container.Content(movies)]+!Window.IsActive(pictures)+!Window.IsActive(addonbrowser)+!Window.IsActive(videofiles)</visible>
        </control>
        <control type="label" id="161">
          <posx>80</posx>
          <posy>640</posy>
          <width>180</width>
          <height>41</height>
          <font>Font_Reg15</font>
          <align>left</align>
          <aligny>center</aligny>
          <textcolor>ff969696</textcolor>
          <label>$INFO[Container(505).NumItems] $LOCALIZE[31025]</label>
          <visible>[Container(505).HasFolders+!Container.Content(movies)]|Window.IsActive(pictures)|Window.IsActive(addonbrowser)|Window.IsActive(videofiles)</visible>
        </control>
        <control type="label" id="161">
          <posx>710</posx>
          <posy>607</posy>
          <width>475</width>
          <height>41</height>
          <font>Font_Reg15</font>
          <align>center</align>
          <aligny>center</aligny>
          <textcolor>ff969696</textcolor>
          <label>[UPPERCASE]$INFO[ListItem.TVShowTitle] • $LOCALIZE[20373] $INFO[ListItem.Season][/UPPERCASE]</label>
        </control>
      </control>
      <control type="image">
        <posx>770</posx>
        <posy>15</posy>
        <width>360</width>
        <height>140</height>
        <aspectratio>stretch</aspectratio>
        <fadetime>400</fadetime>
        <texture background="true">$INFO[ListItem.Path]../logo.png</texture>
        <visible>!Window.IsActive(videofiles)++Container.Content(episodes)</visible>
      </control>
    </control>

  </include>

  <include name="nativebanners">
    <itemlayout height="110" width="560">
      <control type="image">
        <posx>5</posx>
        <posy>5</posy>
        <width>550</width>
        <height>101</height>
        <scalediffuse>false</scalediffuse>
        <aspectratio>keep</aspectratio>
        <texture background="true" diffuse="thumbs/banner_wall_mask.png">DefaultBanner.png</texture>
        <info>ListItem.Icon</info>
      </control>
      <control type="image">
        <posx>5</posx>
        <posy>5</posy>
        <width>550</width>
        <height>101</height>
        <scalediffuse>true</scalediffuse>
        <aspectratio>keep</aspectratio>
        <colordiffuse>55FFFFFF</colordiffuse>
        <texture background="true" diffuse="thumbs/banner_wall_mask.png">common/black.png</texture>
        <visible>!IsEmpty(ListItem.Thumb)</visible>
      </control>
      <control type="image">
        <posx>535</posx>
        <posy>88</posy>
        <width>20</width>
        <height>20</height>
        <texture>$INFO[ListItem.Overlay]</texture>
        <visible>Window.IsVisible(VideoLibrary) | Window.IsVisible(VideoFiles)</visible>
      </control>
    </itemlayout>
    <focusedlayout height="110" width="560">
      <control type="image">
        <posx>5</posx>
        <posy>5</posy>
        <width>550</width>
        <height>101</height>
        <bordertexture border="-8000,-50,-8000,-50">thumbs/banner_shadow.png</bordertexture>
        <scalediffuse>false</scalediffuse>
        <aspectratio>keep</aspectratio>
        <texture background="true" diffuse="thumbs/banner_wall_mask.png">DefaultBanner.png</texture>
        <info>ListItem.Icon</info>
        <visible>!IsEmpty(ListItem.Thumb)</visible>
        <animation effect="zoom" center="auto" start="100" end="102" time="200" tween="cubic" easing="out">Focus</animation>
      </control>
      <control type="image">
        <posx>5</posx>
        <posy>5</posy>
        <width>550</width>
        <height>101</height>
        <scalediffuse>false</scalediffuse>
        <aspectratio>keep</aspectratio>
        <texture background="true" diffuse="thumbs/banner_wall_mask.png">common/black.png</texture>
        <info>ListItem.Icon</info>
        <visible>IsEmpty(ListItem.Thumb)</visible>
        <animation effect="zoom" center="auto" start="100" end="118" time="200" tween="cubic" easing="out">Focus</animation>
      </control>
      <control type="image">
        <posx>535</posx>
        <posy>88</posy>
        <width>20</width>
        <height>20</height>
        <aspectratio>scale</aspectratio>
        <scalediffuse>false</scalediffuse>
        <texture>$INFO[ListItem.Overlay]</texture>
        <visible>Window.IsVisible(VideoLibrary) | Window.IsVisible(VideoFiles)</visible>
        <animation effect="zoom" center="auto" start="100" end="118" time="200" tween="cubic" easing="out">Focus</animation>
      </control>
    </focusedlayout>
  </include>
  <include name="nativeposters">
    <itemlayout height="110" width="560">
      <control type="image">
        <posx>5</posx>
        <posy>5</posy>
        <width>550</width>
        <height>101</height>
        <scalediffuse>false</scalediffuse>
        <aspectratio>keep</aspectratio>
        <texture background="true" diffuse="thumbs/banner_wall_mask.png">DefaultBanner.png</texture>
        <info>ListItem.Path,,banner.jpg</info>
      </control>
      <control type="image">
        <posx>5</posx>
        <posy>5</posy>
        <width>550</width>
        <height>101</height>
        <scalediffuse>true</scalediffuse>
        <colordiffuse>AAFFFFFF</colordiffuse>
        <texture background="true" diffuse="thumbs/banner_wall_mask.png">common/black.png</texture>
        <visible>!IsEmpty(ListItem.Thumb)</visible>
      </control>
      <control type="image">
        <posx>535</posx>
        <posy>88</posy>
        <width>20</width>
        <height>20</height>
        <texture>$INFO[ListItem.Overlay]</texture>
        <visible>Window.IsVisible(VideoLibrary) | Window.IsVisible(VideoFiles)</visible>
      </control>
    </itemlayout>
    <focusedlayout height="110" width="560">
      <control type="image">
        <posx>5</posx>
        <posy>5</posy>
        <width>550</width>
        <height>101</height>
        <bordertexture border="-9000">thumbs/banner_shadow.png</bordertexture>
        <scalediffuse>false</scalediffuse>
        <aspectratio>keep</aspectratio>
        <texture background="true" diffuse="thumbs/banner_wall_mask.png">DefaultBanner.png</texture>
        <info>ListItem.Path,,banner.jpg</info>
        <animation effect="zoom" center="auto" start="100" end="102" time="200" tween="cubic" easing="out">Focus</animation>
        <visible>!IsEmpty(ListItem.Title)</visible>
      </control>
      <control type="image">
        <posx>535</posx>
        <posy>88</posy>
        <width>20</width>
        <height>20</height>
        <texture>$INFO[ListItem.Overlay]</texture>
        <visible>Window.IsVisible(VideoLibrary) | Window.IsVisible(VideoFiles)</visible>
        <animation effect="zoom" center="auto" start="100" end="118" time="200" tween="cubic" easing="out">Focus</animation>
      </control>
      <!--<control type="image">
        <posx>500</posx>
        <posy>5</posy>
        <width>40</width>
        <height>40</height>
        <aspectratio>scale</aspectratio>
        <scalediffuse>false</scalediffuse>
        <texture>thumbs/OverlayWatched.png</texture>
        <visible>StringCompare(ListItem.Overlay,OverlayWatched.png)</visible>
        <animation effect="zoom" center="auto" start="100" end="118" time="200" tween="cubic" easing="out">Focus</animation>
      </control>-->
    </focusedlayout>
  </include>
  <include name="BannerWallHor">
    <control type="panel" id="51">
      <posx>80</posx>
      <posy>90</posy>
      <width>1120</width>
      <height>555</height>
      <onleft>51</onleft>
      <onright>51</onright>
      <onup>SetFocus(9000)</onup>
      <ondown>60</ondown>
      <visible>Container.Content(tvshows)</visible>
      <viewtype label="$LOCALIZE[31231]">Wide Icon</viewtype>
      <pagecontrol>60</pagecontrol>
      <scrolltime>200</scrolltime>
      <preloaditems>2</preloaditems>
      <orientation>horizontal</orientation>
      <include condition="!Skin.HasSetting(TVShowsUsePosters)">nativebanners</include>
      <include condition="Skin.HasSetting(TVShowsUsePosters)">nativeposters</include>
    </control>
    <control type="scrollbar" id="60">
      <posx>305</posx>
      <posy>670</posy>
      <width>670</width>
      <height>41</height>
      <animation effect="fade" start="100" end="0" time="400" condition="Control.HasFocus(109)">Conditional</animation>
      <visible allowhiddenfocus="true">Control.HasFocus(60)</visible>
      <texturesliderbackground border="14,0,14,0">views/scrollBarH.png</texturesliderbackground>
      <texturesliderbar border="14,0,14,0">views/scrollBarH_bar.png</texturesliderbar>
      <texturesliderbarfocus border="14,0,14,0">views/scrollBarH_bar_focus.png</texturesliderbarfocus>
      <textureslidernib>views/scrollBarNib.png</textureslidernib>
      <textureslidernibfocus>views/scrollBarNib.png</textureslidernibfocus>
      <pulseonselect>yes</pulseonselect>
      <onup>51</onup>
      <ondown>SetFocus(109)</ondown>
      <showonepage>false</showonepage>
      <orientation>horizontal</orientation>
    </control>
    <control type="image">
      <posx>57</posx>
      <posy>98</posy>
      <width>20</width>
      <height>524</height>
      <texture>wall/wall_arrow.png</texture>
      <visible>Control.IsVisible(51)+!Control.HasFocus(109)</visible>
      <animation effect="slide" start="-100" end="0" delay="800" time="400" easing="out" tween="cubic">WindowOpen</animation>
    </control>
    <control type="image">
      <posx>1203</posx>
      <posy>98</posy>
      <width>20</width>
      <height>524</height>
      <texture flipx="true">wall/wall_arrow.png</texture>
      <visible>Control.IsVisible(51)+!Control.HasFocus(109)</visible>
      <animation effect="slide" start="100" end="0" delay="800" time="400" easing="out" tween="cubic">WindowOpen</animation>
    </control>
  </include>
  <include name="BannerWallVert">
    <control type="panel" id="51">
      <posx>80</posx>
      <posy>90</posy>
      <width>1120</width>
      <height>555</height>
      <onleft>SetFocus(9000)</onleft>
      <onright>60</onright>
      <onup>51</onup>
      <ondown>51</ondown>
      <visible>Container.Content(tvshows)</visible>
      <animation effect="fade" start="100" end="0" time="400" condition="Control.HasFocus(109)">Conditional</animation>
      <viewtype label="$LOCALIZE[31231]">Wide Icon</viewtype>
      <pagecontrol>60</pagecontrol>
      <scrolltime>200</scrolltime>
      <preloaditems>2</preloaditems>
      <orientation>vertical</orientation>
      <include condition="!Skin.HasSetting(TVShowsUsePosters)">nativebanners</include>
      <include condition="Skin.HasSetting(TVShowsUsePosters)">nativeposters</include>
    </control>
    <control type="scrollbar" id="60">
      <posx>1227</posx>
      <posy>92</posy>
      <width>65</width>
      <height>548</height>
      <visible allowhiddenfocus="true">Control.HasFocus(60)</visible>
      <texturesliderbackground>views/scrollbarbacklist.png</texturesliderbackground>
      <texturesliderbar>-</texturesliderbar>
      <texturesliderbarfocus>-</texturesliderbarfocus>
      <textureslidernib>views/scrollbarnub-nofocus.png</textureslidernib>
      <textureslidernibfocus>views/scrollbarnub-focus.png</textureslidernibfocus>
      <orientation>vertical</orientation>
      <showonepage>false</showonepage>
      <pulseonselect>yes</pulseonselect>
      <onleft>51</onleft>
      <onright>SetFocus(109)</onright>
    </control>
  </include>
	<include name="BannerWall">
		<control type="group">
			<visible>Control.IsVisible(51)</visible>
			<include>VisibleFadeEffect</include>
      <control type="image">
        <width>1280</width>
        <height>720</height>
        <texture>common/black.png</texture>
        <colordiffuse>CCffffff</colordiffuse>
        <visible>!Control.HasFocus(109)</visible>
        <animation effect="fade" start="100" end="0" time="400">Hidden</animation>
      </control>
      <control type="image">
        <width>1280</width>
        <height>720</height>
        <texture>common/black.png</texture>
        <colordiffuse>FFffffff</colordiffuse>
        <visible>!Skin.HasSetting(bannerwalldark)+!Control.HasFocus(109)</visible>
        <include>Animation_WindowFade200</include>
        <animation effect="fade" start="0" end="100" time="400">VisibleChange</animation>
      </control>
      <include condition="!Skin.HasSetting(BannerwallVertical)">BannerWallHor</include>
      <include condition="Skin.HasSetting(BannerwallVertical)">BannerWallVert</include>
      <control type="group">
        <visible>!Control.HasFocus(109)</visible>
        <include>Animation_HideMultiplex</include>
        <control type="label">
          <posx>340</posx>
          <posy>670</posy>
          <width>600</width>
          <align>center</align>
          <aligny>center</aligny>
          <include>Animation_CommonFade</include>
          <font>Font_Info</font>
          <textcolor>floor</textcolor>
          <shadowcolor>black</shadowcolor>
          <label>[UPPERCASE]$INFO[ListItem.Label2] ($LOCALIZE[16101]: $INFO[ListItem.Property(UnWatchedEpisodes)])[/UPPERCASE]</label>
          <visible>!Control.HasFocus(60)+!ControlGroup(9000).HasFocus+!IsEmpty(ListItem.Title)+Container.Content(tvshows)+!Skin.HasSetting(wallgenre)</visible>
        </control>
        <control type="label">
          <posx>340</posx>
          <posy>670</posy>
          <width>600</width>
          <align>center</align>
          <aligny>center</aligny>
          <include>Animation_CommonFade</include>
          <font>Font_Info</font>
          <textcolor>floor</textcolor>
          <shadowcolor>black</shadowcolor>
          <label>[UPPERCASE]$INFO[ListItem.Genre][/UPPERCASE]</label>
          <visible>!Control.HasFocus(60)+!ControlGroup(9000).HasFocus+!IsEmpty(ListItem.Title)+Skin.HasSetting(wallgenre)</visible>
        </control>
        <control type="label">
          <posx>340</posx>
          <posy>693</posy>
          <width>600</width>
          <align>center</align>
          <aligny>center</aligny>
          <include>Animation_CommonFade</include>
          <font>Font_ShowcaseMainLabel2</font>
          <textcolor>floor</textcolor>
          <shadowcolor>black</shadowcolor>
          <label>[UPPERCASE]$INFO[ListItem.Label][/UPPERCASE]</label>
          <visible>!Control.HasFocus(60)+!ControlGroup(9000).HasFocus</visible>
        </control>
        <control type="label">
          <posx>340</posx>
          <posy>693</posy>
          <width>600</width>
          <align>center</align>
          <aligny>center</aligny>
          <include>Animation_CommonFade</include>
          <font>Font_ShowcaseMainLabel2</font>
          <textcolor>floor</textcolor>
          <shadowcolor>black</shadowcolor>
          <label>[UPPERCASE]$INFO[Container.NumItems] $LOCALIZE[31025] | $LOCALIZE[31024] $INFO[Container.CurrentPage]/$INFO[Container.NumPages][/UPPERCASE]</label>
          <visible>ControlGroup(9000).HasFocus|Control.HasFocus(60)+Skin.HasSetting(BannerwallVertical)</visible>
        </control>

      </control>
    
      <include>FloorFlags</include>
		</control>
	</include>
</includes>
