<?xml version="1.0"?>
<window id="101">
  <zorder>1</zorder>
  <coordinates>
    <system>1</system>
    <posx>0</posx>
    <posy>0</posy>
  </coordinates>
  <include>Animation_OpenCloseZoom</include>
  <controls>
    <control type="group">
      <include>SmallerDialogs</include>
      <include>Dialogs_Group</include>
      <include>Dialogs_Tablet</include>
      <control type="progress" id="404">
        <include>Dialogs_Progress</include>
        <info>System.Progressbar</info>
      </control>
      <include>Dialogs_HardDrive</include>
      <control type="label" id="1">
        <include>Dialogs_Label1</include>
      </control>
      <control type="label" id="2">
        <include>Dialogs_Label2</include>
      </control>
      <control type="label" id="3">
        <include>Dialogs_Label3</include>
      </control>
      <control type="label" id="4">
        <include>Dialogs_Label4</include>
      </control>
    </control>
  </controls>
</window>
