<includes>
  <include name="InfoPane_Fanart_Movies">
    <control type="group">
      <visible>Container.Content(movies)+!ListItem.IsFolder+[[Skin.HasSetting(fanartinfopane)+Control.IsVisible(501)]|[Skin.HasSetting(fanartinfopane503)+Control.IsVisible(503)]|[Skin.HasSetting(fanartinfopane504)+Control.IsVisible(504)]]</visible>
      <posx>105</posx>
      <posy>42</posy>
      <control type="label">
        <posx>0</posx>
        <posy>-2</posy>
        <height>13</height>
        <width>280</width>
        <font>Font_Info</font>
        <textcolor>abFFFFFF</textcolor>
        <label>$LOCALIZE[20339]:</label>
      </control>
      <control type="label">
        <posx>0</posx>
        <posy>17</posy>
        <height>13</height>
        <width>200</width>
        <font>Font_Info</font>
        <textcolor>white</textcolor>
        <label fallback="312577">$INFO[ListItem.Director]</label>
      </control>
      <control type="label">
        <posx>235</posx>
        <posy>-2</posy>
        <height>13</height>
        <width>280</width>
        <font>Font_Info</font>
        <textcolor>abFFFFFF</textcolor>
        <label>$LOCALIZE[20417]:</label>
      </control>
      <control type="label">
        <posx>235</posx>
        <posy>17</posy>
        <height>13</height>
        <width>200</width>
        <font>Font_Info</font>
        <textcolor>white</textcolor>
        <label fallback="312577">$INFO[ListItem.Writer]</label>
      </control>
      <control type="label">
        <posx>0</posx>
        <posy>45</posy>
        <height>13</height>
        <width>280</width>
        <font>Font_Info</font>
        <textcolor>abFFFFFF</textcolor>
        <label>$LOCALIZE[345]:</label>
      </control>
      <control type="label">
        <posx>0</posx>
        <posy>64</posy>
        <height>13</height>
        <width>200</width>
        <font>Font_Info</font>
        <textcolor>white</textcolor>
        <label fallback="312577">$INFO[ListItem.Year]</label>
      </control>
      <control type="label">
        <posx>235</posx>
        <posy>45</posy>
        <height>13</height>
        <width>280</width>
        <font>Font_Info</font>
        <textcolor>abFFFFFF</textcolor>
        <label>$LOCALIZE[368]:</label>
      </control>
      <control type="fadelabel">
        <posx>235</posx>
        <posy>64</posy>
        <height>13</height>
        <width>200</width>
        <font>Font_Info</font>
        <textcolor>white</textcolor>
        <scrollspeed>200</scrollspeed>
        <pauseatend>3000</pauseatend>
        <scrollout>false</scrollout>
        <label fallback="312577">$INFO[ListItem.RatingAndVotes]</label>
        <label fallback="312577">$LOCALIZE[13409] #$INFO[ListItem.Top250]</label>
        <visible>!IsEmpty(ListItem.Top250)</visible>
      </control>
      <control type="label">
        <posx>235</posx>
        <posy>64</posy>
        <height>13</height>
        <width>200</width>
        <font>Font_Info</font>
        <textcolor>white</textcolor>
        <label fallback="312577">$INFO[ListItem.RatingAndVotes]</label>
        <visible>IsEmpty(ListItem.Top250)</visible>
      </control>
      <control type="label">
        <posx>0</posx>
        <posy>95</posy>
        <height>13</height>
        <width>280</width>
        <font>Font_Info</font>
        <textcolor>abFFFFFF</textcolor>
        <label>$LOCALIZE[2050]:</label>
      </control>
      <control type="label">
        <posx>0</posx>
        <posy>115</posy>
        <height>13</height>
        <width>200</width>
        <font>Font_Info</font>
        <textcolor>white</textcolor>
        <label>$INFO[ListItem.Duration] $LOCALIZE[12391]</label>
        <visible>!IsEmpty(ListItem.Duration)</visible>
      </control>
      <control type="label">
        <posx>0</posx>
        <posy>115</posy>
        <height>13</height>
        <width>200</width>
        <font>Font_Info</font>
        <textcolor>white</textcolor>
        <label>$LOCALIZE[312577]</label>
        <visible>IsEmpty(ListItem.Duration)</visible>
      </control>
      <control type="group">
        <visible>!Skin.HasSetting(audiosublabel)</visible>
        <control type="label">
          <posx>235</posx>
          <posy>95</posy>
          <height>13</height>
          <width>280</width>
          <font>Font_Info</font>
          <textcolor>abFFFFFF</textcolor>
          <label>$LOCALIZE[21875]:</label>
        </control>
        <control type="label">
          <posx>235</posx>
          <posy>115</posy>
          <height>13</height>
          <width>200</width>
          <font>Font_Info</font>
          <textcolor>white</textcolor>
          <label fallback="312577">$INFO[ListItem.Country]</label>
        </control>
      </control>
      <control type="group">
        <visible>Skin.HasSetting(audiosublabel)</visible>
        <control type="label">
          <posx>235</posx>
          <posy>95</posy>
          <height>13</height>
          <width>280</width>
          <font>Font_Info</font>
          <textcolor>abFFFFFF</textcolor>
          <label>$LOCALIZE[460] / $LOCALIZE[462]:</label>
        </control>
        <control type="label">
          <posx>235</posx>
          <posy>115</posy>
          <height>13</height>
          <width>280</width>
          <font>Font_Info</font>
          <textcolor>white</textcolor>
          <label>[UPPERCASE]$INFO[ListItem.AudioLanguage] / $INFO[ListItem.SubtitleLanguage][/UPPERCASE]</label>
          <visible>!IsEmpty(ListItem.AudioLanguage)+!IsEmpty(ListItem.SubtitleLanguage)</visible>
        </control>
        <control type="label">
          <posx>235</posx>
          <posy>115</posy>
          <height>13</height>
          <width>280</width>
          <font>Font_Info</font>
          <textcolor>white</textcolor>
          <label>[UPPERCASE]$INFO[ListItem.AudioLanguage][/UPPERCASE] / $LOCALIZE[16018]</label>
          <visible>!IsEmpty(ListItem.AudioLanguage)+IsEmpty(ListItem.SubtitleLanguage)</visible>
        </control>
        <control type="label">
          <posx>235</posx>
          <posy>115</posy>
          <height>13</height>
          <width>280</width>
          <font>Font_Info</font>
          <textcolor>white</textcolor>
          <label>$LOCALIZE[312577] / [UPPERCASE]$INFO[ListItem.SubtitleLanguage][/UPPERCASE]</label>
          <visible>IsEmpty(ListItem.AudioLanguage)+!IsEmpty(ListItem.SubtitleLanguage)</visible>
        </control>
        <control type="label">
          <posx>235</posx>
          <posy>115</posy>
          <height>13</height>
          <width>280</width>
          <font>Font_Info</font>
          <textcolor>white</textcolor>
          <label>$LOCALIZE[312577] / $LOCALIZE[16018]</label>
          <visible>IsEmpty(ListItem.AudioLanguage)+IsEmpty(ListItem.SubtitleLanguage)</visible>
        </control>
      </control>
      <control type="textbox">
        <posx>0</posx>
        <posy>152</posy>
        <width>435</width>
        <height>153</height>
        <font>Font_Info</font>
        <label>$INFO[ListItem.PlotOutline]</label>
        <textcolor>d0FFFFFF</textcolor>
        <autoscroll delay="8000" time="2000" repeat="8000">Skin.HasSetting(AutoScroll)</autoscroll>
        <visible>!Skin.HasSetting(preferplot)</visible>
      </control>
      <control type="textbox">
        <posx>0</posx>
        <posy>152</posy>
        <width>435</width>
        <height>153</height>
        <font>Font_Info</font>
        <label fallback="312577">$INFO[ListItem.Plot]</label>
        <textcolor>d0FFFFFF</textcolor>
        <autoscroll delay="8000" time="2000" repeat="8000">Skin.HasSetting(AutoScroll)</autoscroll>
        <visible>IsEmpty(ListItem.PlotOutline)|Skin.HasSetting(preferplot)</visible>
      </control>
    </control>
  </include>
  <include name="InfoPane_Fanart_Episodes">
    <control type="image">
      <posx>103</posx>
      <posy>-28</posy>
      <width>160</width>
      <height>60</height>
      <texture background="true">$INFO[ListItem.path,,../logo.png]</texture>
      <fadetime>300</fadetime>
      <aspectratio scalediffuse="false">stretch</aspectratio>
      <visible>Container.Content(episodes)+!ControlGroup(9000).HasFocus+![Player.HasMedia+!SubString(Window(videolibrary).Property(TvTunesIsAlive),True)]</visible>
      <animation effect="fade" start="100" end="0" time="200">Hidden</animation>
      <animation effect="fade" start="0" end="100" time="400">Visible</animation>
    </control>
    <control type="group">
      <visible>Container.Content(episodes)</visible>
      <posx>105</posx>
      <posy>42</posy>
      <control type="label">
        <posx>0</posx>
        <posy>-2</posy>
        <height>13</height>
        <width>280</width>
        <font>Font_Info</font>
        <textcolor>abFFFFFF</textcolor>
        <label>$LOCALIZE[20339]:</label>
      </control>
      <control type="label">
        <posx>0</posx>
        <posy>17</posy>
        <height>13</height>
        <width>200</width>
        <font>Font_Info</font>
        <textcolor>white</textcolor>
        <label fallback="312577">$INFO[ListItem.Director]</label>
      </control>
      <control type="label">
        <posx>235</posx>
        <posy>-2</posy>
        <height>13</height>
        <width>280</width>
        <font>Font_Info</font>
        <textcolor>abFFFFFF</textcolor>
        <label>$LOCALIZE[20417]:</label>
      </control>
      <control type="label">
        <posx>235</posx>
        <posy>17</posy>
        <height>13</height>
        <width>200</width>
        <font>Font_Info</font>
        <textcolor>white</textcolor>
        <label fallback="312577">$INFO[ListItem.Writer]</label>
      </control>
      <control type="label">
        <posx>0</posx>
        <posy>45</posy>
        <height>13</height>
        <width>280</width>
        <font>Font_Info</font>
        <textcolor>abFFFFFF</textcolor>
        <label>$LOCALIZE[20416]:</label>
      </control>
      <control type="label">
        <posx>0</posx>
        <posy>64</posy>
        <height>13</height>
        <width>200</width>
        <font>Font_Info</font>
        <textcolor>white</textcolor>
        <label fallback="312577">$INFO[ListItem.Premiered]</label>
      </control>
      <control type="label">
        <posx>235</posx>
        <posy>45</posy>
        <height>13</height>
        <width>280</width>
        <font>Font_Info</font>
        <textcolor>abFFFFFF</textcolor>
        <label>$LOCALIZE[563]:</label>
      </control>
      <control type="label">
        <posx>235</posx>
        <posy>64</posy>
        <height>13</height>
        <width>200</width>
        <font>Font_Info</font>
        <textcolor>white</textcolor>
        <label fallback="312577">$INFO[ListItem.RatingAndVotes]</label>
      </control>
      <control type="label">
        <posx>0</posx>
        <posy>95</posy>
        <height>13</height>
        <width>280</width>
        <font>Font_Info</font>
        <textcolor>abFFFFFF</textcolor>
        <label>$LOCALIZE[2050]:</label>
      </control>
      <control type="label">
        <posx>0</posx>
        <posy>114</posy>
        <height>13</height>
        <width>200</width>
        <font>Font_Info</font>
        <textcolor>white</textcolor>
        <label>$INFO[ListItem.Duration] $LOCALIZE[12391]</label>
        <visible>!IsEmpty(ListItem.Duration)</visible>
      </control>
      <control type="label">
        <posx>0</posx>
        <posy>114</posy>
        <height>13</height>
        <width>200</width>
        <font>Font_Info</font>
        <textcolor>white</textcolor>
        <label>$LOCALIZE[312577]</label>
        <visible>IsEmpty(ListItem.Duration)</visible>
      </control>
      <control type="label">
        <posx>235</posx>
        <posy>95</posy>
        <height>13</height>
        <width>280</width>
        <font>Font_Info</font>
        <textcolor>abFFFFFF</textcolor>
        <label>$LOCALIZE[20352]:</label>
      </control>
      <control type="label">
        <posx>235</posx>
        <posy>114</posy>
        <height>13</height>
        <width>200</width>
        <font>Font_Info</font>
        <textcolor>white</textcolor>
        <label fallback="312577">$LOCALIZE[20373] $INFO[ListItem.Season], $LOCALIZE[20359] $INFO[ListItem.Episode]</label>
      </control>
      <control type="textbox">
        <posx>0</posx>
        <posy>152</posy>
        <width>435</width>
        <height>153</height>
        <font>Font_Info</font>
        <label fallback="312577">$INFO[ListItem.Plot]</label>
        <textcolor>d0FFFFFF</textcolor>
        <autoscroll delay="8000" time="2000" repeat="8000">Skin.HasSetting(AutoScroll)</autoscroll>
      </control>
    </control>
  </include>
  <include name="InfoPane_Extrathumbs_Movies">
    <control type="group">
      <visible>Container.Content(movies)+!ListItem.IsFolder+[[Skin.HasSetting(extrathumbs)+Control.IsVisible(501)]|[Skin.HasSetting(extrathumbs503)+Control.IsVisible(503)]|[Skin.HasSetting(extrathumbs504)+Control.IsVisible(504)]]</visible>
      <control type="group">
        <description>Extrathumbs</description>
        <posx>920</posx>
        <posy>45</posy>
        <visible>Container.Content(movies)</visible>
        <control type="image">
          <posx>1</posx>
          <posy>1</posy>
          <width>243</width>
          <height>150</height>
          <texture background="true">common/black.png</texture>
        </control>
        <control type="image">
          <description>gradient</description>
          <posx>-8</posx>
          <posy>-9</posy>
          <width>262</width>
          <height>170</height>
          <texture>home/nowplaying/OverlayDialogBackground.png</texture>
          <visible>StringCompare(Skin.CurrentTheme,Neon65)</visible>
        </control>
        <control type="largeimage">
          <posx>1</posx>
          <posy>1</posy>
          <width>243</width>
          <height>150</height>
          <aspectratio>scale</aspectratio>
          <fadetime>400</fadetime>
          <texture fallback="DefaultVideo.png">$INFO[ListItem.Path,,extrathumbs/thumb1.jpg]</texture>
        </control>
        <control type="image">
          <posx>1</posx>
          <posy>156</posy>
          <width>243</width>
          <height>150</height>
          <texture background="true">common/black.png</texture>
        </control>
        <control type="image">
          <description>gradient</description>
          <posx>-8</posx>
          <posy>146</posy>
          <width>262</width>
          <height>170</height>
          <texture>home/nowplaying/OverlayDialogBackground.png</texture>
          <visible>StringCompare(Skin.CurrentTheme,Neon65)</visible>
        </control>
        <control type="largeimage">
          <posx>1</posx>
          <posy>156</posy>
          <width>243</width>
          <height>150</height>
          <aspectratio scalediffuse="false">scale</aspectratio>
          <fadetime>400</fadetime>
          <texture fallback="DefaultVideo.png">$INFO[ListItem.Path,,extrathumbs/thumb2.jpg]</texture>
        </control>
      </control>
      <control type="group">
        <visible>Container.Content(movies)</visible>
        <posx>105</posx>
        <posy>42</posy>
        <control type="label">
          <posx>0</posx>
          <posy>0</posy>
          <height>13</height>
          <width>280</width>
          <font>Font_Info</font>
          <textcolor>abFFFFFF</textcolor>
          <label>$LOCALIZE[20339]:</label>
        </control>
        <control type="label">
          <posx>0</posx>
          <posy>17</posy>
          <height>13</height>
          <width>280</width>
          <font>Font_Info</font>
          <textcolor>white</textcolor>
          <label fallback="312577">$INFO[ListItem.Director]</label>
        </control>
        <control type="label">
          <posx>0</posx>
          <posy>45</posy>
          <height>13</height>
          <width>280</width>
          <font>Font_Info</font>
          <textcolor>abFFFFFF</textcolor>
          <label>$LOCALIZE[20417]:</label>
        </control>
        <control type="label">
          <posx>0</posx>
          <posy>62</posy>
          <height>13</height>
          <width>280</width>
          <font>Font_Info</font>
          <textcolor>white</textcolor>
          <label fallback="312577">$INFO[ListItem.Writer]</label>
        </control>
        <control type="label">
          <posx>0</posx>
          <posy>90</posy>
          <height>13</height>
          <width>280</width>
          <font>Font_Info</font>
          <textcolor>abFFFFFF</textcolor>
          <label>$LOCALIZE[345]:</label>
        </control>
        <control type="label">
          <posx>0</posx>
          <posy>107</posy>
          <height>13</height>
          <width>200</width>
          <font>Font_Info</font>
          <textcolor>white</textcolor>
          <label fallback="312577">$INFO[ListItem.Year]</label>
        </control>
        <control type="label">
          <posx>0</posx>
          <posy>135</posy>
          <height>13</height>
          <width>280</width>
          <font>Font_Info</font>
          <textcolor>abFFFFFF</textcolor>
          <label>$LOCALIZE[368]:</label>
        </control>
        <control type="fadelabel">
          <posx>0</posx>
          <posy>152</posy>
          <height>13</height>
          <width>280</width>
          <font>Font_Info</font>
          <textcolor>white</textcolor>
          <scrollspeed>200</scrollspeed>
          <pauseatend>3000</pauseatend>
          <scrollout>false</scrollout>
          <label fallback="312577">$INFO[ListItem.RatingAndVotes] • $LOCALIZE[13409] #$INFO[ListItem.Top250]</label>
          <visible>!IsEmpty(ListItem.Top250)</visible>
        </control>
        <control type="label">
          <posx>0</posx>
          <posy>152</posy>
          <height>13</height>
          <width>200</width>
          <font>Font_Info</font>
          <textcolor>white</textcolor>
          <label fallback="312577">$INFO[ListItem.RatingAndVotes]</label>
          <visible>IsEmpty(ListItem.Top250)</visible>
        </control>
        <control type="label">
          <posx>0</posx>
          <posy>180</posy>
          <height>13</height>
          <width>280</width>
          <font>Font_Info</font>
          <textcolor>abFFFFFF</textcolor>
          <label>$LOCALIZE[2050]:</label>
        </control>
        <control type="label">
          <posx>0</posx>
          <posy>197</posy>
          <height>13</height>
          <width>200</width>
          <font>Font_Info</font>
          <textcolor>white</textcolor>
          <label>$INFO[ListItem.Duration] $LOCALIZE[12391]</label>
          <visible>!IsEmpty(ListItem.Duration)</visible>
        </control>
        <control type="label">
          <posx>0</posx>
          <posy>197</posy>
          <height>13</height>
          <width>200</width>
          <font>Font_Info</font>
          <textcolor>white</textcolor>
          <label>$LOCALIZE[312577]</label>
          <visible>IsEmpty(ListItem.Duration)</visible>
        </control>
        <control type="group">
          <visible>!Skin.HasSetting(audiosublabel)</visible>
          <control type="label">
            <posx>0</posx>
            <posy>225</posy>
            <height>13</height>
            <width>280</width>
            <font>Font_Info</font>
            <textcolor>abFFFFFF</textcolor>
            <label>$LOCALIZE[515]:</label>
          </control>
          <control type="label">
            <posx>0</posx>
            <posy>242</posy>
            <height>13</height>
            <width>280</width>
            <font>Font_Info</font>
            <textcolor>white</textcolor>
            <label fallback="312577">$INFO[ListItem.Genre]</label>
          </control>
        </control>
        <control type="group">
          <visible>Skin.HasSetting(audiosublabel)</visible>
          <control type="label">
            <posx>0</posx>
            <posy>225</posy>
            <height>13</height>
            <width>280</width>
            <font>Font_Info</font>
            <textcolor>abFFFFFF</textcolor>
            <label>$LOCALIZE[460] / $LOCALIZE[462]:</label>
          </control>
          <control type="label">
            <posx>0</posx>
            <posy>243</posy>
            <height>13</height>
            <width>280</width>
            <font>Font_Info</font>
            <textcolor>white</textcolor>
            <label>[UPPERCASE]$INFO[ListItem.AudioLanguage] / $INFO[ListItem.SubtitleLanguage][/UPPERCASE]</label>
            <visible>!IsEmpty(ListItem.AudioLanguage)+!IsEmpty(ListItem.SubtitleLanguage)</visible>
          </control>
          <control type="label">
            <posx>0</posx>
            <posy>243</posy>
            <height>13</height>
            <width>280</width>
            <font>Font_Info</font>
            <textcolor>white</textcolor>
            <label>[UPPERCASE]$INFO[ListItem.AudioLanguage][/UPPERCASE] / $LOCALIZE[16018]</label>
            <visible>!IsEmpty(ListItem.AudioLanguage)+IsEmpty(ListItem.SubtitleLanguage)</visible>
          </control>
          <control type="label">
            <posx>0</posx>
            <posy>243</posy>
            <height>13</height>
            <width>280</width>
            <font>Font_Info</font>
            <textcolor>white</textcolor>
            <label>$LOCALIZE[312577] / [UPPERCASE]$INFO[ListItem.SubtitleLanguage][/UPPERCASE]</label>
            <visible>IsEmpty(ListItem.AudioLanguage)+!IsEmpty(ListItem.SubtitleLanguage)</visible>
          </control>
          <control type="label">
            <posx>0</posx>
            <posy>243</posy>
            <height>13</height>
            <width>280</width>
            <font>Font_Info</font>
            <textcolor>white</textcolor>
            <label>$LOCALIZE[312577] / $LOCALIZE[16018]</label>
            <visible>IsEmpty(ListItem.AudioLanguage)+IsEmpty(ListItem.SubtitleLanguage)</visible>
          </control>
        </control>
        <control type="label">
          <posx>0</posx>
          <posy>270</posy>
          <height>13</height>
          <width>280</width>
          <font>Font_Info</font>
          <textcolor>abFFFFFF</textcolor>
          <label>$LOCALIZE[21875]:</label>
        </control>
        <control type="label">
          <posx>0</posx>
          <posy>287</posy>
          <height>13</height>
          <width>280</width>
          <font>Font_Info</font>
          <textcolor>white</textcolor>
          <label fallback="312577">$INFO[ListItem.Country]</label>
        </control>
        <control type="textbox">
          <posx>320</posx>
          <posy>0</posy>
          <width>435</width>
          <height>304</height>
          <font>Font_Info</font>
          <label fallback="312577">$INFO[ListItem.Plot]</label>
          <textcolor>d0FFFFFF</textcolor>
          <autoscroll delay="8000" time="2000" repeat="8000">Skin.HasSetting(AutoScroll)</autoscroll>
        </control>
      </control>
    </control>
  </include>
  <include name="InfoPane_Poster_Movies">
    <control type="group">
      <visible>Container.Content(movies)+!ListItem.IsFolder+[[Skin.HasSetting(posterinfopane)+Control.IsVisible(501)]|[Skin.HasSetting(posterinfopane503)+Control.IsVisible(503)]|[Skin.HasSetting(posterinfopane504)+Control.IsVisible(504)]]</visible>
      <control type="image">
        <posx>942</posx>
        <posy>45</posy>
        <width>200</width>
        <height>300</height>
        <fadetime>200</fadetime>
        <texture background="true" diffuse="thumbs/movieposter_mask.png">DefaultVideo.png</texture>
        <aspectratio scalediffuse="false">scretch</aspectratio>
        <info>ListItem.Icon</info>
        <visible>Container.Content(movies)</visible>
      </control>
      <control type="image">
        <posx>942</posx>
        <posy>45</posy>
        <width>200</width>
        <height>300</height>
        <fadetime>200</fadetime>
        <texture background="true" diffuse="thumbs/movieposter_mask.png">thumbs/poster_glass_noreflect.png</texture>
        <bordertexture border="-23">thumbs/poster_shadow.png</bordertexture>
        <aspectratio scalediffuse="false">scretch</aspectratio>
        <visible>Container.Content(movies)</visible>
      </control>
      <control type="group">
        <visible>Container.Content(movies)</visible>
        <posx>105</posx>
        <posy>42</posy>
        <control type="label">
          <posx>0</posx>
          <posy>0</posy>
          <height>13</height>
          <width>280</width>
          <font>Font_Info</font>
          <textcolor>abFFFFFF</textcolor>
          <label>$LOCALIZE[20339]:</label>
        </control>
        <control type="label">
          <posx>0</posx>
          <posy>17</posy>
          <height>13</height>
          <width>280</width>
          <font>Font_Info</font>
          <textcolor>white</textcolor>
          <label fallback="312577">$INFO[ListItem.Director]</label>
        </control>
        <control type="label">
          <posx>0</posx>
          <posy>45</posy>
          <height>13</height>
          <width>280</width>
          <font>Font_Info</font>
          <textcolor>abFFFFFF</textcolor>
          <label>$LOCALIZE[20417]:</label>
        </control>
        <control type="label">
          <posx>0</posx>
          <posy>62</posy>
          <height>13</height>
          <width>280</width>
          <font>Font_Info</font>
          <textcolor>white</textcolor>
          <label fallback="312577">$INFO[ListItem.Writer]</label>
        </control>
        <control type="label">
          <posx>0</posx>
          <posy>90</posy>
          <height>13</height>
          <width>280</width>
          <font>Font_Info</font>
          <textcolor>abFFFFFF</textcolor>
          <label>$LOCALIZE[345]:</label>
        </control>
        <control type="label">
          <posx>0</posx>
          <posy>107</posy>
          <height>13</height>
          <width>200</width>
          <font>Font_Info</font>
          <textcolor>white</textcolor>
          <label fallback="312577">$INFO[ListItem.Year]</label>
        </control>
        <control type="label">
          <posx>0</posx>
          <posy>135</posy>
          <height>13</height>
          <width>280</width>
          <font>Font_Info</font>
          <textcolor>abFFFFFF</textcolor>
          <label>$LOCALIZE[368]:</label>
        </control>
        <control type="fadelabel">
          <posx>0</posx>
          <posy>152</posy>
          <height>13</height>
          <width>280</width>
          <font>Font_Info</font>
          <textcolor>white</textcolor>
          <scrollspeed>200</scrollspeed>
          <pauseatend>3000</pauseatend>
          <scrollout>false</scrollout>
          <label fallback="312577">$INFO[ListItem.RatingAndVotes] • $LOCALIZE[13409] #$INFO[ListItem.Top250]</label>
          <visible>!IsEmpty(ListItem.Top250)</visible>
        </control>
        <control type="label">
          <posx>0</posx>
          <posy>152</posy>
          <height>13</height>
          <width>200</width>
          <font>Font_Info</font>
          <textcolor>white</textcolor>
          <label fallback="312577">$INFO[ListItem.RatingAndVotes]</label>
          <visible>IsEmpty(ListItem.Top250)</visible>
        </control>
        <control type="label">
          <posx>0</posx>
          <posy>180</posy>
          <height>13</height>
          <width>280</width>
          <font>Font_Info</font>
          <textcolor>abFFFFFF</textcolor>
          <label>$LOCALIZE[2050]:</label>
        </control>
        <control type="label">
          <posx>0</posx>
          <posy>197</posy>
          <height>13</height>
          <width>200</width>
          <font>Font_Info</font>
          <textcolor>white</textcolor>
          <label>$INFO[ListItem.Duration] $LOCALIZE[12391]</label>
          <visible>!IsEmpty(ListItem.Duration)</visible>
        </control>
        <control type="label">
          <posx>0</posx>
          <posy>197</posy>
          <height>13</height>
          <width>200</width>
          <font>Font_Info</font>
          <textcolor>white</textcolor>
          <label>$LOCALIZE[312577]</label>
          <visible>IsEmpty(ListItem.Duration)</visible>
        </control>
        <control type="group">
          <visible>!Skin.HasSetting(audiosublabel)</visible>
          <control type="label">
            <posx>0</posx>
            <posy>225</posy>
            <height>13</height>
            <width>280</width>
            <font>Font_Info</font>
            <textcolor>abFFFFFF</textcolor>
            <label>$LOCALIZE[515]:</label>
          </control>
          <control type="label">
            <posx>0</posx>
            <posy>242</posy>
            <height>13</height>
            <width>280</width>
            <font>Font_Info</font>
            <textcolor>white</textcolor>
            <label fallback="312577">$INFO[ListItem.Genre]</label>
          </control>
        </control>
        <control type="group">
          <visible>Skin.HasSetting(audiosublabel)</visible>
          <control type="label">
            <posx>0</posx>
            <posy>225</posy>
            <height>13</height>
            <width>280</width>
            <font>Font_Info</font>
            <textcolor>abFFFFFF</textcolor>
            <label>$LOCALIZE[460] / $LOCALIZE[462]:</label>
          </control>
          <control type="label">
            <posx>0</posx>
            <posy>243</posy>
            <height>13</height>
            <width>280</width>
            <font>Font_Info</font>
            <textcolor>white</textcolor>
            <label>[UPPERCASE]$INFO[ListItem.AudioLanguage] / $INFO[ListItem.SubtitleLanguage][/UPPERCASE]</label>
            <visible>!IsEmpty(ListItem.AudioLanguage)+!IsEmpty(ListItem.SubtitleLanguage)</visible>
          </control>
          <control type="label">
            <posx>0</posx>
            <posy>243</posy>
            <height>13</height>
            <width>280</width>
            <font>Font_Info</font>
            <textcolor>white</textcolor>
            <label>[UPPERCASE]$INFO[ListItem.AudioLanguage][/UPPERCASE] / $LOCALIZE[16018]</label>
            <visible>!IsEmpty(ListItem.AudioLanguage)+IsEmpty(ListItem.SubtitleLanguage)</visible>
          </control>
          <control type="label">
            <posx>0</posx>
            <posy>243</posy>
            <height>13</height>
            <width>280</width>
            <font>Font_Info</font>
            <textcolor>white</textcolor>
            <label>$LOCALIZE[312577] / [UPPERCASE]$INFO[ListItem.SubtitleLanguage][/UPPERCASE]</label>
            <visible>IsEmpty(ListItem.AudioLanguage)+!IsEmpty(ListItem.SubtitleLanguage)</visible>
          </control>
          <control type="label">
            <posx>0</posx>
            <posy>243</posy>
            <height>13</height>
            <width>280</width>
            <font>Font_Info</font>
            <textcolor>white</textcolor>
            <label>$LOCALIZE[312577] / $LOCALIZE[16018]</label>
            <visible>IsEmpty(ListItem.AudioLanguage)+IsEmpty(ListItem.SubtitleLanguage)</visible>
          </control>
        </control>
        <control type="label">
          <posx>0</posx>
          <posy>270</posy>
          <height>13</height>
          <width>280</width>
          <font>Font_Info</font>
          <textcolor>abFFFFFF</textcolor>
          <label>$LOCALIZE[21875]:</label>
        </control>
        <control type="label">
          <posx>0</posx>
          <posy>287</posy>
          <height>13</height>
          <width>280</width>
          <font>Font_Info</font>
          <textcolor>white</textcolor>
          <label fallback="312577">$INFO[ListItem.Country]</label>
        </control>
        <control type="textbox">
          <posx>320</posx>
          <posy>0</posy>
          <width>435</width>
          <height>304</height>
          <font>Font_Info</font>
          <label fallback="312577">$INFO[ListItem.Plot]</label>
          <textcolor>d0FFFFFF</textcolor>
          <autoscroll delay="8000" time="2000" repeat="8000">Skin.HasSetting(AutoScroll)</autoscroll>
        </control>
      </control>
    </control>
  </include>
  <include name="InfoPane_Fanart_TVShows">
    <control type="image">
      <posx>103</posx>
      <posy>-28</posy>
      <width>160</width>
      <height>60</height>
      <texture background="true">$INFO[ListItem.path,,logo.png]</texture>
      <fadetime>300</fadetime>
      <aspectratio scalediffuse="false">stretch</aspectratio>
      <visible>Control.IsVisible(503)+Container.Content(tvshows)+!ControlGroup(9000).HasFocus+![Player.HasMedia+!SubString(Window(videolibrary).Property(TvTunesIsAlive),True)]</visible>
      <animation effect="fade" start="100" end="0" time="200">Hidden</animation>
      <animation effect="fade" start="0" end="100" time="400">Visible</animation>
    </control>
    <control type="group">
      <visible>Container.Content(tvshows)</visible>
      <posx>105</posx>
      <posy>42</posy>
      <control type="label">
        <posx>0</posx>
        <posy>-2</posy>
        <height>13</height>
        <width>280</width>
        <font>Font_Info</font>
        <textcolor>abFFFFFF</textcolor>
        <label>$LOCALIZE[312576]:</label>
      </control>
      <control type="label">
        <posx>0</posx>
        <posy>17</posy>
        <height>13</height>
        <width>200</width>
        <font>Font_Info</font>
        <textcolor>white</textcolor>
        <label fallback="312577">$INFO[ListItem.Premiered]</label>
      </control>
      <control type="label">
        <posx>235</posx>
        <posy>-2</posy>
        <height>13</height>
        <width>280</width>
        <font>Font_Info</font>
        <textcolor>abFFFFFF</textcolor>
        <label>$LOCALIZE[31188]:</label>
      </control>
      <include>NextAiredShowStatus</include>
      <control type="label">
        <posx>0</posx>
        <posy>45</posy>
        <height>13</height>
        <width>280</width>
        <font>Font_Info</font>
        <textcolor>abFFFFFF</textcolor>
        <label>$LOCALIZE[563]:</label>
      </control>
      <control type="label">
        <posx>0</posx>
        <posy>64</posy>
        <height>13</height>
        <width>200</width>
        <font>Font_Info</font>
        <textcolor>white</textcolor>
        <label fallback="312577">$INFO[ListItem.RatingAndVotes]</label>
      </control>
      <control type="label">
        <posx>235</posx>
        <posy>45</posy>
        <height>13</height>
        <width>280</width>
        <font>Font_Info</font>
        <textcolor>abFFFFFF</textcolor>
        <label>$LOCALIZE[20360]:</label>
      </control>
      <control type="label">
        <posx>235</posx>
        <posy>64</posy>
        <height>13</height>
        <width>200</width>
        <font>Font_Info</font>
        <textcolor>white</textcolor>
        <label fallback="312577">$INFO[ListItem.Property(TotalEpisodes)] ($LOCALIZE[16101]: $INFO[ListItem.Property(UnWatchedEpisodes)])</label>
      </control>
      <control type="label">
        <posx>0</posx>
        <posy>95</posy>
        <height>13</height>
        <width>280</width>
        <font>Font_Info</font>
        <textcolor>abFFFFFF</textcolor>
        <label>$LOCALIZE[31189]:</label>
      </control>
      <include>NextAired_LastEpisode</include>
      <!--<control type="label">
            <posx>0</posx>
            <posy>115</posy>
            <height>13</height>
            <width>280</width>
            <font>Font_Info</font>
            <textcolor>white</textcolor>
            <label>$LOCALIZE[312577]</label>
            <visible>IsEmpty(Control.GetLabel(6667))</visible>
          </control>-->
      <control type="label">
        <posx>235</posx>
        <posy>95</posy>
        <height>13</height>
        <width>280</width>
        <font>Font_Info</font>
        <textcolor>abFFFFFF</textcolor>
        <label>$LOCALIZE[31190]:</label>
      </control>
      <include>NextAired_NextEpisode</include>
      <!--<control type="label">
            <posx>235</posx>
            <posy>115</posy>
            <height>13</height>
            <width>280</width>
            <font>Font_Info</font>
            <textcolor>white</textcolor>
            <label>$LOCALIZE[312577]</label>
            <visible>IsEmpty(Control.GetLabel(6667))</visible>
          </control>-->
      <control type="textbox">
        <posx>0</posx>
        <posy>152</posy>
        <width>435</width>
        <height>153</height>
        <font>Font_Info</font>
        <label fallback="312577">$INFO[ListItem.Plot]</label>
        <textcolor>d0FFFFFF</textcolor>
        <autoscroll delay="8000" time="2000" repeat="8000">Skin.HasSetting(AutoScroll)</autoscroll>
      </control>
    </control>
  </include>
  <include name="Furniture_Showcase">
    <control type="group">
      <description>Furniture Showcase</description>
      <include>Animation_HideMultiplex</include>
      <include>Animation_HideMusic</include>
      <visible>![Control.IsVisible(503)+!Skin.HasSetting(showcaseinfoontv)+[Container.Content(tvshows)|Container.Content(episodes)]+Skin.HasSetting(landscapelogo)]</visible>
      <control type="image">
        <posx>0</posx>
        <posy>315</posy>
        <width>1280</width>
        <height>405</height>
        <texture>views/showcase_floor.png</texture>
        <include>Animation_CommonFade</include>
      </control>
      <control type="image">
        <posx>144</posx>
        <posy>583</posy>
        <width>993</width>
        <height>137</height>
        <texture>views/showcase_spot.png</texture>
        <include>Animation_CommonFade</include>
        <animation effect="slide" time="1000" start="800,0" end="0,0" tween="cubic" easing="out">Visible</animation>
      </control>
      <include condition="StringCompare(Skin.CurrentTheme,Neon65)">Neon_Floor</include>
      <control type="image">
        <posx>0</posx>
        <posy>0</posy>
        <width>464</width>
        <height>720</height>
        <texture>views/showcase_vignette.png</texture>
        <animation type="Conditional" condition="Control.HasFocus(109)">
          <effect type="fade" start="100" end="0" time="400" easing="inout" tween="cubic" />
          <effect type="slide" start="0,0" end="-464,0" time="400" easing="inout" tween="cubic" />
        </animation>
        <animation type="Visible">
          <effect type="fade" start="0" end="100" time="400" easing="inout" tween="cubic" />
          <effect type="slide" start="-464,0" end="0,0" time="400" easing="inout" tween="cubic" />
        </animation>
        <animation type="Hidden">
          <effect type="fade" start="100" end="0" time="400" easing="inout" tween="cubic" />
          <effect type="slide" start="0,0" end="-464,0" time="400" easing="inout" tween="cubic" />
        </animation>
        <animation type="WindowOpen">
          <effect type="fade" start="0" end="100" time="400" easing="inout" tween="cubic" />
          <effect type="slide" start="-464,0" end="0,0" time="400" easing="inout" tween="cubic" />
        </animation>
        <animation type="WindowClose">
          <effect type="fade" start="100" end="0" time="400" easing="inout" tween="cubic" />
          <effect type="slide" start="0,0" end="-464,0" time="400" easing="inout" tween="cubic" />
        </animation>
      </control>
      <control type="image">
        <posx>816</posx>
        <posy>0</posy>
        <width>464</width>
        <height>720</height>
        <texture flipx="true">views/showcase_vignette.png</texture>
        <animation type="Conditional" condition="Control.HasFocus(109)">
          <effect type="fade" start="100" end="0" time="400" easing="inout" tween="cubic" />
          <effect type="slide" start="0,0" end="464,0" time="400" easing="inout" tween="cubic" />
        </animation>
        <animation type="Visible">
          <effect type="fade" start="0" end="100" time="400" easing="inout" tween="cubic" />
          <effect type="slide" start="464,0" end="0,0" time="400" easing="inout" tween="cubic" />
        </animation>
        <animation type="Hidden">
          <effect type="fade" start="100" end="0" time="400" easing="inout" tween="cubic" />
          <effect type="slide" start="0,0" end="464,0" time="400" easing="inout" tween="cubic" />
        </animation>
        <animation type="WindowOpen">
          <effect type="fade" start="0" end="100" time="400" easing="inout" tween="cubic" />
          <effect type="slide" start="464,0" end="0,0" time="400" easing="inout" tween="cubic" />
        </animation>
        <animation type="WindowClose">
          <effect type="fade" start="100" end="0" time="400" easing="inout" tween="cubic" />
          <effect type="slide" start="0,0" end="464,0" time="400" easing="inout" tween="cubic" />
        </animation>
      </control>
    </control>
    <control type="group">
      <visible>[Control.IsVisible(503)+!Skin.HasSetting(showcaseinfoontv)+[Container.Content(tvshows)|Container.Content(episodes)]+Skin.HasSetting(landscapelogo)]</visible>
      <include>Animation_HideMultiplex</include>
      <include>Animation_CommonFade</include>
      <control type="image">
        <description>media info background image</description>
        <posx>0</posx>
        <posy>70</posy>
        <width>1280</width>
        <height>720</height>
        <texture>views/logo_back.png</texture>
        <colordiffuse>FF000000</colordiffuse>
      </control>
    </control>
  </include>
  <include name="infonativeposters">
    <control type="largeimage">
      <description>Cover image</description>
      <posx>0</posx>
      <posy>0</posy>
      <width>486</width>
      <height>720</height>
      <texture background="true">$INFO[listitem.Icon]</texture>
      <aspectratio>stretch</aspectratio>
      <visible>Container.Content(movies)|Container.Content(tvshows)</visible>
    </control>
    <control type="largeimage">
      <description>Cover image</description>
      <posx>0</posx>
      <posy>0</posy>
      <width>486</width>
      <height>720</height>
      <texture background="true">$INFO[Container.TvshowThumb]</texture>
      <aspectratio>stretch</aspectratio>
      <animation effect="fade" time="2000">WindowOpen</animation>
      <animation effect="fade" time="100">WindowClose</animation>
      <visible>Container.Content(episodes)</visible>
    </control>
    <control type="largeimage">
      <description>Cover image</description>
      <posx>0</posx>
      <posy>0</posy>
      <width>486</width>
      <height>720</height>
      <texture background="true">$INFO[Container.SeasonThumb]</texture>
      <aspectratio>stretch</aspectratio>
      <visible>Container.Content(episodes)</visible>
    </control>
  </include>
  <include name="infonativebanners">
    <control type="largeimage">
      <description>Cover image</description>
      <posx>0</posx>
      <posy>0</posy>
      <width>486</width>
      <height>720</height>
      <texture background="true">$INFO[listitem.Icon]</texture>
      <aspectratio>stretch</aspectratio>
      <visible>Container.Content(movies)</visible>
    </control>
    <control type="largeimage">
      <description>Cover image</description>
      <posx>0</posx>
      <posy>0</posy>
      <width>486</width>
      <height>720</height>
      <texture background="true">$INFO[ListItem.FileNameAndPath,,poster.jpg]</texture>
      <aspectratio>stretch</aspectratio>
      <visible>Container.Content(tvshows)</visible>
    </control>
    <control type="largeimage">
      <description>Cover image</description>
      <posx>0</posx>
      <posy>0</posy>
      <width>486</width>
      <height>720</height>
      <texture background="true">$INFO[ListItem.Path,,../poster.jpg]</texture>
      <animation effect="fade" time="2000">WindowOpen</animation>
      <animation effect="fade" time="100">WindowClose</animation>
      <aspectratio>stretch</aspectratio>
      <visible>Container.Content(episodes)</visible>
    </control>
    <control type="largeimage">
      <description>Cover image</description>
      <posx>0</posx>
      <posy>0</posy>
      <width>486</width>
      <height>720</height>
      <texture background="true">$INFO[Container.SeasonThumb]</texture>
      <aspectratio>stretch</aspectratio>
      <visible>Container.Content(episodes)</visible>
    </control>
  </include>
  <include name="SecondLabelFloor">
    <control type="group">
      <visible>[!ControlGroup(9000).HasFocus|Skin.HasSetting(breadcrumb)]</visible>
      <control type="group">
        <visible>Container.Content(movies)+!Skin.HasSetting(wallgenre)+!ListItem.IsFolder</visible>
        <control type="label">
          <posx>340</posx>
          <posy>670</posy>
          <width>600</width>
          <align>center</align>
          <aligny>center</aligny>
          <include>Animation_CommonFade</include>
          <font>Font_Info</font>
          <textcolor>floor</textcolor>
          <shadowcolor>black</shadowcolor>
          <label>[UPPERCASE]$INFO[ListItem.Year] • $INFO[ListItem.Duration] $LOCALIZE[12391] • $INFO[ListItem.RatingAndVotes][/UPPERCASE]</label>
          <visible>!IsEmpty(ListItem.RatingAndVotes)+!IsEmpty(ListItem.Duration)+!IsEmpty(ListItem.Year)</visible>
        </control>
        <control type="label">
          <posx>340</posx>
          <posy>670</posy>
          <width>600</width>
          <align>center</align>
          <aligny>center</aligny>
          <include>Animation_CommonFade</include>
          <font>Font_Info</font>
          <textcolor>floor</textcolor>
          <shadowcolor>black</shadowcolor>
          <label>[UPPERCASE]$INFO[ListItem.Year] • $INFO[ListItem.Duration] $LOCALIZE[12391][/UPPERCASE]</label>
          <visible>IsEmpty(ListItem.RatingAndVotes)+!IsEmpty(ListItem.Duration)+!IsEmpty(ListItem.Year)</visible>
        </control>
      </control>
      <control type="label">
        <posx>340</posx>
        <posy>670</posy>
        <width>600</width>
        <align>center</align>
        <aligny>center</aligny>
        <include>Animation_CommonFade</include>
        <font>Font_Info</font>
        <textcolor>floor</textcolor>
        <shadowcolor>black</shadowcolor>
        <label>[UPPERCASE]$INFO[ListItem.Label2] ($LOCALIZE[16101]: $INFO[ListItem.Property(UnWatchedEpisodes)])[/UPPERCASE]</label>
        <visible>!Skin.HasSetting(wallgenretv)+[Container.Content(tvshows)|Container.Content(seasons)]</visible>
      </control>
      <control type="label">
        <posx>340</posx>
        <posy>670</posy>
        <width>600</width>
        <align>center</align>
        <aligny>center</aligny>
        <include>Animation_CommonFade</include>
        <font>Font_Info</font>
        <textcolor>floor</textcolor>
        <shadowcolor>black</shadowcolor>
        <label>[UPPERCASE]$INFO[ListItem.Genre][/UPPERCASE]</label>
        <visible>[Skin.HasSetting(wallgenre)+Container.Content(movies)]|[Skin.HasSetting(wallgenretv)+[Container.Content(tvshows)|Container.Content(seasons)]]</visible>
      </control>
      <control type="label">
        <posx>340</posx>
        <posy>670</posy>
        <width>600</width>
        <align>center</align>
        <aligny>center</aligny>
        <include>Animation_CommonFade</include>
        <font>Font_Info</font>
        <textcolor>floor</textcolor>
        <shadowcolor>black</shadowcolor>
        <label>[UPPERCASE]$INFO[ListItem.Label2][/UPPERCASE]</label>
        <visible>!Container.Content(movies)+!Container.Content(tvshows)+!Container.Content(seasons)+!Container.Content(episodes)+!Window.IsActive(1)</visible>
      </control>
      <control type="label">
        <posx>340</posx>
        <posy>670</posy>
        <width>600</width>
        <align>center</align>
        <aligny>center</aligny>
        <include>Animation_CommonFade</include>
        <font>Font_Info</font>
        <textcolor>floor</textcolor>
        <shadowcolor>black</shadowcolor>
        <label>[UPPERCASE][COLOR grey]$LOCALIZE[515]:[/COLOR] $INFO[ListItem.Genre]     [COLOR grey]Studio:[/COLOR]$INFO[ListItem.Studio, ]$INFO[ListItem.Premiered,  (,)][/UPPERCASE]</label>
        <visible>Window.IsActive(1)+!IsEmpty(ListItem.Genre)+!IsEmpty(ListItem.Studio)+!IsEmpty(ListItem.Premiered)</visible>
      </control>
    </control>
  </include>
  <include name="FirstLabelFloor">
    <control type="label">
      <posx>340</posx>
      <posy>693</posy>
      <width>600</width>
      <align>center</align>
      <aligny>center</aligny>
      <include>Animation_CommonFade</include>
      <font>Font_ShowcaseMainLabel2</font>
      <scroll>true</scroll>
      <textcolor>floor</textcolor>
      <shadowcolor>black</shadowcolor>
      <label>[UPPERCASE]$INFO[ListItem.Label][/UPPERCASE]</label>
      <visible>!ControlGroup(9000).HasFocus|Skin.HasSetting(breadcrumb)</visible>
    </control>
    <control type="label">
      <posx>340</posx>
      <posy>693</posy>
      <width>600</width>
      <align>center</align>
      <aligny>center</aligny>
      <include>Animation_CommonFade</include>
      <font>Font_ShowcaseMainLabel2</font>
      <textcolor>floor</textcolor>
      <shadowcolor>black</shadowcolor>
      <label>[UPPERCASE]$INFO[Container.NumItems] $LOCALIZE[31025] | $LOCALIZE[31024] $INFO[Container.CurrentPage]/$INFO[Container.NumPages][/UPPERCASE]</label>
      <visible>ControlGroup(9000).HasFocus+!Skin.HasSetting(breadcrumb)</visible>
    </control>
  </include>
  <include name="CaseLabel">
    <control type="label" id="54321">
      <include>HiddenObject</include>
      <label>tvshows</label>
      <visible>Container.Content(tvshows)|Container.Content(seasons)|Container.Content(episodes)</visible>
    </control>
    <control type="label" id="54321">
      <include>HiddenObject</include>
      <label>movies</label>
      <visible>![Container.Content(tvshows)|Container.Content(seasons)|Container.Content(episodes)]</visible>
    </control>
  </include>
  <include name="TrailerLabel">
    <control type="group">
      <!--trailer label-->
      <posx>725</posx>
      <posy>355</posy>
      <!-- posterlayout, plotlayout, extrathumbslayout => Trailer on the right -->
      <animation effect="slide" start="0,0" end="172,25" time="400" easing="inout" tween="cubic" condition="Control.IsVisible(503)">Conditional</animation>
      <animation effect="slide" start="0,0" end="0,-295" time="400" easing="inout" tween="cubic" condition="[[Control.IsVisible(501)+[[Skin.HasSetting(noflow)+![Container.Content(tvshows)|Container.Content(seasons)]]|[Skin.HasSetting(noflowtv)+[Container.Content(tvshows)|Container.Content(seasons)]]] ]|[Control.IsVisible(504)+Skin.HasSetting(noflowdvd)]]+!Skin.HasSetting(extrathumbs)">Conditional</animation>
      <animation effect="slide" start="0,0" end="172,20" time="400" easing="inout" tween="cubic" condition="[[Control.IsVisible(501)|Control.IsVisible(504)]+Skin.HasSetting(extrathumbs)+Container.Content(movies)]">Conditional</animation>
      <animation effect="slide" start="0,0" end="0,-330" time="400" easing="inout" tween="cubic" condition="[[Control.IsVisible(501)+[[Skin.HasSetting(noflow)+![Container.Content(tvshows)|Container.Content(seasons)]]|[Skin.HasSetting(noflowtv)+[Container.Content(tvshows)|Container.Content(seasons)]]] ]|[Control.IsVisible(504)+Skin.HasSetting(noflowdvd)]]+Skin.HasSetting(extrathumbs)">Conditional</animation>
      <control type="image">
        <posx>0</posx>
        <posy>0</posy>
        <width>290</width>
        <height>32</height>
        <fadetime>200</fadetime>
        <texture>views/multiplex_trailer_label.png</texture>
        <visible>!IsEmpty(ListItem.Trailer)</visible>
        <animation effect="fade" start="100" end="0" time="400" delay="5000" condition="Player.HasVideo">Conditional</animation>
      </control>
      <control type="label">
        <posx>0</posx>
        <posy>0</posy>
        <align>center</align>
        <aligny>center</aligny>
        <scroll>true</scroll>
        <width>290</width>
        <height>32</height>
        <font>Font_Reg18</font>
        <label>312573</label>
        <visible>!IsEmpty(ListItem.Trailer) + !Player.HasVideo + !Control.HasFocus(7001)</visible>
        <fadetime>200</fadetime>
        <colordiffuse>d0FFFFFF</colordiffuse>
        <animation effect="fade" start="0" end="100" time="400">VisibleChange</animation>
      </control>
      <control type="label">
        <posx>0</posx>
        <posy>0</posy>
        <align>center</align>
        <aligny>center</aligny>
        <scroll>true</scroll>
        <width>290</width>
        <height>32</height>
        <font>Font_Reg18</font>
        <label>312575</label>
        <visible>!IsEmpty(ListItem.Trailer) + !Player.HasVideo + Control.HasFocus(7001)</visible>
        <colordiffuse>d0FFFFFF</colordiffuse>
        <animation effect="fade" start="0" end="100" time="400">VisibleChange</animation>
        <animation effect="fade" start="40" time="600" condition="Control.HasFocus(7001)" pulse="true">Conditional</animation>
      </control>
      <control type="label">
        <posx>0</posx>
        <posy>0</posy>
        <align>center</align>
        <aligny>center</aligny>
        <scroll>true</scroll>
        <width>300</width>
        <height>32</height>
        <font>Font_Reg18</font>
        <label>312574</label>
        <visible>!IsEmpty(ListItem.Trailer)+ Player.HasVideo</visible>
        <colordiffuse>d0FFFFFF</colordiffuse>
        <animation effect="fade" start="0" end="100" time="400">VisibleChange</animation>
        <animation effect="fade" start="100" end="0" time="400" delay="5000" condition="Player.HasVideo">Conditional</animation>
      </control>
    </control>
  </include>
  <include name="Furniture_DarkGradient">
    <control type="image">
      <posx>0</posx>
      <posy>675</posy>
      <width>1280</width>
      <height>48</height>
      <texture background="true">views/showcase_gradient.png</texture>
      <include>Animation_CommonFade</include>
      <include>Animation_HideMultiplex</include>
    </control>
  </include>
</includes>