<window type="dialog" id="2000">
	<defaultcontrol always="true">6</defaultcontrol>
  <zorder>4</zorder>
  <coordinates>
		<system>1</system>
		<posx>335</posx>
		<posy>0</posy>
	</coordinates>
	<include>Animation_DialogPopup</include>
	<controls>
    <control type="image" id="74">
      <posx>-335</posx>
      <posy>0</posy>
      <width>1280</width>
      <height>720</height>
      <colordiffuse>AAFFFFFF</colordiffuse>
      <texture>common/black.png</texture>
      <animation effect="fade" start="0" end="100" time="3000">WindowOpen</animation>
      <animation effect="fade" start="100" end="0" time="300">WindowClose</animation>
    </control>
		<control type="image">
			<description>background image</description>
			<posx>0</posx>
			<posy>29</posy>
			<width>610</width>
			<height>636</height>
			<texture>views/listpanel_back_noreflect.png</texture>
		</control>
	  <control type="label" id="1">
			<description>header label</description>
			<posx>20</posx>
			<posy>33</posy>
			<width>570</width>
			<height>30</height>
			<font>Font_OSDSeek2</font>
			<label>$LOCALIZE[13406]</label>
			<align>center</align>
			<aligny>center</aligny>
			<textcolor>white</textcolor>
			<shadowcolor>black</shadowcolor>
		</control>
		<control type="list" id="3">
			<posx>-3</posx>
			<posy>60</posy>
			<width>700</width>
			<height>520</height>
			<onup>3</onup>
			<ondown>3</ondown>
			<onleft>5</onleft>
			<onright>61</onright>
			<pagecontrol>61</pagecontrol>
			<scrolltime>200</scrolltime>
			<animation effect="slide" start="0,0" end="10,0" time="0" condition="true">Conditional</animation>
			<itemlayout height="40" width="700">
				<control type="image">
					<posx>0</posx>
					<posy>39</posy>
          <width>595</width>
          <height>1</height>
          <texture>views/listpanel_line.png</texture>
        </control>
				<control type="label">
					<posx>20</posx>
					<posy>0</posy>
					<width>510</width>
					<height>40</height>
					<font>Font_Reg20</font>
          <include>listcolornofocus</include>
					<align>left</align>
					<aligny>center</aligny>
					<label>$INFO[ListItem.Label]</label>
				</control>
			</itemlayout>
			<focusedlayout height="40" width="700">
				<control type="image">
					<posx>0</posx>
					<posy>39</posy>
          <width>595</width>
          <height>1</height>
          <texture>views/listpanel_line.png</texture>
          <visible>!Control.HasFocus(3)</visible>
					<include>VisibleFadeEffect</include>
				</control>
				<control type="image">
					<posx>0</posx>
					<posy>-3</posy>
					<width>595</width>
					<height>46</height>
          <texture>views/listpanel_selectbar.png</texture>
          <visible>Control.HasFocus(3)</visible>
					<include>VisibleFadeEffect</include>
				</control>
				<control type="label">
					<posx>20</posx>
					<posy>0</posy>
					<width>510</width>
					<height>40</height>
					<font>Font_Reg20</font>
          <include>listcolorfocus</include>
					<align>left</align>
					<aligny>center</aligny>
					<label>$INFO[ListItem.Label]</label>
				</control>
			</focusedlayout>
		</control>
		<control type="list" id="6">
			<posx>7</posx>
			<posy>60</posy>
			<width>600</width>
			<height>560</height>
			<onup>6</onup>
			<ondown>6</ondown>
			<onleft>61</onleft>
			<onright>5</onright>
			<pagecontrol>61</pagecontrol>
			<scrolltime>200</scrolltime>
			<itemlayout height="80" width="550">
				<control type="image">
					<posx>0</posx>
					<posy>79</posy>
					<width>596</width>
					<height>1</height>
          <texture>views/listpanel_line.png</texture>
        </control>
				<control type="image">
					<posx>10</posx>
					<posy>1</posy>
					<width>120</width>
					<height>76</height>
					<texture background="true">$INFO[Listitem.Icon]</texture>
				</control>
				<control type="label">
					<posx>140</posx>
					<posy>0</posy>
					<width>410</width>
					<height>40</height>
					<font>Font_Reg20</font>
					<textcolor>grey</textcolor>
					<selectedcolor>selected</selectedcolor>
					<align>left</align>
					<aligny>center</aligny>
					<label>[B]$INFO[ListItem.Label][/B]</label>
				</control>
				<control type="textbox">
					<posx>140</posx>
					<posy>40</posy>
					<width>410</width>
					<height>40</height>
					<font>Font_Reg20</font>
					<textcolor>grey</textcolor>
					<selectedcolor>selected</selectedcolor>
					<align>left</align>
					<label>$INFO[ListItem.Label2]</label>
				</control>
			</itemlayout>
			<focusedlayout height="80" width="550">
				<control type="image">
					<posx>0</posx>
					<posy>79</posy>
					<width>596</width>
					<height>1</height>
          <texture>views/listpanel_line.png</texture>
          <visible>!Control.HasFocus(6)</visible>
					<include>VisibleFadeEffect</include>
				</control>
				<control type="image">
					<posx>-25</posx>
					<posy>-8</posy>
					<width>620</width>
					<height>94</height>
          <texture>views/listpanel_selectbar.png</texture>
          <visible>Control.HasFocus(6)</visible>
					<include>VisibleFadeEffect</include>
				</control>
				<control type="image">
					<posx>10</posx>
					<posy>1</posy>
					<width>120</width>
					<height>76</height>
					<texture background="true">$INFO[Listitem.Icon]</texture>
				</control>
				<control type="label">
					<posx>140</posx>
					<posy>0</posy>
					<width>410</width>
					<height>40</height>
					<font>Font_Reg20</font>
					<textcolor>ff2e2e2e</textcolor>
					<selectedcolor>selected</selectedcolor>
					<align>left</align>
					<aligny>center</aligny>
					<label>[B]$INFO[ListItem.Label][/B]</label>
				</control>
				<control type="textbox">
					<posx>140</posx>
					<posy>40</posy>
					<width>410</width>
					<height>40</height>
					<font>Font_Reg20</font>
					<textcolor>FF585858</textcolor>
					<selectedcolor>selected</selectedcolor>
					<align>left</align>
					<label>$INFO[ListItem.Label2]</label>
				</control>
			</focusedlayout>
		</control>
		<control type="scrollbar" id="61">
			<posx>-30</posx>
			<posy>60</posy>
			<width>25</width>
			<height>560</height>
      <texturesliderbackground>views/scrollbarbacklist.png</texturesliderbackground>
      <texturesliderbar>-</texturesliderbar>
      <texturesliderbarfocus>-</texturesliderbarfocus>
      <textureslidernib>views/scrollbarnub-nofocus.png</textureslidernib>
      <textureslidernibfocus>views/scrollbarnub-focus.png</textureslidernibfocus>
      <onleft>3</onleft>
			<onright>3</onright>
			<ondown>61</ondown>
			<onup>61</onup>
			<showonepage>false</showonepage>
			<orientation>vertical</orientation>
		</control>
		<control type="label">
			<description>number of files/pages in list text label</description>
			<posx>580</posx>
			<posy>620</posy>
			<width>300</width>
			<height>35</height>
			<font>Font_Reg14</font>
			<align>right</align>
			<aligny>center</aligny>
			<scroll>true</scroll>
			<textcolor>grey</textcolor>
			<label>$INFO[Container(3).NumItems] $LOCALIZE[31025] - $LOCALIZE[31024] ($INFO[Container(3).CurrentPage]/$INFO[Container(3).NumPages])</label>
			<visible>Control.IsVisible(3)</visible>
		</control>
		<control type="label">
			<description>number of files/pages in list text label</description>
			<posx>580</posx>
			<posy>620</posy>
			<width>300</width>
			<height>35</height>
			<font>Font_Reg14</font>
			<align>right</align>
			<aligny>center</aligny>
			<scroll>true</scroll>
			<textcolor>grey</textcolor>
			<label>$INFO[Container(6).NumItems] $LOCALIZE[31025] - $LOCALIZE[31024] $INFO[Container(6).CurrentPage]/$INFO[Container(6).NumPages]</label>
			<visible>Control.IsVisible(6)</visible>
		</control>
		<control type="button" id="5">
			<description>Manual button</description>
			<posx>20</posx>
			<posy>625</posy>
			<width>200</width>
			<height>30</height>
			<label>186</label>
			<font>Font_Reg14</font>
			<textcolor>white</textcolor>
			<focusedcolor>white</focusedcolor>
			<align>center</align>
      <texturefocus border="5">dialogs/context_highlight.png</texturefocus>
      <texturenofocus border="5">dialogs/context_nofocus.png</texturenofocus>
      <onleft>61</onleft>
			<onright>3</onright>
			<onup>3</onup>
			<ondown>3</ondown>
		</control>
	</controls>
</window>
