<window id="500">
	<defaultcontrol always="true">50</defaultcontrol>
	<allowoverlay>no</allowoverlay>
	<views>50,51,506</views>
	<controls>
		<include>CommonMusicBackground</include>
    <control type="group">
      <include>Animation_OpenCloseZoom</include>
      <control type="image">
        <posx>0</posx>
        <posy>0</posy>
        <width>1280</width>
        <height>720</height>
        <texture background="true">$INFO[ListItem.Property(Fanart_Image)]</texture>
        <include>backgroundfade</include>
        <fadetime>FanartCrossfadeTime</fadetime>
        <include condition="Skin.HasSetting(animatedbg)">Animation_Background</include>
        <visible>!Skin.HasSetting(MusicLibraryFanart) + !IsEmpty(ListItem.Property(Fanart_Image))</visible>
      </control>
      <control type="image">
        <posx>0</posx>
        <posy>0</posy>
        <width>1280</width>
        <height>720</height>
        <texture background="true">$INFO[Fanart.Image]</texture>
        <include>backgroundfade</include>
        <fadetime>FanartCrossfadeTime</fadetime>
        <include condition="Skin.HasSetting(animatedbg)">Animation_Background</include>
        <visible>!Skin.HasSetting(MusicLibraryFanart) + !IsEmpty(Fanart.Image)</visible>
      </control>
    </control>
		<control type="group">
			<include>Animation_OpenCloseZoom</include>		
			<include>CommonRootView</include> <!-- view id = 50 -->
      <include>LowListMusic</include>
      <!-- view id = 506 -->
    </control>
		<include>ScrollOffsetLabel</include>
    <include>Media_Menu</include>
    <include condition="Skin.HasSetting(breadcrumb)">Breadcrumbs</include>
    <include>Furniture_NowPlayingWidget</include>
    <include condition="Skin.HasSetting(globaltime)">Furniture_Clock</include>
  </controls>
</window>
