<window id="1116" type="window">
  <defaultcontrol>7000</defaultcontrol>
  <controls>
    <control type="multiimage">
      <posx>0</posx>
      <posy>0</posy>
      <width>1280</width>
      <height>720</height>
      <imagepath fallback="special://skin/backgrounds/tvshows.jpg" background="true">$INFO[Skin.String(Home_Custom_Back_TVShow_Folder)]</imagepath>
      <timeperimage>10000</timeperimage>
      <randomize>true</randomize>
      <fadetime>1000</fadetime>
      <include>Animation_OpenCloseZoom</include>
    </control>
    <control type="image">
      <posy>-38</posy>
      <width>1280</width>
      <height>800</height>
      <texture>wall/wall_bg_small.png</texture>
      <include>Animation_WindowFade200</include>
      <animation effect="fade" start="80" end="80" time="400" condition="true">Conditional</animation>
    </control>
    <control type="group">
      <include>Animation_OpenCloseZoom</include>

    <control type="list" id="7000">
      <posx>45</posx>
       <posy>110</posy>
      <width>150</width>
      <height>600</height>
      <onleft>7006</onleft>
      <onright>7001</onright>
      <onup>7000</onup>
      <ondown>7000</ondown>
      <viewtype label="535">list</viewtype>
      <pagecontrol>-</pagecontrol>
      <scrolltime>200</scrolltime>
      <itemlayout height="150" width="150">
        <control type="image">
          <posx>5</posx>
          <posy>0</posy>
          <width>140</width>
          <height>60</height>
          <aspectratio>keep</aspectratio>
          <texture background="true">$INFO[ListItem.Thumb]</texture>
          <include>VisibleFadeEffect</include>
        </control>
        <control type="label">
          <posx>75</posx>
          <posy>70</posy>
          <width>150</width>
          <height>23</height>
          <font>Font_Info</font>
          <textcolor>D0FFFFFF</textcolor>
          <shadowcolor>black</shadowcolor>
          <selectedcolor>selected</selectedcolor>
          <align>center</align>
          <aligny>center</aligny>
          <label>$INFO[ListItem.Property(NextNumber)]</label>
        </control>
        <control type="label">
          <posx>75</posx>
          <posy>95</posy>
          <width>150</width>
          <height>23</height>
          <font>Font_Info</font>
          <textcolor>white</textcolor>
          <shadowcolor>black</shadowcolor>
          <selectedcolor>selected</selectedcolor>
          <align>center</align>
          <aligny>center</aligny>
          <label>$INFO[ListItem.Property(NextDate)]</label>
        </control>
        <control type="image">
          <posx>0</posx>
          <posy>135</posy>
          <height>1</height>
          <width>150</width>
          <colordiffuse>BBFFFFFF</colordiffuse>
          <texture background="true">views/listpanel_line.png</texture>
        </control>
      </itemlayout>
      <focusedlayout height="150" width="150">
        <control type="image">
          <posx>5</posx>
          <posy>0</posy>
          <width>140</width>
          <height>60</height>
          <aspectratio>keep</aspectratio>
          <texture background="true">$INFO[ListItem.Thumb]</texture>
          <include>VisibleFadeEffect</include>
          <animation effect="zoom" center="auto" start="100" end="122" time="600" tween="back" easing="out" reversible="false">Focus</animation>
        </control>
        <control type="label">
          <posx>75</posx>
          <posy>70</posy>
          <width>150</width>
          <height>23</height>
          <font>Font_Info</font>
          <textcolor>D0FFFFFF</textcolor>
          <shadowcolor>black</shadowcolor>
          <selectedcolor>selected</selectedcolor>
          <align>center</align>
          <aligny>center</aligny>
          <label>$INFO[ListItem.Property(NextNumber)]</label>
        </control>
        <control type="label">
          <posx>75</posx>
          <posy>95</posy>
          <width>150</width>
          <height>23</height>
          <font>Font_Info</font>
          <textcolor>white</textcolor>
          <shadowcolor>black</shadowcolor>
          <selectedcolor>selected</selectedcolor>
          <align>center</align>
          <aligny>center</aligny>
          <label>$INFO[ListItem.Property(NextDate)]</label>
        </control>
        <control type="image">
          <posx>0</posx>
          <posy>135</posy>
          <height>1</height>
          <width>150</width>
          <colordiffuse>BBFFFFFF</colordiffuse>
          <texture background="true">views/listpanel_line.png</texture>
        </control>
      </focusedlayout>
      <content>
        <include>NextAiredListContentMonday</include>
      </content>
    </control>
    <control type="list" id="7001">
      <posx>215</posx>
       <posy>110</posy>
      <width>150</width>
      <height>600</height>
      <onleft>7000</onleft>
      <onright>7002</onright>
      <onup>7001</onup>
      <ondown>7001</ondown>
      <viewtype label="535">list</viewtype>
      <pagecontrol>-</pagecontrol>
      <scrolltime>200</scrolltime>
      <itemlayout height="150" width="150">
        <control type="image">
          <posx>5</posx>
          <posy>0</posy>
          <width>140</width>
          <height>60</height>
          <aspectratio>keep</aspectratio>
          <texture background="true">$INFO[ListItem.Thumb]</texture>
          <include>VisibleFadeEffect</include>
        </control>
        <control type="label">
          <posx>75</posx>
          <posy>70</posy>
          <width>150</width>
          <height>23</height>
          <font>Font_Info</font>
          <textcolor>D0FFFFFF</textcolor>
          <shadowcolor>black</shadowcolor>
          <selectedcolor>selected</selectedcolor>
          <align>center</align>
          <aligny>center</aligny>
          <label>$INFO[ListItem.Property(NextNumber)]</label>
        </control>
        <control type="label">
          <posx>75</posx>
          <posy>95</posy>
          <width>150</width>
          <height>23</height>
          <font>Font_Info</font>
          <textcolor>white</textcolor>
          <shadowcolor>black</shadowcolor>
          <selectedcolor>selected</selectedcolor>
          <align>center</align>
          <aligny>center</aligny>
          <label>$INFO[ListItem.Property(NextDate)]</label>
        </control>
        <control type="image">
          <posx>0</posx>
          <posy>135</posy>
          <height>1</height>
          <width>150</width>
          <colordiffuse>BBFFFFFF</colordiffuse>
          <texture background="true">views/listpanel_line.png</texture>
        </control>
      </itemlayout>
      <focusedlayout height="150" width="150">
        <control type="image">
          <posx>5</posx>
          <posy>0</posy>
          <width>140</width>
          <height>60</height>
          <aspectratio>keep</aspectratio>
          <texture background="true">$INFO[ListItem.Thumb]</texture>
          <include>VisibleFadeEffect</include>
          <animation effect="zoom" center="auto" start="100" end="122" time="600" tween="back" easing="out" reversible="false">Focus</animation>
        </control>
        <control type="label">
          <posx>75</posx>
          <posy>70</posy>
          <width>150</width>
          <height>23</height>
          <font>Font_Info</font>
          <textcolor>D0FFFFFF</textcolor>
          <shadowcolor>black</shadowcolor>
          <selectedcolor>selected</selectedcolor>
          <align>center</align>
          <aligny>center</aligny>
          <label>$INFO[ListItem.Property(NextNumber)]</label>
        </control>
        <control type="label">
          <posx>75</posx>
          <posy>95</posy>
          <width>150</width>
          <height>23</height>
          <font>Font_Info</font>
          <textcolor>white</textcolor>
          <shadowcolor>black</shadowcolor>
          <selectedcolor>selected</selectedcolor>
          <align>center</align>
          <aligny>center</aligny>
          <label>$INFO[ListItem.Property(NextDate)]</label>
        </control>
        <control type="image">
          <posx>0</posx>
          <posy>135</posy>
          <height>1</height>
          <width>150</width>
          <colordiffuse>BBFFFFFF</colordiffuse>
          <texture background="true">views/listpanel_line.png</texture>
        </control>
      </focusedlayout>
      <content>
        <include>NextAiredListContentTuesday</include>
      </content>
    </control>
    <control type="list" id="7002">
      <posx>385</posx>
       <posy>110</posy>
      <width>150</width>
      <height>600</height>
      <onleft>7001</onleft>
      <onright>7003</onright>
      <onup>7002</onup>
      <ondown>7002</ondown>
      <viewtype label="535">list</viewtype>
      <pagecontrol>-</pagecontrol>
      <scrolltime>200</scrolltime>
      <itemlayout height="150" width="150">
        <control type="image">
          <posx>5</posx>
          <posy>0</posy>
          <width>140</width>
          <height>60</height>
          <aspectratio>keep</aspectratio>
          <texture background="true">$INFO[ListItem.Thumb]</texture>
          <include>VisibleFadeEffect</include>
        </control>
        <control type="label">
          <posx>75</posx>
          <posy>70</posy>
          <width>150</width>
          <height>23</height>
          <font>Font_Info</font>
          <textcolor>D0FFFFFF</textcolor>
          <shadowcolor>black</shadowcolor>
          <selectedcolor>selected</selectedcolor>
          <align>center</align>
          <aligny>center</aligny>
          <label>$INFO[ListItem.Property(NextNumber)]</label>
        </control>
        <control type="label">
          <posx>75</posx>
          <posy>95</posy>
          <width>150</width>
          <height>23</height>
          <font>Font_Info</font>
          <textcolor>white</textcolor>
          <shadowcolor>black</shadowcolor>
          <selectedcolor>selected</selectedcolor>
          <align>center</align>
          <aligny>center</aligny>
          <label>$INFO[ListItem.Property(NextDate)]</label>
        </control>
        <control type="image">
          <posx>0</posx>
          <posy>135</posy>
          <height>1</height>
          <width>150</width>
          <colordiffuse>BBFFFFFF</colordiffuse>
          <texture background="true">views/listpanel_line.png</texture>
        </control>
      </itemlayout>
      <focusedlayout height="150" width="150">
        <control type="image">
          <posx>5</posx>
          <posy>0</posy>
          <width>140</width>
          <height>60</height>
          <aspectratio>keep</aspectratio>
          <texture background="true">$INFO[ListItem.Thumb]</texture>
          <include>VisibleFadeEffect</include>
          <animation effect="zoom" center="auto" start="100" end="122" time="600" tween="back" easing="out" reversible="false">Focus</animation>
        </control>
        <control type="label">
          <posx>75</posx>
          <posy>70</posy>
          <width>150</width>
          <height>23</height>
          <font>Font_Info</font>
          <textcolor>D0FFFFFF</textcolor>
          <shadowcolor>black</shadowcolor>
          <selectedcolor>selected</selectedcolor>
          <align>center</align>
          <aligny>center</aligny>
          <label>$INFO[ListItem.Property(NextNumber)]</label>
        </control>
        <control type="label">
          <posx>75</posx>
          <posy>95</posy>
          <width>150</width>
          <height>23</height>
          <font>Font_Info</font>
          <textcolor>white</textcolor>
          <shadowcolor>black</shadowcolor>
          <selectedcolor>selected</selectedcolor>
          <align>center</align>
          <aligny>center</aligny>
          <label>$INFO[ListItem.Property(NextDate)]</label>
        </control>
        <control type="image">
          <posx>0</posx>
          <posy>135</posy>
          <height>1</height>
          <width>150</width>
          <colordiffuse>BBFFFFFF</colordiffuse>
          <texture background="true">views/listpanel_line.png</texture>
        </control>
      </focusedlayout>
      <content>
        <include>NextAiredListContentWednesday</include>
      </content>
    </control>
    <control type="list" id="7003">
      <posx>555</posx>
       <posy>110</posy>
      <width>150</width>
      <height>600</height>
      <onleft>7002</onleft>
      <onright>7004</onright>
      <onup>7003</onup>
      <ondown>7003</ondown>
      <viewtype label="535">list</viewtype>
      <pagecontrol>-</pagecontrol>
      <scrolltime>200</scrolltime>
      <itemlayout height="150" width="150">
        <control type="image">
          <posx>5</posx>
          <posy>0</posy>
          <width>140</width>
          <height>60</height>
          <aspectratio>keep</aspectratio>
          <texture background="true">$INFO[ListItem.Thumb]</texture>
          <include>VisibleFadeEffect</include>
        </control>
        <control type="label">
          <posx>75</posx>
          <posy>70</posy>
          <width>150</width>
          <height>23</height>
          <font>Font_Info</font>
          <textcolor>D0FFFFFF</textcolor>
          <shadowcolor>black</shadowcolor>
          <selectedcolor>selected</selectedcolor>
          <align>center</align>
          <aligny>center</aligny>
          <label>$INFO[ListItem.Property(NextNumber)]</label>
        </control>
        <control type="label">
          <posx>75</posx>
          <posy>95</posy>
          <width>150</width>
          <height>23</height>
          <font>Font_Info</font>
          <textcolor>white</textcolor>
          <shadowcolor>black</shadowcolor>
          <selectedcolor>selected</selectedcolor>
          <align>center</align>
          <aligny>center</aligny>
          <label>$INFO[ListItem.Property(NextDate)]</label>
        </control>
        <control type="image">
          <posx>0</posx>
          <posy>135</posy>
          <height>1</height>
          <width>150</width>
          <colordiffuse>BBFFFFFF</colordiffuse>
          <texture background="true">views/listpanel_line.png</texture>
        </control>
      </itemlayout>
      <focusedlayout height="150" width="150">
        <control type="image">
          <posx>5</posx>
          <posy>0</posy>
          <width>140</width>
          <height>60</height>
          <aspectratio>keep</aspectratio>
          <texture background="true">$INFO[ListItem.Thumb]</texture>
          <include>VisibleFadeEffect</include>
          <animation effect="zoom" center="auto" start="100" end="122" time="600" tween="back" easing="out" reversible="false">Focus</animation>
        </control>
        <control type="label">
          <posx>75</posx>
          <posy>70</posy>
          <width>150</width>
          <height>23</height>
          <font>Font_Info</font>
          <textcolor>D0FFFFFF</textcolor>
          <shadowcolor>black</shadowcolor>
          <selectedcolor>selected</selectedcolor>
          <align>center</align>
          <aligny>center</aligny>
          <label>$INFO[ListItem.Property(NextNumber)]</label>
        </control>
        <control type="label">
          <posx>75</posx>
          <posy>95</posy>
          <width>150</width>
          <height>23</height>
          <font>Font_Info</font>
          <textcolor>white</textcolor>
          <shadowcolor>black</shadowcolor>
          <selectedcolor>selected</selectedcolor>
          <align>center</align>
          <aligny>center</aligny>
          <label>$INFO[ListItem.Property(NextDate)]</label>
        </control>
        <control type="image">
          <posx>0</posx>
          <posy>135</posy>
          <height>1</height>
          <width>150</width>
          <colordiffuse>BBFFFFFF</colordiffuse>
          <texture background="true">views/listpanel_line.png</texture>
        </control>
      </focusedlayout>
      <content>
        <include>NextAiredListContentThursday</include>
      </content>
    </control>
    <control type="list" id="7004">
      <posx>725</posx>
       <posy>110</posy>
      <width>150</width>
      <height>600</height>
      <onleft>7003</onleft>
      <onright>7005</onright>
      <onup>7004</onup>
      <ondown>7004</ondown>
      <viewtype label="535">list</viewtype>
      <pagecontrol>-</pagecontrol>
      <scrolltime>200</scrolltime>
      <itemlayout height="150" width="150">
        <control type="image">
          <posx>5</posx>
          <posy>0</posy>
          <width>140</width>
          <height>60</height>
          <aspectratio>keep</aspectratio>
          <texture background="true">$INFO[ListItem.Thumb]</texture>
          <include>VisibleFadeEffect</include>
        </control>
        <control type="label">
          <posx>75</posx>
          <posy>70</posy>
          <width>150</width>
          <height>23</height>
          <font>Font_Info</font>
          <textcolor>D0FFFFFF</textcolor>
          <shadowcolor>black</shadowcolor>
          <selectedcolor>selected</selectedcolor>
          <align>center</align>
          <aligny>center</aligny>
          <label>$INFO[ListItem.Property(NextNumber)]</label>
        </control>
        <control type="label">
          <posx>75</posx>
          <posy>95</posy>
          <width>150</width>
          <height>23</height>
          <font>Font_Info</font>
          <textcolor>white</textcolor>
          <shadowcolor>black</shadowcolor>
          <selectedcolor>selected</selectedcolor>
          <align>center</align>
          <aligny>center</aligny>
          <label>$INFO[ListItem.Property(NextDate)]</label>
        </control>
        <control type="image">
          <posx>0</posx>
          <posy>135</posy>
          <height>1</height>
          <width>150</width>
          <colordiffuse>BBFFFFFF</colordiffuse>
          <texture background="true">views/listpanel_line.png</texture>
        </control>
      </itemlayout>
      <focusedlayout height="150" width="150">
        <control type="image">
          <posx>5</posx>
          <posy>0</posy>
          <width>140</width>
          <height>60</height>
          <aspectratio>keep</aspectratio>
          <texture background="true">$INFO[ListItem.Thumb]</texture>
          <include>VisibleFadeEffect</include>
          <animation effect="zoom" center="auto" start="100" end="122" time="600" tween="back" easing="out" reversible="false">Focus</animation>
        </control>
        <control type="label">
          <posx>75</posx>
          <posy>70</posy>
          <width>150</width>
          <height>23</height>
          <font>Font_Info</font>
          <textcolor>D0FFFFFF</textcolor>
          <shadowcolor>black</shadowcolor>
          <selectedcolor>selected</selectedcolor>
          <align>center</align>
          <aligny>center</aligny>
          <label>$INFO[ListItem.Property(NextNumber)]</label>
        </control>
        <control type="label">
          <posx>75</posx>
          <posy>95</posy>
          <width>150</width>
          <height>23</height>
          <font>Font_Info</font>
          <textcolor>white</textcolor>
          <shadowcolor>black</shadowcolor>
          <selectedcolor>selected</selectedcolor>
          <align>center</align>
          <aligny>center</aligny>
          <label>$INFO[ListItem.Property(NextDate)]</label>
        </control>
        <control type="image">
          <posx>0</posx>
          <posy>135</posy>
          <height>1</height>
          <width>150</width>
          <colordiffuse>BBFFFFFF</colordiffuse>
          <texture background="true">views/listpanel_line.png</texture>
        </control>
      </focusedlayout>
      <content>
        <include>NextAiredListContentFriday</include>
      </content>
    </control>
    <control type="list" id="7005">
      <posx>895</posx>
       <posy>110</posy>
      <width>150</width>
      <height>600</height>
      <onleft>7004</onleft>
      <onright>7006</onright>
      <onup>7005</onup>
      <ondown>7005</ondown>
      <viewtype label="535">list</viewtype>
      <pagecontrol>-</pagecontrol>
      <scrolltime>200</scrolltime>
      <itemlayout height="150" width="150">
        <control type="image">
          <posx>5</posx>
          <posy>0</posy>
          <width>140</width>
          <height>60</height>
          <aspectratio>keep</aspectratio>
          <texture background="true">$INFO[ListItem.Thumb]</texture>
          <include>VisibleFadeEffect</include>
        </control>
        <control type="label">
          <posx>75</posx>
          <posy>70</posy>
          <width>150</width>
          <height>23</height>
          <font>Font_Info</font>
          <textcolor>D0FFFFFF</textcolor>
          <shadowcolor>black</shadowcolor>
          <selectedcolor>selected</selectedcolor>
          <align>center</align>
          <aligny>center</aligny>
          <label>$INFO[ListItem.Property(NextNumber)]</label>
        </control>
        <control type="label">
          <posx>75</posx>
          <posy>95</posy>
          <width>150</width>
          <height>23</height>
          <font>Font_Info</font>
          <textcolor>white</textcolor>
          <shadowcolor>black</shadowcolor>
          <selectedcolor>selected</selectedcolor>
          <align>center</align>
          <aligny>center</aligny>
          <label>$INFO[ListItem.Property(NextDate)]</label>
        </control>
        <control type="image">
          <posx>0</posx>
          <posy>135</posy>
          <height>1</height>
          <width>150</width>
          <colordiffuse>BBFFFFFF</colordiffuse>
          <texture background="true">views/listpanel_line.png</texture>
        </control>
      </itemlayout>
      <focusedlayout height="150" width="150">
        <control type="image">
          <posx>5</posx>
          <posy>0</posy>
          <width>140</width>
          <height>60</height>
          <aspectratio>keep</aspectratio>
          <texture background="true">$INFO[ListItem.Thumb]</texture>
          <include>VisibleFadeEffect</include>
          <animation effect="zoom" center="auto" start="100" end="122" time="600" tween="back" easing="out" reversible="false">Focus</animation>
        </control>
        <control type="label">
          <posx>75</posx>
          <posy>70</posy>
          <width>150</width>
          <height>23</height>
          <font>Font_Info</font>
          <textcolor>D0FFFFFF</textcolor>
          <shadowcolor>black</shadowcolor>
          <selectedcolor>selected</selectedcolor>
          <align>center</align>
          <aligny>center</aligny>
          <label>$INFO[ListItem.Property(NextNumber)]</label>
        </control>
        <control type="label">
          <posx>75</posx>
          <posy>95</posy>
          <width>150</width>
          <height>23</height>
          <font>Font_Info</font>
          <textcolor>white</textcolor>
          <shadowcolor>black</shadowcolor>
          <selectedcolor>selected</selectedcolor>
          <align>center</align>
          <aligny>center</aligny>
          <label>$INFO[ListItem.Property(NextDate)]</label>
        </control>
        <control type="image">
          <posx>0</posx>
          <posy>135</posy>
          <height>1</height>
          <width>150</width>
          <colordiffuse>BBFFFFFF</colordiffuse>
          <texture background="true">views/listpanel_line.png</texture>
        </control>
      </focusedlayout>
      <content>
        <include>NextAiredListContentSaturday</include>
      </content>
    </control>
    <control type="list" id="7006">
      <posx>1065</posx>
       <posy>110</posy>
      <width>150</width>
      <height>600</height>
      <onleft>7005</onleft>
      <onright>7000</onright>
      <onup>7006</onup>
      <ondown>7006</ondown>
      <viewtype label="535">list</viewtype>
      <pagecontrol>-</pagecontrol>
      <scrolltime>200</scrolltime>
      <itemlayout height="150" width="150">
        <control type="image">
          <posx>5</posx>
          <posy>0</posy>
          <width>140</width>
          <height>60</height>
          <aspectratio>keep</aspectratio>
          <texture background="true">$INFO[ListItem.Thumb]</texture>
          <include>VisibleFadeEffect</include>
        </control>
        <control type="label">
          <posx>75</posx>
          <posy>70</posy>
          <width>150</width>
          <height>23</height>
          <font>Font_Info</font>
          <textcolor>D0FFFFFF</textcolor>
          <shadowcolor>black</shadowcolor>
          <selectedcolor>selected</selectedcolor>
          <align>center</align>
          <aligny>center</aligny>
          <label>$INFO[ListItem.Property(NextNumber)]</label>
        </control>
        <control type="label">
          <posx>75</posx>
          <posy>95</posy>
          <width>150</width>
          <height>23</height>
          <font>Font_Info</font>
          <textcolor>white</textcolor>
          <shadowcolor>black</shadowcolor>
          <selectedcolor>selected</selectedcolor>
          <align>center</align>
          <aligny>center</aligny>
          <label>$INFO[ListItem.Property(NextDate)]</label>
        </control>
        <control type="image">
          <posx>0</posx>
          <posy>135</posy>
          <height>1</height>
          <width>150</width>
          <colordiffuse>BBFFFFFF</colordiffuse>
          <texture background="true">views/listpanel_line.png</texture>
        </control>
      </itemlayout>
      <focusedlayout height="150" width="150">
        <control type="image">
          <posx>5</posx>
          <posy>0</posy>
          <width>140</width>
          <height>60</height>
          <aspectratio>keep</aspectratio>
          <texture background="true">$INFO[ListItem.Thumb]</texture>
          <include>VisibleFadeEffect</include>
          <animation effect="zoom" center="auto" start="100" end="122" time="600" tween="back" easing="out" reversible="false">Focus</animation>
        </control>
        <control type="label">
          <posx>75</posx>
          <posy>70</posy>
          <width>150</width>
          <height>23</height>
          <font>Font_Info</font>
          <textcolor>D0FFFFFF</textcolor>
          <shadowcolor>black</shadowcolor>
          <selectedcolor>selected</selectedcolor>
          <align>center</align>
          <aligny>center</aligny>
          <label>$INFO[ListItem.Property(NextNumber)]</label>
        </control>
        <control type="label">
          <posx>75</posx>
          <posy>95</posy>
          <width>150</width>
          <height>23</height>
          <font>Font_Info</font>
          <textcolor>white</textcolor>
          <shadowcolor>black</shadowcolor>
          <selectedcolor>selected</selectedcolor>
          <align>center</align>
          <aligny>center</aligny>
          <label>$INFO[ListItem.Property(NextDate)]</label>
        </control>
        <control type="image">
          <posx>0</posx>
          <posy>135</posy>
          <height>1</height>
          <width>150</width>
          <colordiffuse>BBFFFFFF</colordiffuse>
          <texture background="true">views/listpanel_line.png</texture>
        </control>
      </focusedlayout>
      <content>
        <include>NextAiredListContentSunday</include>
      </content>
    </control>
    <control type="group">
      <posy>50</posy>
      <control type="image">
        <description>Divider</description>
        <posx>45</posx>
        <posy>35</posy>
        <width>1190</width>
        <height>3</height>
        <texture>views/list_divider.png</texture>
      </control>
      <control type="label">
        <posx>45</posx>
        <posy>0</posy>
        <width>150</width>
        <height>23</height>
        <font>Font_Bold24</font>
        <textcolor>D0FFFFFF</textcolor>
        <shadowcolor>black</shadowcolor>
        <selectedcolor>selected</selectedcolor>
        <align>center</align>
        <aligny>center</aligny>
        <label>$LOCALIZE[11]</label>
      </control>
      <control type="label">
        <posx>215</posx>
        <posy>0</posy>
        <width>150</width>
        <height>23</height>
        <font>Font_Bold24</font>
        <textcolor>D0FFFFFF</textcolor>
        <shadowcolor>black</shadowcolor>
        <selectedcolor>selected</selectedcolor>
        <align>center</align>
        <aligny>center</aligny>
        <label>$LOCALIZE[12]</label>
      </control>
      <control type="label">
        <posx>385</posx>
        <posy>0</posy>
        <width>150</width>
        <height>23</height>
        <font>Font_Bold24</font>
        <textcolor>D0FFFFFF</textcolor>
        <shadowcolor>black</shadowcolor>
        <selectedcolor>selected</selectedcolor>
        <align>center</align>
        <aligny>center</aligny>
        <label>$LOCALIZE[13]</label>
      </control>
      <control type="label">
        <posx>555</posx>
        <posy>0</posy>
        <width>150</width>
        <height>23</height>
        <font>Font_Bold24</font>
        <textcolor>D0FFFFFF</textcolor>
        <shadowcolor>black</shadowcolor>
        <selectedcolor>selected</selectedcolor>
        <align>center</align>
        <aligny>center</aligny>
        <label>$LOCALIZE[14]</label>
      </control>
      <control type="label">
        <posx>725</posx>
        <posy>0</posy>
        <width>150</width>
        <height>23</height>
        <font>Font_Bold24</font>
        <textcolor>D0FFFFFF</textcolor>
        <shadowcolor>black</shadowcolor>
        <selectedcolor>selected</selectedcolor>
        <align>center</align>
        <aligny>center</aligny>
        <label>$LOCALIZE[15]</label>
      </control>
      <control type="label">
        <posx>895</posx>
        <posy>0</posy>
        <width>150</width>
        <height>23</height>
        <font>Font_Bold24</font>
        <textcolor>D0FFFFFF</textcolor>
        <shadowcolor>black</shadowcolor>
        <selectedcolor>selected</selectedcolor>
        <align>center</align>
        <aligny>center</aligny>
        <label>$LOCALIZE[16]</label>
      </control>
      <control type="label">
        <posx>1065</posx>
        <posy>0</posy>
        <width>150</width>
        <height>23</height>
        <font>Font_Bold24</font>
        <textcolor>D0FFFFFF</textcolor>
        <shadowcolor>black</shadowcolor>
        <selectedcolor>selected</selectedcolor>
        <align>center</align>
        <aligny>center</aligny>
        <label>$LOCALIZE[17]</label>
      </control>
    </control>
    <control type="rss">
      <description>RSS feed</description>
      <posx>0</posx>
      <posy>696</posy>
      <width>1280</width>
      <height>57</height>
      <font>Font_Info</font>
      <urlset>1</urlset>
      <textcolor>dc2B60DE</textcolor>
      <headlinecolor>D0FFFFFF</headlinecolor>
      <highlightcolor>a9000000</highlightcolor>
      <titlecolor>dc2B60DE</titlecolor>
      <visible>system.getbool(lookandfeel.enablerssfeeds)</visible>
    </control>
    </control>
    <include condition="Skin.HasSetting(breadcrumb)">Breadcrumbs</include>
    <include>Furniture_NowPlayingWidget</include>
    <include condition="Skin.HasSetting(globaltime)">Furniture_Clock</include>
  </controls>
</window>