<?xml version="1.0"?>
<includes>
  <include name="MusicPlaylistButtons">
    <control type="radiobutton" id="20">
      <description>Shuffle button</description>
      <include>Objects_MediaMenuButton2</include>
      <radiowidth>65</radiowidth>
      <radioheight>65</radioheight>
      <radioposx>125</radioposx>
      <label>191</label>
      <visible>Window.IsActive(500)</visible>
    </control>
    <control type="button" id="26">
      <description>Repeat button</description>
      <include>Objects_MediaMenuButton2</include>
      <radiowidth>65</radiowidth>
      <radioheight>65</radioheight>
      <radioposx>125</radioposx>
      <label>-</label>
      <visible>Window.IsActive(500)</visible>
    </control>
    <control type="button" id="21">
      <description>Save button</description>
      <label>190</label>
      <include>Objects_MediaMenuButton2</include>
      <radiowidth>65</radiowidth>
      <radioheight>65</radioheight>
      <radioposx>125</radioposx>
      <visible>Window.IsActive(500)</visible>
    </control>
    <control type="button" id="22">
      <description>Clear button</description>
      <label>192</label>
      <onclick>ReplaceWindow(music)</onclick>
      <include>Objects_MediaMenuButton2</include>
      <radiowidth>65</radiowidth>
      <radioheight>65</radioheight>
      <radioposx>125</radioposx>
      <visible>Window.IsActive(500)</visible>
    </control>
  </include>
  <include name="VideoPlaylistButtons">
    <control type="radiobutton" id="20">
      <description>Shuffle button</description>
      <textwidth>170</textwidth>
      <include>Objects_MediaMenuButton2</include>
      <label>191</label>
      <visible>Window.IsActive(28)</visible>
    </control>
    <control type="button" id="26">
      <description>Repeat button</description>
      <label>$LOCALIZE[486]</label>
      <textwidth>170</textwidth>
      <include>Objects_MediaMenuButton2</include>
      <visible>Window.IsActive(28)</visible>
    </control>
    <control type="button" id="21">
      <description>Save button</description>
      <label>190</label>
      <textwidth>170</textwidth>
      <include>Objects_MediaMenuButton2</include>
      <visible>Window.IsActive(28)</visible>
    </control>
    <control type="button" id="22">
      <description>Clear button</description>
      <label>192</label>
      <onclick>ReplaceWindow(video)</onclick>
      <textwidth>170</textwidth>
      <include>Objects_MediaMenuButton2</include>
      <visible>Window.IsActive(28)</visible>
    </control>
  </include>
  <include name="AddonBrowserButtons">
    <control type="radiobutton" id ="5">
      <description>Enable auto-updates</description>
      <include>Objects_MediaMenuButton</include>
      <radiowidth>65</radiowidth>
      <radioheight>65</radioheight>
      <radioposx>125</radioposx>
      <label>24063</label>
      <visible>Window.IsActive(Addonbrowser)</visible>
    </control>
    <control type="radiobutton" id ="6">
      <description>No notifications</description>
      <include>Objects_MediaMenuButton</include>
      <radiowidth>65</radiowidth>
      <radioheight>65</radioheight>
      <radioposx>125</radioposx>
      <label>25000</label>
      <visible>Window.IsActive(Addonbrowser)</visible>
    </control>
  </include>
  <include name="StandardButtons">
    <control type="radiobutton" id="16">
      <description>PartyMode</description>
      <label>589</label>
      <include>Objects_MediaMenuButton</include>
      <radiowidth>65</radiowidth>
      <radioheight>65</radioheight>
      <radioposx>125</radioposx>
      <visible>!Window.IsActive(Addonbrowser)</visible>
    </control>
    <control type="radiobutton" id="19">
      <description>Filter</description>
      <radiowidth>65</radiowidth>
      <radioheight>65</radioheight>
      <radioposx>125</radioposx>
      <include>Objects_MediaMenuButton</include>
      <label>587</label>
      <visible>!Window.IsActive(Addonbrowser)</visible>
    </control>
    <control type="button" id="8">
      <description>Search</description>
      <include>Objects_MediaMenuButton</include>
      <label>137</label>
      <visible>!Window.IsActive(Addonbrowser)</visible>
    </control>
  </include>
  <include name="VideoLibraryButtons_Left">
    <control type="radiobutton" id="99">
      <description>Library button</description>
      <label>$LOCALIZE[29800]</label>
      <onclick>ReplaceWindow(VideoFiles)</onclick>
      <selected>Window.IsVisible(VideoLibrary)</selected>
      <include>Objects_MediaMenuButton</include>
      <radiowidth>65</radiowidth>
      <radioheight>65</radioheight>
      <radioposx>125</radioposx>
      <onup>SetFocus(4)</onup>
      <visible>Window.IsActive(VideoLibrary)</visible>
    </control>
  </include>
  <include name="VideoLibraryButtons_Right">
    <control type="radiobutton" id="103">
      <description>Library button</description>
      <label>$LOCALIZE[31307]</label>
      <onclick>Skin.ToggleSetting(VideoLibraryMovieFanart)</onclick>
      <selected>Skin.HasSetting(VideoLibraryMovieFanart)</selected>
      <include>Objects_MediaMenuButton2</include>
      <radiowidth>65</radiowidth>
      <radioheight>65</radioheight>
      <radioposx>125</radioposx>
      <visible>Container.Content(movies)</visible>
    </control>
    <control type="radiobutton" id="104">
      <description>Library button</description>
      <label>$LOCALIZE[31307]</label>
      <onclick>Skin.ToggleSetting(VideoLibraryTVFanart)</onclick>
      <selected>Skin.HasSetting(VideoLibraryTVFanart)</selected>
      <include>Objects_MediaMenuButton2</include>
      <radiowidth>65</radiowidth>
      <radioheight>65</radioheight>
      <radioposx>125</radioposx>
      <visible>Container.Content(tvshows)|Container.Content(seasons)|Container.Content(episodes)</visible>
    </control>
    <control type="radiobutton" id="105">
      <description>Library button</description>
      <label>$LOCALIZE[31307]</label>
      <onclick>Skin.ToggleSetting(VideoLibraryMusicVideoFanart)</onclick>
      <selected>Skin.HasSetting(VideoLibraryMusicVideoFanart)</selected>
      <include>Objects_MediaMenuButton2</include>
      <radiowidth>65</radiowidth>
      <radioheight>65</radioheight>
      <radioposx>125</radioposx>
      <visible>Container.Content(musicvideos)</visible>
    </control>
  </include>
  <include name="MusicLibraryButtons_Left">
    <control type="radiobutton" id="100">
      <description>Library button</description>
      <include>Objects_MediaMenuButton</include>
      <label>$LOCALIZE[29800]</label>
      <onclick>ReplaceWindow(MusicFiles)</onclick>
      <selected>Window.IsVisible(MusicLibrary)</selected>
      <radioposx>125</radioposx>
      <radiowidth>65</radiowidth>
      <radioheight>65</radioheight>
      <onup>SetFocus(4)</onup>
      <visible>Window.IsActive(MusicLibrary)</visible>
    </control>
  </include>
  <include name="MusicLibraryButtons_Right">
    <control type="radiobutton" id="616">
      <description>Toggle Fanart</description>
      <textwidth>170</textwidth>
      <include>Objects_MediaMenuButton2</include>
      <label>31307</label>
      <onclick>Skin.ToggleSetting(MusicLibraryFanart)</onclick>
      <selected>Skin.HasSetting(MusicLibraryFanart)</selected>
      <visible>!Control.IsVisible(500)+!Skin.HasSetting(hideoptions)</visible>
      <radiowidth>65</radiowidth>
      <radioheight>65</radioheight>
      <radioposx>125</radioposx>
    </control>
    <control type="radiobutton" id="617">
      <description>Toggle Fanart</description>
      <textwidth>170</textwidth>
      <include>Objects_MediaMenuButton2</include>
      <label>31318</label>
      <onclick>Skin.ToggleSetting(MusicLibraryFanartView512)</onclick>
      <selected>!Skin.HasSetting(MusicLibraryFanartView512)</selected>
      <visible>Control.IsVisible(512) + Container.Content(Artists)+!Skin.HasSetting(hideoptions)</visible>
      <radiowidth>65</radiowidth>
      <radioheight>65</radioheight>
      <radioposx>125</radioposx>
    </control>
    <control type="radiobutton" id="638">
      <description>Toggle Dark</description>
      <textwidth>170</textwidth>
      <include>Objects_MediaMenuButton2</include>
      <label>$LOCALIZE[31166]</label>
      <onclick>Skin.ToggleSetting(infopanelmusic)</onclick>
      <selected>Skin.HasSetting(infopanelmusic)</selected>
      <visible>[Control.IsVisible(509)|Control.IsVisible(513)]+!Skin.HasSetting(hideoptions)</visible>
      <radiowidth>65</radiowidth>
      <radioheight>65</radioheight>
      <radioposx>125</radioposx>
    </control>
    <control type="radiobutton" id="639">
      <description>Toggle Fanart</description>
      <radiowidth>65</radiowidth>
      <radioheight>65</radioheight>
      <radioposx>125</radioposx>
      <include>Objects_MediaMenuButton2</include>
      <label>$LOCALIZE[31167]</label>
      <onclick>Skin.ToggleSetting(infopaneautomusic)</onclick>
      <selected>Skin.HasSetting(infopaneautomusic)</selected>
      <visible>[Control.IsVisible(509)|Control.IsVisible(513)]+Skin.HasSetting(infopanelmusic)+!Skin.HasSetting(hideoptions)</visible>
    </control>
    <control type="radiobutton" id="642">
      <description>Cases</description>
      <textwidth>170</textwidth>
      <include>Objects_MediaMenuButton2</include>
      <label>$LOCALIZE[31250]</label>
      <onclick>Skin.ToggleSetting(lightinfopanel)</onclick>
      <selected>Skin.HasSetting(lightinfopanel)</selected>
      <visible>[Control.IsVisible(509)|Control.IsVisible(513)]+Skin.HasSetting(infopanelmusic)+!Skin.HasSetting(hideoptions)</visible>
      <radiowidth>65</radiowidth>
      <radioheight>65</radioheight>
      <radioposx>125</radioposx>
    </control>
  </include>
  <include name="VideoFilesButtons">
    <control type="radiobutton" id="101">
      <description>Library button</description>
      <label>$LOCALIZE[29800]</label>
      <onclick>ReplaceWindow(VideoLibrary)</onclick>
      <selected>Window.IsVisible(VideoLibrary)</selected>
      <include>Objects_MediaMenuButton</include>
      <radiowidth>65</radiowidth>
      <radioheight>65</radioheight>
      <radioposx>125</radioposx>
      <visible>Window.IsActive(VideoFiles)</visible>
    </control>
  </include>
  <include name="MusicFilesButtons">
    <control type="radiobutton" id="102">
      <description>Library button</description>
      <include>Objects_MediaMenuButton</include>
      <label>$LOCALIZE[29800]</label>
      <onclick>ReplaceWindow(MusicLibrary)</onclick>
      <selected>Window.IsVisible(MusicLibrary)</selected>
      <radioposx>125</radioposx>
      <radiowidth>65</radiowidth>
      <onup>SetFocus(4)</onup>
      <radioheight>65</radioheight>
      <visible>Window.IsActive(MusicFiles)</visible>
    </control>
  </include>
  <include name="ProgramButtons">
    <control type="radiobutton" id="674">
      <description>Toggle Fanart</description>
      <radiowidth>65</radiowidth>
      <radioheight>65</radioheight>
      <radioposx>125</radioposx>
      <include>Objects_MediaMenuButton2</include>
      <label>$LOCALIZE[31293]</label>
      <onclick>Skin.ToggleSetting(InfoWallSquare)</onclick>
      <selected>Skin.HasSetting(InfoWallSquare)</selected>
      <visible>Control.IsVisible(512)+!Skin.HasSetting(hideoptions)</visible>
    </control>
  </include>
  <include name="Media_Menu_No_Breadcrumbs">
    <control type="label">
      <posx>1260</posx>
      <posy>14</posy>
      <height>25</height>
      <width>200</width>
      <label>$INFO[System.Time]</label>
      <font>Font_Reg24</font>
      <textcolor>d0FFFFFF</textcolor>
      <align>right</align>
      <aligny>center</aligny>
      <visible>[ControlGroup(9010).HasFocus|ControlGroup(9003).HasFocus]+!Skin.HasSetting(breadcrumb)</visible>
    </control>
    <control type="group">
      <visible>!Player.Playing</visible>
      <control type="group">
        <visible>Window.IsActive(2)</visible>
        <visible allowhiddenfocus="true">ControlGroup(9003).HasFocus|ControlGroup(9010).HasFocus</visible>
        <control type="image">
          <posx>49</posx>
          <posy>13</posy>
          <width>44</width>
          <height>30</height>
          <texture>common/logo_pics.png</texture>
        </control>
        <control type="label">
          <posx>111</posx>
          <posy>14</posy>
          <height>25</height>
          <label>[UPPERCASE]$LOCALIZE[1][/UPPERCASE]</label>
          <font>Font_Reg24</font>
          <textcolor>d0FFFFFF</textcolor>
          <align>left</align>
          <aligny>center</aligny>
        </control>
      </control>
      <control type="group">
        <visible>Window.IsActive(40)</visible>
        <visible allowhiddenfocus="true">ControlGroup(9003).HasFocus|ControlGroup(9010).HasFocus</visible>
        <control type="image">
          <posx>49</posx>
          <posy>13</posy>
          <width>53</width>
          <height>30</height>
          <texture>common/logo_games.png</texture>
        </control>
        <control type="label">
          <posx>111</posx>
          <posy>14</posy>
          <height>25</height>
          <label>[UPPERCASE]$LOCALIZE[24001][/UPPERCASE]</label>
          <font>Font_Reg24</font>
          <textcolor>d0FFFFFF</textcolor>
          <align>left</align>
          <aligny>center</aligny>
        </control>
      </control>
      <control type="group">
        <visible>Window.IsActive(25)|Window.IsActive(24)</visible>
        <visible allowhiddenfocus="true">ControlGroup(9003).HasFocus|ControlGroup(9010).HasFocus</visible>
        <control type="image">
          <posx>49</posx>
          <posy>13</posy>
          <width>44</width>
          <height>30</height>
          <texture>common/logo_movies.png</texture>
        </control>
        <control type="label">
          <posx>111</posx>
          <posy>14</posy>
          <height>25</height>
          <label>[UPPERCASE]$LOCALIZE[3][/UPPERCASE]</label>
          <font>Font_Reg24</font>
          <textcolor>d0FFFFFF</textcolor>
          <align>left</align>
          <aligny>center</aligny>
          <visible>Window.IsActive(24)</visible>
        </control>
        <control type="label">
          <posx>111</posx>
          <posy>14</posy>
          <height>25</height>
          <label>[UPPERCASE]$LOCALIZE[20342][/UPPERCASE]</label>
          <font>Font_Reg24</font>
          <textcolor>d0FFFFFF</textcolor>
          <align>left</align>
          <aligny>center</aligny>
          <visible>Window.IsActive(25)+Container.Content(movies)</visible>
        </control>
        <control type="label">
          <posx>111</posx>
          <posy>14</posy>
          <height>25</height>
          <label>[UPPERCASE]$LOCALIZE[20343][/UPPERCASE]</label>
          <font>Font_Reg24</font>
          <textcolor>d0FFFFFF</textcolor>
          <align>left</align>
          <aligny>center</aligny>
          <visible>Window.IsActive(25)+Container.Content(tvshows)</visible>
        </control>
        <control type="label">
          <posx>111</posx>
          <posy>14</posy>
          <height>25</height>
          <label>[UPPERCASE][UPPERCASE]$LOCALIZE[20343] • $LOCALIZE[20373][/UPPERCASE]</label>
          <font>Font_Reg24</font>
          <textcolor>d0FFFFFF</textcolor>
          <align>left</align>
          <aligny>center</aligny>
          <visible>Window.IsActive(25)+Container.Content(seasons)</visible>
        </control>
        <control type="label">
          <posx>111</posx>
          <posy>14</posy>
          <height>25</height>
          <label>[UPPERCASE]$INFO[ListItem.TVShowTitle] • $LOCALIZE[20373] $INFO[ListItem.Season][/UPPERCASE]</label>
          <font>Font_Reg24</font>
          <textcolor>d0FFFFFF</textcolor>
          <align>left</align>
          <aligny>center</aligny>
          <visible>Window.IsActive(25)+Container.Content(episodes)+!SubString(ListItem.Episode,S)</visible>
        </control>
        <control type="label">
          <posx>111</posx>
          <posy>14</posy>
          <height>25</height>
          <label>[UPPERCASE]$INFO[ListItem.TVShowTitle] • $LOCALIZE[20381][/UPPERCASE]</label>
          <font>Font_Reg24</font>
          <textcolor>d0FFFFFF</textcolor>
          <align>left</align>
          <aligny>center</aligny>
          <visible>Window.IsActive(25)+Container.Content(episodes)+SubString(ListItem.Episode,S)</visible>
        </control>
      </control>
      <control type="group">
        <visible>Window.IsActive(502)</visible>
        <visible allowhiddenfocus="true">ControlGroup(9003).HasFocus|ControlGroup(9010).HasFocus</visible>

        <control type="image">
          <posx>49</posx>
          <posy>13</posy>
          <width>44</width>
          <height>30</height>
          <texture>common/logo_music.png</texture>
        </control>
        <control type="label">
          <posx>111</posx>
          <posy>14</posy>
          <height>25</height>
          <label>[UPPERCASE]$LOCALIZE[132][/UPPERCASE]</label>
          <font>Font_Reg24</font>
          <textcolor>d0FFFFFF</textcolor>
          <align>left</align>
          <aligny>center</aligny>
          <visible>Container.Content(albums)</visible>
        </control>
        <control type="label">
          <posx>111</posx>
          <posy>14</posy>
          <height>25</height>
          <label>[UPPERCASE]$INFO[ListItem.Artist] • $INFO[ListItem.Album][/UPPERCASE]</label>
          <font>Font_Reg24</font>
          <textcolor>d0FFFFFF</textcolor>
          <align>left</align>
          <aligny>center</aligny>
          <visible>Container.Content(songs)</visible>
        </control>
      </control>
    </control>
  </include>
  <include name="Media_Menu">
    <control type="group" id="9000">
      <enable>!Skin.HasSetting(kioskmode)</enable>
      <visible>!Skin.HasSetting(kioskmode)</visible>
      <control type="image" id="74">
        <posx>0</posx>
        <posy>0</posy>
        <width>1280</width>
        <height>720</height>
        <colordiffuse>DDFFFFFF</colordiffuse>
        <texture>common/black.png</texture>
        <visible>ControlGroup(9010).HasFocus|ControlGroup(9003).HasFocus|Window.IsVisible(contextmenu)</visible>
        <animation effect="fade" start="0" end="70" time="1500" reversible="true">VisibleChange</animation>
      </control>
      <control type="image">
        <posx>440</posx>
        <posy>88</posy>
        <width>400</width>
        <height>270</height>
        <texture>views/listpanel_back_noreflect.png</texture>
        <visible>ControlGroup(9010).HasFocus|ControlGroup(9003).HasFocus</visible>
        <include>Animation_MediaMenuPopup</include>
      </control>
      <control type="group">
        <include condition="Skin.HasSetting(effect_bg)">BG_Effect_Home</include>
        <visible>ControlGroup(9010).HasFocus|ControlGroup(9003).HasFocus</visible>
      </control>
      <include condition="!Skin.HasSetting(breadcrumb)">Media_Menu_No_Breadcrumbs</include>
      <control type="grouplist" id="9003">
        <posx>445</posx>
        <posy>101</posy>
        <width>185</width>
        <height>295</height>
        <itemgap>0</itemgap>
        <orientation>vertical</orientation>
        <scroll>true</scroll>
        <onleft>SetFocus(50)</onleft>
        <onright>9010</onright>
        <onup>9003</onup>
        <ondown>9003</ondown>
        <visible allowhiddenfocus="true">ControlGroup(9003).HasFocus|ControlGroup(9010).HasFocus</visible>
        <include>Animation_MediaMenuPopup</include>
        <control type="selectbutton" id="2">
          <description>View As button</description>
          <textureleft>views/multiplex_arrow2.png</textureleft>
          <textureright>views/multiplex_arrow.png</textureright>
          <textureleftfocus>views/multiplex_arrowfocus2.png</textureleftfocus>
          <texturerightfocus>views/multiplex_arrowfocus.png</texturerightfocus>
          <include>Objects_MediaMenuButton</include>
          <label>-</label>
          <visible>!Window.IsActive(2600)</visible>
        </control>
        <control type="button" id="3">
          <description>Sort by button</description>
          <include>Objects_MediaMenuButton</include>
          <label>103</label>
          <visible>!Window.IsActive(2600)</visible>
        </control>
        <control type="togglebutton" id="4">
          <description>Sort asc</description>
          <label>$LOCALIZE[31164]: $LOCALIZE[584]</label>
          <altlabel>$LOCALIZE[31164]: $LOCALIZE[585]</altlabel>
          <aligny>center</aligny>
          <include>Objects_MediaMenuButton</include>
          <visible>!Window.IsActive(2600)</visible>
        </control>
        <include condition="Window.IsActive(AddonBrowser)">AddonBrowserButtons</include>
        <include condition="Window.IsActive(VideoLibrary)">VideoLibraryButtons_Left</include>
        <include condition="Window.IsActive(VideoFiles)">VideoFilesButtons</include>
        <include condition="Window.IsActive(MusicLibrary)">MusicLibraryButtons_Left</include>
        <include condition="Window.IsActive(MusicFiles)">MusicFilesButtons</include>
        <include condition="!Window.IsActive(AddonBrowser)">StandardButtons</include>
      </control>

      <control type="grouplist" id="9010">
        <posx>650</posx>
        <posy>101</posy>
        <width>185</width>
        <height>236</height>
        <itemgap>0</itemgap>
        <orientation>vertical</orientation>
        <scroll>false</scroll>
        <onup>9010</onup>
        <ondown>9010</ondown>
        <onleft>9003</onleft>
        <onright>SetFocus(50)</onright>
        <include>Animation_MediaMenuPopup</include>
        <visible allowhiddenfocus="true">ControlGroup(9003).HasFocus|ControlGroup(9010).HasFocus</visible>
        <control type="radiobutton" id="14">
          <description>Watched Toggle</description>
          <radiowidth>65</radiowidth>
          <radioheight>65</radioheight>
          <radioposx>125</radioposx>
          <include>Objects_MediaMenuButton2</include>
          <label>20367</label>
          <visible>Window.IsActive(25)</visible>
        </control>
        <control type="radiobutton" id="17">
          <description>Flatten</description>
          <radiowidth>65</radiowidth>
          <radioheight>65</radioheight>
          <radioposx>125</radioposx>
          <include>Objects_MediaMenuButton2</include>
          <label>20411</label>
          <visible>!Window.IsActive(Addonbrowser)+!Skin.HasSetting(hideoptions)</visible>
        </control>
        <control type="radiobutton" id="11">
          <description>Unlock Shares</description>
          <radiowidth>65</radiowidth>
          <radioheight>65</radioheight>
          <radioposx>125</radioposx>
          <include>Objects_MediaMenuButton2</include>
          <label>20336</label>
          <onclick>xbmc.mastermode</onclick>
          <selected>system.ismaster</selected>
          <visible>system.haslocks</visible>
        </control>
        <include condition="Window.IsActive(500)">MusicPlaylistButtons</include>
        <include condition="Window.IsActive(28)">VideoPlaylistButtons</include>
        <include condition="Window.IsActive(1)">ProgramButtons</include>
        <control type="radiobutton" id="606">
          <description>Toggle Fanart</description>
          <radiowidth>65</radiowidth>
          <radioheight>65</radioheight>
          <radioposx>125</radioposx>
          <include>Objects_MediaMenuButton2</include>
          <label>$LOCALIZE[31165]</label>
          <onclick>Skin.ToggleSetting(sliminfolist)</onclick>
          <selected>Skin.HasSetting(sliminfolist)</selected>
          <visible>Control.IsVisible(505)+!Skin.HasSetting(hideoptions)</visible>
          <enable>Control.IsVisible(505)+!Skin.HasSetting(hideoptions)</enable>
        </control>
        <control type="radiobutton" id="607">
          <description>Toggle MoviesFanart</description>
          <radiowidth>65</radiowidth>
          <radioheight>65</radioheight>
          <radioposx>125</radioposx>
          <include>Objects_MediaMenuButton2</include>
          <label>$LOCALIZE[31166]</label>
          <onclick>Skin.ToggleSetting(showcaseinfoon)</onclick>
          <selected>Skin.HasSetting(showcaseinfoon)</selected>
          <visible>[Control.IsVisible(501)|Control.IsVisible(504)|Control.isVisible(503)]+Container.Content(movies)+!Skin.HasSetting(hideoptions)</visible>
        </control>
        <control type="radiobutton" id="608">
          <description>Toggle MoviesFanart</description>
          <radiowidth>65</radiowidth>
          <radioheight>65</radioheight>
          <radioposx>125</radioposx>
          <include>Objects_MediaMenuButton2</include>
          <label>$LOCALIZE[31166]</label>
          <onclick>Skin.ToggleSetting(showcaseinfoontv)</onclick>
          <selected>Skin.HasSetting(showcaseinfoontv)</selected>
          <visible>[Control.IsVisible(501)|Control.IsVisible(504)|Control.IsVisible(503)|Control.IsVisible(508)]+[Container.Content(tvshows)|Container.Content(episodes)]+!Skin.HasSetting(hideoptions)</visible>
        </control>
        <control type="radiobutton" id="609">
          <description>Toggle Fanart</description>
          <radiowidth>65</radiowidth>
          <radioheight>65</radioheight>
          <radioposx>125</radioposx>
          <include>Objects_MediaMenuButton2</include>
          <label>$LOCALIZE[31167]</label>
          <onclick>Skin.ToggleSetting(infopaneauto)</onclick>
          <selected>Skin.HasSetting(infopaneauto)</selected>
          <visible>[Control.IsVisible(501)|Control.IsVisible(504)|Control.isVisible(503)]+Container.Content(movies)+Skin.HasSetting(showcaseinfoon)+!Skin.HasSetting(hideoptions)</visible>
        </control>
        <control type="radiobutton" id="610">
          <description>Toggle Fanart</description>
          <radiowidth>65</radiowidth>
          <radioheight>65</radioheight>
          <radioposx>125</radioposx>
          <include>Objects_MediaMenuButton2</include>
          <label>$LOCALIZE[31167]</label>
          <onclick>Skin.ToggleSetting(infopaneautotv)</onclick>
          <selected>Skin.HasSetting(infopaneautotv)</selected>
          <visible>[Control.IsVisible(501)|Control.IsVisible(504)|Control.isVisible(503)|Control.IsVisible(508)]+[Container.Content(tvshows)|Container.Content(episodes)]+Skin.HasSetting(showcaseinfoontv)+!Skin.HasSetting(hideoptions)</visible>
        </control>
        <control type="grouplist" id="648">
          <height>34</height>
          <width>195</width>
          <orientation>horizontal</orientation>
          <onup>9010</onup>
          <ondown>SetFocus(641)</ondown>
          <onleft>648</onleft>
          <onright>648</onright>
          <visible>Control.IsVisible(501)+Skin.HasSetting(showcaseinfoon)+Container.Content(movies)+!Skin.HasSetting(hideoptions)</visible>
          <control type="radiobutton" id="651">
            <description>Toggle Dark</description>
            <textwidth>170</textwidth>
            <radioposx>145</radioposx>
            <pulseonselect>yes</pulseonselect>
            <include>Objects_MediaMenuButton2</include>
            <label>- $LOCALIZE[31272]:</label>
            <radiowidth>20</radiowidth>
            <radioheight>20</radioheight>
            <textureradiofocus>views/multiplex_arrow.png</textureradiofocus>
            <textureradionofocus>views/multiplex_arrow.png</textureradionofocus>
            <onclick>-</onclick>
            <selected>-</selected>
          </control>
          <control type="radiobutton" id="628">
            <description>Toggle Dark</description>
            <textwidth>170</textwidth>
            <include>Objects_MediaMenuButton2</include>
            <label>- $LOCALIZE[31198]</label>
            <onclick>Skin.ToggleSetting(extrathumbs)</onclick>
            <onclick>Skin.Reset(fanartinfopane)</onclick>
            <onclick>Skin.Reset(posterinfopane)</onclick>
            <onclick>Skin.Reset(fourthumbs)</onclick>
            <onclick>XBMC.ReloadSkin()</onclick>
            <selected>Skin.HasSetting(extrathumbs)</selected>
            <radiowidth>65</radiowidth>
            <radioheight>65</radioheight>
            <radioposx>125</radioposx>
          </control>
          <control type="radiobutton" id="649">
            <description>Toggle Dark</description>
            <textwidth>170</textwidth>
            <include>Objects_MediaMenuButton2</include>
            <label>- $LOCALIZE[20445]</label>
            <onclick>Skin.ToggleSetting(fanartinfopane)</onclick>
            <onclick>Skin.Reset(extrathumbs)</onclick>
            <onclick>Skin.Reset(posterinfopane)</onclick>
            <onclick>Skin.Reset(fourthumbs)</onclick>
            <onclick>XBMC.ReloadSkin()</onclick>
            <selected>Skin.HasSetting(fanartinfopane)</selected>
            <radiowidth>65</radiowidth>
            <radioheight>65</radioheight>
            <radioposx>125</radioposx>
          </control>
          <control type="radiobutton" id="650">
            <description>Toggle Dark</description>
            <textwidth>170</textwidth>
            <include>Objects_MediaMenuButton2</include>
            <label>- $LOCALIZE[31271]</label>
            <onclick>Skin.ToggleSetting(posterinfopane)</onclick>
            <onclick>Skin.Reset(extrathumbs)</onclick>
            <onclick>Skin.Reset(fanartinfopane)</onclick>
            <onclick>Skin.Reset(fourthumbs)</onclick>
            <onclick>XBMC.ReloadSkin()</onclick>
            <selected>Skin.HasSetting(posterinfopane)</selected>
            <radiowidth>65</radiowidth>
            <radioheight>65</radioheight>
            <radioposx>125</radioposx>
          </control>
          <control type="radiobutton" id="672">
            <description>Toggle Dark</description>
            <textwidth>170</textwidth>
            <include>Objects_MediaMenuButton2</include>
            <label>- $LOCALIZE[31287]</label>
            <onclick>Skin.ToggleSetting(fourthumbs)</onclick>
            <onclick>Skin.Reset(extrathumbs)</onclick>
            <onclick>Skin.Reset(fanartinfopane)</onclick>
            <onclick>Skin.Reset(posterinfopane)</onclick>
            <onclick>XBMC.ReloadSkin()</onclick>
            <selected>Skin.HasSetting(fourthumbs)</selected>
            <radiowidth>65</radiowidth>
            <radioheight>65</radioheight>
            <radioposx>125</radioposx>
          </control>
        </control>
        <control type="grouplist" id="653">
          <height>34</height>
          <width>195</width>
          <orientation>horizontal</orientation>
          <onup>9010</onup>
          <ondown>SetFocus(641)</ondown>
          <onleft>648</onleft>
          <onright>648</onright>
          <visible>Control.IsVisible(503)+Skin.HasSetting(showcaseinfoon)+Container.Content(movies)+!Skin.HasSetting(hideoptions)</visible>
          <control type="radiobutton" id="654">
            <description>Toggle Dark</description>
            <textwidth>170</textwidth>
            <radioposx>145</radioposx>
            <pulseonselect>yes</pulseonselect>
            <include>Objects_MediaMenuButton2</include>
            <label>- $LOCALIZE[31272]:</label>
            <radiowidth>20</radiowidth>
            <radioheight>20</radioheight>
            <textureradiofocus>views/multiplex_arrow.png</textureradiofocus>
            <textureradionofocus>views/multiplex_arrow.png</textureradionofocus>
            <onclick>-</onclick>
            <selected>-</selected>
          </control>
          <control type="radiobutton" id="655">
            <description>Toggle Dark</description>
            <textwidth>170</textwidth>
            <include>Objects_MediaMenuButton2</include>
            <label>- $LOCALIZE[31198]</label>
            <onclick>Skin.ToggleSetting(extrathumbs503)</onclick>
            <onclick>Skin.Reset(fanartinfopane503)</onclick>
            <onclick>Skin.Reset(posterinfopane503)</onclick>
            <onclick>Skin.Reset(fourthumbs503)</onclick>
            <onclick>XBMC.ReloadSkin()</onclick>
            <selected>Skin.HasSetting(extrathumbs503)</selected>
            <radiowidth>65</radiowidth>
            <radioheight>65</radioheight>
            <radioposx>125</radioposx>
          </control>
          <control type="radiobutton" id="656">
            <description>Toggle Dark</description>
            <textwidth>170</textwidth>
            <include>Objects_MediaMenuButton2</include>
            <label>- $LOCALIZE[20445]</label>
            <onclick>Skin.ToggleSetting(fanartinfopane503)</onclick>
            <onclick>Skin.Reset(extrathumbs503)</onclick>
            <onclick>Skin.Reset(posterinfopane503)</onclick>
            <onclick>Skin.Reset(fourthumbs503)</onclick>
            <onclick>XBMC.ReloadSkin()</onclick>
            <selected>Skin.HasSetting(fanartinfopane503)</selected>
            <radiowidth>65</radiowidth>
            <radioheight>65</radioheight>
            <radioposx>125</radioposx>
          </control>
          <control type="radiobutton" id="657">
            <description>Toggle Dark</description>
            <textwidth>170</textwidth>
            <include>Objects_MediaMenuButton2</include>
            <label>- $LOCALIZE[31271]</label>
            <onclick>Skin.ToggleSetting(posterinfopane503)</onclick>
            <onclick>Skin.Reset(extrathumbs503)</onclick>
            <onclick>Skin.Reset(fanartinfopane503)</onclick>
            <onclick>Skin.Reset(fourthumbs503)</onclick>
            <onclick>XBMC.ReloadSkin()</onclick>
            <selected>Skin.HasSetting(posterinfopane503)</selected>
            <radiowidth>65</radiowidth>
            <radioheight>65</radioheight>
            <radioposx>125</radioposx>
          </control>
          <control type="radiobutton" id="671">
            <description>Toggle Dark</description>
            <textwidth>170</textwidth>
            <include>Objects_MediaMenuButton2</include>
            <label>- $LOCALIZE[31287]</label>
            <onclick>Skin.ToggleSetting(fourthumbs503)</onclick>
            <onclick>Skin.Reset(extrathumbs503)</onclick>
            <onclick>Skin.Reset(fanartinfopane503)</onclick>
            <onclick>Skin.Reset(posterinfopane503)</onclick>
            <onclick>XBMC.ReloadSkin()</onclick>
            <selected>Skin.HasSetting(fourthumbs503)</selected>
            <radiowidth>65</radiowidth>
            <radioheight>65</radioheight>
            <radioposx>125</radioposx>
          </control>
        </control>
        <control type="grouplist" id="658">
          <height>34</height>
          <width>195</width>
          <orientation>horizontal</orientation>
          <onup>9010</onup>
          <ondown>SetFocus(641)</ondown>
          <onleft>648</onleft>
          <onright>648</onright>
          <visible>Control.IsVisible(504)+Skin.HasSetting(showcaseinfoon)+Container.Content(movies)+!Skin.HasSetting(hideoptions)</visible>
          <control type="radiobutton" id="659">
            <description>Toggle Dark</description>
            <textwidth>170</textwidth>
            <radioposx>145</radioposx>
            <pulseonselect>yes</pulseonselect>
            <include>Objects_MediaMenuButton2</include>
            <label>- $LOCALIZE[31272]:</label>
            <radiowidth>20</radiowidth>
            <radioheight>20</radioheight>
            <textureradiofocus>views/multiplex_arrow.png</textureradiofocus>
            <textureradionofocus>views/multiplex_arrow.png</textureradionofocus>
            <onclick>-</onclick>
            <selected>-</selected>
          </control>
          <control type="radiobutton" id="660">
            <description>Toggle Dark</description>
            <textwidth>170</textwidth>
            <include>Objects_MediaMenuButton2</include>
            <label>- $LOCALIZE[31198]</label>
            <onclick>Skin.ToggleSetting(extrathumbs504)</onclick>
            <onclick>Skin.Reset(fanartinfopane504)</onclick>
            <onclick>Skin.Reset(posterinfopane504)</onclick>
            <onclick>Skin.Reset(fourthumbs504)</onclick>
            <onclick>XBMC.ReloadSkin()</onclick>
            <selected>Skin.HasSetting(extrathumbs504)</selected>
            <radiowidth>65</radiowidth>
            <radioheight>65</radioheight>
            <radioposx>125</radioposx>
          </control>
          <control type="radiobutton" id="661">
            <description>Toggle Dark</description>
            <textwidth>170</textwidth>
            <include>Objects_MediaMenuButton2</include>
            <label>- $LOCALIZE[20445]</label>
            <onclick>Skin.ToggleSetting(fanartinfopane504)</onclick>
            <onclick>Skin.Reset(extrathumbs504)</onclick>
            <onclick>Skin.Reset(posterinfopane504)</onclick>
            <onclick>Skin.Reset(fourthumbs504)</onclick>
            <onclick>XBMC.ReloadSkin()</onclick>
            <selected>Skin.HasSetting(fanartinfopane504)</selected>
            <radiowidth>65</radiowidth>
            <radioheight>65</radioheight>
            <radioposx>125</radioposx>
          </control>
          <control type="radiobutton" id="662">
            <description>Toggle Dark</description>
            <textwidth>170</textwidth>
            <include>Objects_MediaMenuButton2</include>
            <label>- $LOCALIZE[31271]</label>
            <onclick>Skin.ToggleSetting(posterinfopane504)</onclick>
            <onclick>Skin.Reset(extrathumbs504)</onclick>
            <onclick>Skin.Reset(fanartinfopane504)</onclick>
            <onclick>Skin.Reset(fourthumbs504)</onclick>
            <onclick>XBMC.ReloadSkin()</onclick>
            <selected>Skin.HasSetting(posterinfopane504)</selected>
            <radiowidth>65</radiowidth>
            <radioheight>65</radioheight>
            <radioposx>125</radioposx>
          </control>
          <control type="radiobutton" id="670">
            <description>Toggle Dark</description>
            <textwidth>170</textwidth>
            <include>Objects_MediaMenuButton2</include>
            <label>- $LOCALIZE[31287]</label>
            <onclick>Skin.ToggleSetting(fourthumbs504)</onclick>
            <onclick>Skin.Reset(extrathumbs504)</onclick>
            <onclick>Skin.Reset(fanartinfopane504)</onclick>
            <onclick>Skin.Reset(posterinfopane504)</onclick>
            <onclick>XBMC.ReloadSkin()</onclick>
            <selected>Skin.HasSetting(fourthumbs503)</selected>
            <radiowidth>65</radiowidth>
            <radioheight>65</radioheight>
            <radioposx>125</radioposx>
          </control>
        </control>
        <control type="radiobutton" id="641">
          <description>Cases</description>
          <textwidth>170</textwidth>
          <include>Objects_MediaMenuButton2</include>
          <label>$LOCALIZE[31250]</label>
          <onclick>Skin.ToggleSetting(lightinfopanel)</onclick>
          <selected>Skin.HasSetting(lightinfopanel)</selected>
          <visible>[Control.IsVisible(501)|Control.IsVisible(504)|Control.IsVisible(503)|Control.IsVisible(508)]+[[Container.Content(tvshows)|Container.Content(episodes)]+Skin.HasSetting(showcaseinfoontv)|[Container.Content(movies)+Skin.HasSetting(showcaseinfoon)]]+!Skin.HasSetting(hideoptions)</visible>
          <radiowidth>65</radiowidth>
          <radioheight>65</radioheight>
          <radioposx>125</radioposx>
        </control>
        <control type="radiobutton" id="611">
          <description>Toggle MoviesFanart</description>
          <radiowidth>65</radiowidth>
          <radioheight>65</radioheight>
          <radioposx>125</radioposx>
          <include>Objects_MediaMenuButton2</include>
          <label>31191</label>
          <onclick>Skin.ToggleSetting(darkinfopane)</onclick>
          <selected>Skin.HasSetting(darkinfopane)</selected>
          <visible>[[Container.Content(movies)+Skin.HasSetting(showcaseinfoon)|[Container.Content(tvshows)|Container.Content(episodes)]+Skin.HasSetting(showcaseinfoontv)]+[Control.IsVisible(501)|Control.IsVisible(508)|Control.IsVisible(504)|Control.IsVisible(503)]]+!Skin.HasSetting(hideoptions)</visible>
        </control>
        <control type="radiobutton" id="612">
          <description>Toggle Fanart</description>
          <radiowidth>65</radiowidth>
          <radioheight>65</radioheight>
          <radioposx>125</radioposx>
          <include>Objects_MediaMenuButton2</include>
          <label>$LOCALIZE[31168]</label>
          <onclick>Skin.ToggleSetting(noflow)</onclick>
          <selected>Skin.HasSetting(noflow)</selected>
          <visible>Control.IsVisible(501)+![Container.Content(tvshows)|Container.Content(seasons)]+!Skin.HasSetting(hideoptions)</visible>
        </control>
        <control type="radiobutton" id="644">
          <description>Toggle Fanart</description>
          <radiowidth>65</radiowidth>
          <radioheight>65</radioheight>
          <radioposx>125</radioposx>
          <include>Objects_MediaMenuButton2</include>
          <label>$LOCALIZE[31168]</label>
          <onclick>Skin.ToggleSetting(noflowtv)</onclick>
          <selected>Skin.HasSetting(noflowtv)</selected>
          <visible>Control.IsVisible(501)+[Container.Content(tvshows)|Container.Content(seasons)]+!Skin.HasSetting(hideoptions)</visible>
        </control>
        <control type="radiobutton" id="613">
          <radiowidth>65</radiowidth>
          <radioheight>65</radioheight>
          <radioposx>125</radioposx>
          <description>Toggle Fanart View Media Info</description>
          <include>Objects_MediaMenuButton2</include>
          <label>$LOCALIZE[31168]</label>
          <onclick>Skin.ToggleSetting(noflowdvd)</onclick>
          <selected>Skin.HasSetting(noflowdvd)</selected>
          <visible>Control.IsVisible(504)+![Container.Content(tvshows)|Container.Content(seasons)]+!Skin.HasSetting(hideoptions)</visible>
        </control>
        <control type="radiobutton" id="645">
          <radiowidth>65</radiowidth>
          <radioheight>65</radioheight>
          <radioposx>125</radioposx>
          <description>Toggle Fanart View Media Info</description>
          <include>Objects_MediaMenuButton2</include>
          <label>$LOCALIZE[31168]</label>
          <onclick>Skin.ToggleSetting(noflowdvdtv)</onclick>
          <selected>Skin.HasSetting(noflowdvdtv)</selected>
          <visible>Control.IsVisible(504)+[Container.Content(tvshows)|Container.Content(seasons)]+!Skin.HasSetting(hideoptions)</visible>
        </control>
        <control type="radiobutton" id="614">
          <description>Toggle Fanart</description>
          <radiowidth>65</radiowidth>
          <radioheight>65</radioheight>
          <radioposx>125</radioposx>
          <include>Objects_MediaMenuButton2</include>
          <label>$LOCALIZE[31168]</label>
          <onclick>Skin.ToggleSetting(noflowalbum)</onclick>
          <selected>Skin.HasSetting(noflowalbum)</selected>
          <visible>Control.IsVisible(509)+!Skin.HasSetting(hideoptions)</visible>
        </control>
        <control type="radiobutton" id="615">
          <description>Toggle Fanart</description>
          <radiowidth>65</radiowidth>
          <radioheight>65</radioheight>
          <radioposx>125</radioposx>
          <include>Objects_MediaMenuButton2</include>
          <label>$LOCALIZE[31168]</label>
          <onclick>Skin.ToggleSetting(noflowalbumdvd)</onclick>
          <selected>Skin.HasSetting(noflowalbumdvd)</selected>
          <visible>Control.IsVisible(513)+!Skin.HasSetting(hideoptions)</visible>
        </control>
        <include condition="Window.IsActive(MusicLibrary)">MusicLibraryButtons_Right</include>
        <include condition="Window.IsActive(VideoLibrary)">VideoLibraryButtons_Right</include>
        <control type="radiobutton" id="618">
          <description>Toggle Listpanel thin</description>
          <textwidth>170</textwidth>
          <include>Objects_MediaMenuButton2</include>
          <label>$LOCALIZE[31169]</label>
          <onclick>Skin.ToggleSetting(listpanelthin)</onclick>
          <selected>Skin.HasSetting(listpanelthin)</selected>
          <visible>Control.IsVisible(50)|Control.IsVisible(505)|Control.IsVisible(511)+!Skin.HasSetting(hideoptions)</visible>
          <radiowidth>65</radiowidth>
          <radioheight>65</radioheight>
          <radioposx>125</radioposx>
        </control>
        <control type="radiobutton" id="619">
          <description>Toggle Listpanel thin</description>
          <textwidth>170</textwidth>
          <include>Objects_MediaMenuButton2</include>
          <label>$LOCALIZE[31170]</label>
          <onclick>Skin.ToggleSetting(highlist)</onclick>
          <selected>Skin.HasSetting(highlist)</selected>
          <visible>Control.IsVisible(511)+!Skin.HasSetting(hideoptions)</visible>
          <radiowidth>65</radiowidth>
          <radioheight>65</radioheight>
          <radioposx>125</radioposx>
        </control>
        <control type="radiobutton" id="620">
          <description>Toggle Listpanel thin</description>
          <textwidth>170</textwidth>
          <include>Objects_MediaMenuButton2</include>
          <label>$LOCALIZE[31170]</label>
          <onclick>Skin.ToggleSetting(lowlist)</onclick>
          <selected>Skin.HasSetting(lowlist)</selected>
          <visible>Control.IsVisible(506)+!Skin.HasSetting(hideoptions)</visible>
          <radiowidth>65</radiowidth>
          <radioheight>65</radioheight>
          <radioposx>125</radioposx>
        </control>
        <control type="button" id="621">
          <description>Logo downloader</description>
          <textwidth>170</textwidth>
          <include>Objects_MediaMenuButton2</include>
          <label>$LOCALIZE[31171]</label>
          <onclick>XBMC.RunScript(script.logo-downloader,mode=bulk,clearart=True,logo=True,showthumb=landscape.jpg,banner=banner.jpg,poster=poster.jpg)</onclick>
          <visible>Container.Content(tvshows)|Container.Content(seasons)|Container.Content(episodes)</visible>
        </control>
        <control type="togglebutton" id="622">
          <description>Toggle Logo</description>
          <include>Objects_MediaMenuButton2</include>
          <label>$LOCALIZE[31193]</label>
          <aligny>center</aligny>
          <altlabel>$LOCALIZE[31192]</altlabel>
          <onclick>Skin.ToggleSetting(landscapelogo)</onclick>
          <selected>!Skin.HasSetting(landscapelogo)</selected>
          <visible>Container.Content(tvshows)+Control.IsVisible(503)+!Skin.HasSetting(hideoptions)</visible>
        </control>
        <control type="radiobutton" id="623">
          <description>Toggle Small Wall</description>
          <textwidth>170</textwidth>
          <include>Objects_MediaMenuButton2</include>
          <label>$LOCALIZE[31318]</label>
          <onclick>Skin.ToggleSetting(smallmoviewall)</onclick>
          <onclick>XBMC.ReloadSkin()</onclick>
          <selected>Skin.HasSetting(smallmoviewall)</selected>
          <visible>Control.IsVisible(500)+[Container.Content(movies)|Container.Content(seasons)|Container.Content(tvshows)|Container.Content(episodes)]+!Skin.HasSetting(hideoptions)</visible>
          <radiowidth>65</radiowidth>
          <radioheight>65</radioheight>
          <radioposx>125</radioposx>
        </control>
        <control type="radiobutton" id="624">
          <description>Toggle Small Wall</description>
          <textwidth>170</textwidth>
          <include>Objects_MediaMenuButton2</include>
          <label>$LOCALIZE[31318]</label>
          <onclick>Skin.ToggleSetting(smallmusicwall)</onclick>
          <onclick>XBMC.ReloadSkin()</onclick>
          <selected>Skin.HasSetting(smallmusicwall)</selected>
          <visible>Control.IsVisible(500)+[Container.Content(albums)|Container.Content(songs)]+!Skin.HasSetting(hideoptions)</visible>
          <radiowidth>65</radiowidth>
          <radioheight>65</radioheight>
          <radioposx>125</radioposx>
        </control>
        <control type="radiobutton" id="625">
          <description>Toggle Dark</description>
          <textwidth>170</textwidth>
          <include>Objects_MediaMenuButton2</include>
          <label>$LOCALIZE[20445]</label>
          <onclick>Skin.ToggleSetting(transparentwall)</onclick>
          <selected>Skin.HasSetting(transparentwall)</selected>
          <visible>Control.IsVisible(500)+!Skin.HasSetting(hideoptions)</visible>
          <radiowidth>65</radiowidth>
          <radioheight>65</radioheight>
          <radioposx>125</radioposx>
        </control>
        <control type="radiobutton" id="626">
          <description>Toggle Dark</description>
          <textwidth>170</textwidth>
          <include>Objects_MediaMenuButton2</include>
          <label>$LOCALIZE[31165]</label>
          <onclick>Skin.ToggleSetting(slimlist)</onclick>
          <selected>Skin.HasSetting(slimlist)</selected>
          <visible>Control.IsVisible(50)+!Skin.HasSetting(hideoptions)</visible>
          <radiowidth>65</radiowidth>
          <radioheight>65</radioheight>
          <radioposx>125</radioposx>
        </control>
        <control type="togglebutton" id="627">
          <description>Toggle Info</description>
          <include>Objects_MediaMenuButton2</include>
          <label>$LOCALIZE[31172]</label>
          <aligny>center</aligny>
          <altlabel>$LOCALIZE[31247]</altlabel>
          <onclick>Skin.ToggleSetting(wallgenre)</onclick>
          <selected>!Skin.HasSetting(wallgenre)</selected>
          <visible>[[Control.IsVisible(500)|Control.IsVisible(501)|Control.IsVisible(504)|Control.IsVisible(51)|Control.IsVisible(508)]+Container.Content(movies)]+!Skin.HasSetting(hideoptions)</visible>
        </control>
        <control type="togglebutton" id="646">
          <description>Toggle Info</description>
          <include>Objects_MediaMenuButton2</include>
          <label>$LOCALIZE[31172]</label>
          <aligny>center</aligny>
          <altlabel>$LOCALIZE[31247]</altlabel>
          <onclick>Skin.ToggleSetting(wallgenretv)</onclick>
          <selected>!Skin.HasSetting(wallgenretv)</selected>
          <visible>[Control.IsVisible(500)|Control.IsVisible(501)|Control.IsVisible(504)|Control.IsVisible(51)|Control.IsVisible(508)]+[Container.Content(tvshows)|Container.Content(seasons)|Container.Content(episodes)]+!Skin.HasSetting(hideoptions)</visible>
        </control>
        <control type="radiobutton" id="629">
          <description>Toggle Dark</description>
          <textwidth>170</textwidth>
          <include>Objects_MediaMenuButton2</include>
          <label>$LOCALIZE[31191]</label>
          <onclick>Skin.ToggleSetting(darklist)</onclick>
          <selected>Skin.HasSetting(darklist)</selected>
          <visible>[Control.IsVisible(50)|Control.IsVisible(505)]+!Skin.HasSetting(hideoptions)</visible>
          <radiowidth>65</radiowidth>
          <radioheight>65</radioheight>
          <radioposx>125</radioposx>
        </control>
        <control type="radiobutton" id="630">
          <description>Toggle Dark</description>
          <textwidth>170</textwidth>
          <include>Objects_MediaMenuButton2</include>
          <label>$LOCALIZE[31225]</label>
          <onclick>Skin.ToggleSetting(audiosublabel)</onclick>
          <selected>Skin.HasSetting(audiosublabel)</selected>
          <visible>[Control.IsVisible(501)|Control.IsVisible(504)]+Container.Content(movies)+!Skin.HasSetting(hideoptions)</visible>
          <radiowidth>65</radiowidth>
          <radioheight>65</radioheight>
          <radioposx>125</radioposx>
        </control>
        <control type="radiobutton" id="631">
          <description>Toggle Dark</description>
          <textwidth>170</textwidth>
          <include>Objects_MediaMenuButton2</include>
          <label>$LOCALIZE[31226]</label>
          <onclick>Skin.ToggleSetting(infolistplotonly)</onclick>
          <selected>Skin.HasSetting(infolistplotonly)</selected>
          <visible>Control.IsVisible(505)+!Skin.HasSetting(hideoptions)</visible>
          <radiowidth>65</radiowidth>
          <radioheight>65</radioheight>
          <radioposx>125</radioposx>
        </control>
        <control type="radiobutton" id="632">
          <description>Toggle Dark</description>
          <textwidth>170</textwidth>
          <include>Objects_MediaMenuButton2</include>
          <label>$LOCALIZE[20445]</label>
          <onclick>Skin.ToggleSetting(bannerwalldark)</onclick>
          <selected>Skin.HasSetting(bannerwalldark)</selected>
          <visible>Control.IsVisible(51)+!Skin.HasSetting(hideoptions)</visible>
          <radiowidth>65</radiowidth>
          <radioheight>65</radioheight>
          <radioposx>125</radioposx>
        </control>
        <control type="togglebutton" id="633">
          <description>Toggle Logo</description>
          <include>Objects_MediaMenuButton2</include>
          <label>$LOCALIZE[31228]</label>
          <aligny>center</aligny>
          <altlabel>$LOCALIZE[31229]</altlabel>
          <onclick>Skin.ToggleSetting(BannerwallVertical)</onclick>
          <onclick>XBMC.ReloadSkin()</onclick>
          <selected>Skin.HasSetting(BannerwallVertical)</selected>
          <visible>Control.IsVisible(51)+!Skin.HasSetting(hideoptions)</visible>
          <radiowidth>65</radiowidth>
          <radioheight>65</radioheight>
          <radioposx>125</radioposx>
        </control>
        <control type="togglebutton" id="634">
          <description>Toggle Logo</description>
          <include>Objects_MediaMenuButton2</include>
          <label>$LOCALIZE[31238]</label>
          <aligny>center</aligny>
          <altlabel>$LOCALIZE[31239]</altlabel>
          <onclick>Skin.ToggleSetting(bigtrailerbutton)</onclick>
          <selected>Skin.HasSetting(bigtrailerbutton)</selected>
          <visible>Control.IsVisible(511)+Container.Content(movies)+!Skin.HasSetting(hideoptions)</visible>
          <radiowidth>65</radiowidth>
          <radioheight>65</radioheight>
          <radioposx>125</radioposx>
        </control>
        <control type="radiobutton" id="635">
          <description>Toggle Logo</description>
          <include>Objects_MediaMenuButton2</include>
          <label>$LOCALIZE[31240]</label>
          <aligny>center</aligny>
          <onclick>Skin.ToggleSetting(newstatus)</onclick>
          <onclick>XBMC.ReloadSkin()</onclick>
          <selected>Skin.HasSetting(newstatus)</selected>
          <visible>[Control.IsVisible(501)|Control.IsVisible(504)]+[Container.Content(movies)|Container.Content(tvshows)|Container.Content(seasons)]+!Skin.HasSetting(hideoptions)</visible>
          <radiowidth>65</radiowidth>
          <radioheight>65</radioheight>
          <radioposx>125</radioposx>
        </control>
        <control type="radiobutton" id="667">
          <description>Toggle Logo</description>
          <include>Objects_MediaMenuButton2</include>
          <label>$LOCALIZE[31241]</label>
          <aligny>center</aligny>
          <onclick>Skin.ToggleSetting(watchedoverlay)</onclick>
          <onclick>XBMC.ReloadSkin()</onclick>
          <selected>Skin.HasSetting(watchedoverlay)</selected>
          <visible>[Control.IsVisible(501)|Control.IsVisible(504)]+[Container.Content(movies)|Container.Content(tvshows)|Container.Content(seasons)]+!Skin.HasSetting(hideoptions)</visible>
          <radiowidth>65</radiowidth>
          <radioheight>65</radioheight>
          <radioposx>125</radioposx>
        </control>     
        <control type="togglebutton" id="637">
          <description>Toggle Logo</description>
          <include>Objects_MediaMenuButton2</include>
          <label>$LOCALIZE[31245]</label>
          <aligny>center</aligny>
          <altlabel>$LOCALIZE[31246]</altlabel>
          <onclick>Skin.ToggleSetting(preferplot)</onclick>
          <selected>Skin.HasSetting(preferplot)</selected>
          <visible>[[[Skin.HasSetting(fourthumbs)+Control.IsVisible(501)]|[Skin.HasSetting(fourthumbs503)+Control.IsVisible(503)]|[Skin.HasSetting(fourthumbs504)+Control.IsVisible(504)]]|[[Skin.HasSetting(fanartinfopane)+Control.IsVisible(501)]|[Skin.HasSetting(fanartinfopane503)+Control.IsVisible(503)]|[Skin.HasSetting(fanartinfopane504)+Control.IsVisible(504)]]]+Container.Content(movies)+!Skin.HasSetting(hideoptions)</visible>
          <radiowidth>65</radiowidth>
          <radioheight>65</radioheight>
          <radioposx>125</radioposx>
        </control>
        <control type="radiobutton" id="640">
          <description>Cases</description>
          <textwidth>170</textwidth>
          <include>Objects_MediaMenuButton2</include>
          <label>$LOCALIZE[31248]</label>
          <onclick>Skin.ToggleSetting(usecases)</onclick>
          <onclick>XBMC.ReloadSkin()</onclick>
          <selected>Skin.HasSetting(usecases)</selected>
          <visible>[Control.IsVisible(504)|Control.IsVisible(511)|Control.IsVisible(50)]+[Container.Content(movies)|Container.Content(tvshows)|Container.Content(seasons)|Container.Content(episodes)]+!Skin.HasSetting(hideoptions)</visible>
          <radiowidth>65</radiowidth>
          <radioheight>65</radioheight>
          <radioposx>125</radioposx>
        </control>
        <control type="radiobutton" id="665">
          <description>Cases</description>
          <textwidth>170</textwidth>
          <include>Objects_MediaMenuButton2</include>
          <label>$LOCALIZE[31248]</label>
          <onclick>Skin.ToggleSetting(usecasesinfowall)</onclick>
          <onclick>Skin.Reset(useclearcasesinfowall)</onclick>
          <selected>Skin.HasSetting(usecasesinfowall)</selected>
          <visible>Control.IsVisible(512)+[Container.Content(movies)|Container.Content(tvshows)|Container.Content(seasons)]+!Skin.HasSetting(hideoptions)</visible>
          <radiowidth>65</radiowidth>
          <radioheight>65</radioheight>
          <radioposx>125</radioposx>
        </control>
        <control type="radiobutton" id="666">
          <description>Cases</description>
          <textwidth>170</textwidth>
          <include>Objects_MediaMenuButton2</include>
          <label>$LOCALIZE[31282]</label>
          <onclick>Skin.ToggleSetting(useclearcasesinfowall)</onclick>
          <onclick>Skin.Reset(usecasesinfowall)</onclick>
          <selected>Skin.HasSetting(useclearcasesinfowall)</selected>
          <visible>Control.IsVisible(512)+[Container.Content(movies)|Container.Content(tvshows)|Container.Content(seasons)]+!Skin.HasSetting(hideoptions)</visible>
          <radiowidth>65</radiowidth>
          <radioheight>65</radioheight>
          <radioposx>125</radioposx>
        </control>
        <control type="togglebutton" id="643">
          <description>Toggle Logo</description>
          <include>Objects_MediaMenuButton2</include>
          <label>$LOCALIZE[31257]</label>
          <aligny>center</aligny>
          <altlabel>$LOCALIZE[31258]</altlabel>
          <onclick>Skin.ToggleSetting(paneldetail)</onclick>
          <selected>Skin.HasSetting(paneldetail)</selected>
          <visible>Control.IsVisible(550)+Container.Content(movies)+!Skin.HasSetting(hideoptions)</visible>
          <radiowidth>65</radiowidth>
          <radioheight>65</radioheight>
          <radioposx>125</radioposx>
        </control>
        <control type="radiobutton" id="647">
          <description>Cases</description>
          <textwidth>170</textwidth>
          <include>Objects_MediaMenuButton2</include>
          <label>$LOCALIZE[31270]</label>
          <onclick>Skin.ToggleSetting(posterslide)</onclick>
          <onclick>XBMC.ReloadSkin()</onclick>
          <selected>!Skin.HasSetting(posterslide)</selected>
          <visible>Control.IsVisible(510)+!Skin.HasSetting(hideoptions)</visible>
          <radiowidth>65</radiowidth>
          <radioheight>65</radioheight>
          <radioposx>125</radioposx>
        </control>
        <control type="radiobutton" id="636">
          <description>Toggle Logo</description>
          <include>Objects_MediaMenuButton2</include>
          <label>$LOCALIZE[31240]</label>
          <aligny>center</aligny>
          <onclick>Skin.ToggleSetting(newstatus)</onclick>
          <selected>Skin.HasSetting(newstatus)</selected>
          <visible>[[Control.IsVisible(510)+Skin.HasSetting(postersoverlay)+Skin.HasSetting(posterslide)]|Control.IsVisible(503)|Control.IsVisible(508)|Control.IsVisible(512)|Control.IsVisible(500)|Control.IsVisible(516)]+[Container.Content(movies)|Container.Content(tvshows)|Container.Content(seasons)|Container.Content(episodes)]+!Skin.HasSetting(hideoptions)</visible>
          <radiowidth>65</radiowidth>
          <radioheight>65</radioheight>
          <radioposx>125</radioposx>
        </control>
        <control type="radiobutton" id="668">
          <description>Toggle Logo</description>
          <include>Objects_MediaMenuButton2</include>
          <label>$LOCALIZE[31241]</label>
          <aligny>center</aligny>
          <onclick>Skin.ToggleSetting(watchedoverlay)</onclick>
          <selected>Skin.HasSetting(watchedoverlay)</selected>
          <visible>[[Control.IsVisible(510)+Skin.HasSetting(posterslide)]|Control.IsVisible(503)|Control.IsVisible(508)|Control.IsVisible(512)|Control.IsVisible(500)|Control.IsVisible(516)]+[Container.Content(movies)|Container.Content(tvshows)|Container.Content(seasons)|Container.Content(episodes)]+!Skin.HasSetting(hideoptions)</visible>
          <radiowidth>65</radiowidth>
          <radioheight>65</radioheight>
          <radioposx>125</radioposx>
        </control>
        <control type="togglebutton" id="663">
          <description>Toggle Logo</description>
          <include>Objects_MediaMenuButton2</include>
          <label>$LOCALIZE[31277]</label>
          <aligny>center</aligny>
          <altlabel>$LOCALIZE[31278]</altlabel>
          <onclick>Skin.ToggleSetting(posterwrap)</onclick>
          <onclick>XBMC.ReloadSkin()</onclick>
          <selected>Skin.HasSetting(posterwrap)</selected>
          <visible>Control.IsVisible(510)+!Skin.HasSetting(hideoptions)</visible>
          <radiowidth>65</radiowidth>
          <radioheight>65</radioheight>
          <radioposx>125</radioposx>
        </control>
        <control type="radiobutton" id="664">
          <description>Toggle Fanart</description>
          <radiowidth>65</radiowidth>
          <radioheight>65</radioheight>
          <radioposx>125</radioposx>
          <include>Objects_MediaMenuButton2</include>
          <label>$LOCALIZE[31280]</label>
          <onclick>Skin.ToggleSetting(infowallflags)</onclick>
          <selected>!Skin.HasSetting(infowallflags)</selected>
          <visible>Control.IsVisible(512)+[Container.Content(movies)|Container.Content(tvshows)|Container.Content(episodes)]+!Skin.HasSetting(hideoptions)</visible>
        </control>
        <control type="radiobutton" id="669">
          <description>Toggle Fanart</description>
          <radiowidth>65</radiowidth>
          <radioheight>65</radioheight>
          <radioposx>125</radioposx>
          <include>Objects_MediaMenuButton2</include>
          <label>$LOCALIZE[31285]</label>
          <onclick>Skin.ToggleSetting(disableepno)</onclick>
          <selected>!Skin.HasSetting(disableepno)</selected>
          <visible>Control.IsVisible(503)+Container.Content(episodes)+!Skin.HasSetting(hideoptions)</visible>
        </control>
        <control type="radiobutton" id="673">
          <description>Toggle Fanart</description>
          <radiowidth>65</radiowidth>
          <radioheight>65</radioheight>
          <radioposx>125</radioposx>
          <include>Objects_MediaMenuButton2</include>
          <label>$LOCALIZE[31150]</label>
          <onclick>Skin.ToggleSetting(TVInfoWallLandscape)</onclick>
          <selected>Skin.HasSetting(TVInfoWallLandscape)</selected>
          <visible>Control.IsVisible(512)+Container.Content(tvshows)+!Skin.HasSetting(hideoptions)</visible>
        </control>
      </control>
    </control>
    <control type="button" id="9000">
      <enable>Skin.HasSetting(kioskmode)</enable>
      <visible>Skin.HasSetting(kioskmode)</visible>
      <description>Sort by button</description>
      <onfocus>SetFocus(50)</onfocus>
      <texturenofocus>-</texturenofocus>
      <texturefocus>-</texturefocus>
      <alttexturenofocus>-</alttexturenofocus>
      <alttexturefocus>-</alttexturefocus>
      <label>-</label>
      <include>Objects_MediaMenuButton</include>
    </control>
  </include>
</includes>