<includes>
  <include name="NoShutdownWarning">
    <onclick>Shutdown()</onclick>
  </include>
  <include name="ShutdownWarning">
    <onclick>ActivateWindow(1113)</onclick>
  </include>

  <include name="StartUpNoCustomfocus">
    <control type="button" id="8999">
      <description>Run Recently added</description>
      <posx>-20</posx>
      <posy>-20</posy>
      <width>1</width>
      <height>1</height>
      <label>-</label>
      <font>-</font>
      <onfocus>XBMC.RunScript(script.recentlyadded,limit=8&amp;albums=False&amp;unplayed=True&amp;totals=True)</onfocus>
      <onfocus>SetFocus(9000)</onfocus>
      <texturenofocus>-</texturenofocus>
      <texturefocus>-</texturefocus>
      <visible>Skin.HasSetting(homepageHideRecentlyAdded)</visible>
    </control>

    <control type="button" id="8999">
      <description>Don't run Recently added</description>
      <posx>-20</posx>
      <posy>-20</posy>
      <width>1</width>
      <height>1</height>
      <label>-</label>
      <font>-</font>
      <onfocus>SetFocus(9000)</onfocus>
      <texturenofocus>-</texturenofocus>
      <texturefocus>-</texturefocus>
      <visible>!Skin.HasSetting(homepageHideRecentlyAdded)</visible>
    </control>
  </include>
  <include name="StartupCustomFocus">
    <control type="button" id="8999">
      <description>Run Recently added</description>
      <posx>-20</posx>
      <posy>-20</posy>
      <width>1</width>
      <height>1</height>
      <label>-</label>
      <font>-</font>
      <onfocus>XBMC.RunScript(script.recentlyadded,limit=8&amp;albums=False&amp;unplayed=True&amp;totals=True)</onfocus>
      <onfocus>SetFocus(8998)</onfocus>
      <texturenofocus>-</texturenofocus>
      <texturefocus>-</texturefocus>
      <visible>Skin.HasSetting(homepageHideRecentlyAdded)</visible>
    </control>
    <control type="button" id="8998">
      <description>Run Recently added</description>
      <posx>-20</posx>
      <posy>-20</posy>
      <width>1</width>
      <height>1</height>
      <label>-</label>
      <font>-</font>
      <onfocus>XBMC.RunScript(script.randomitems,limit=8&amp;unplayed=True)</onfocus>
      <onfocus>Control.Move(9000,$INFO[Skin.String(CustomFocusOffset)])</onfocus>
      <onfocus>SetFocus(9000)</onfocus>
      <texturenofocus>-</texturenofocus>
      <texturefocus>-</texturefocus>
      <visible>Skin.HasSetting(homepageHideRecentlyAdded)+Window.Previous(startup)</visible>
    </control>
    <control type="button" id="8998">
      <description>Run Recently added</description>
      <posx>-20</posx>
      <posy>-20</posy>
      <width>1</width>
      <height>1</height>
      <label>-</label>
      <font>-</font>
      <onfocus>XBMC.RunScript(script.randomitems,limit=8&amp;unplayed=True)</onfocus>
      <onfocus>SetFocus(9000)</onfocus>
      <texturenofocus>-</texturenofocus>
      <texturefocus>-</texturefocus>
      <visible>Skin.HasSetting(homepageHideRecentlyAdded)+!Window.Previous(startup)</visible>
    </control>
    <control type="button" id="8999">
      <description>Don't run Recently added</description>
      <posx>-20</posx>
      <posy>-20</posy>
      <width>1</width>
      <height>1</height>
      <label>-</label>
      <font>-</font>
      <onfocus>Control.Move(9000,$INFO[Skin.String(CustomFocusOffset)])</onfocus>
      <onfocus>SetFocus(9000)</onfocus>
      <texturenofocus>-</texturenofocus>
      <texturefocus>-</texturefocus>
      <visible>!Skin.HasSetting(homepageHideRecentlyAdded)</visible>
    </control>
  </include>
  <include name="HomeButton10_MenuLow">
    <control type="button" id="10">
      <description>Power push button</description>
      <include>HiddenObject</include>
      <onfocus>SetFocus(8001)</onfocus>
      <texturefocus>-</texturefocus>
      <texturenofocus>-</texturenofocus>
      <onleft>21</onleft>
      <onright>9000</onright>
      <onup>9000</onup>
      <ondown>9000</ondown>
      <visible>Container(9000).Hasfocus(11)</visible>
    </control>
    <control type="button" id="10">
      <description>Power push button</description>
      <include>HiddenObject</include>
      <onfocus>SetFocus(8002)</onfocus>
      <texturefocus>-</texturefocus>
      <texturenofocus>-</texturenofocus>
      <onleft>21</onleft>
      <onright>9000</onright>
      <onup>9000</onup>
      <ondown>9000</ondown>
      <visible>Container(9000).Hasfocus(3)</visible>
    </control>
    <control type="button" id="10">
      <description>Power push button</description>
      <include>HiddenObject</include>
      <onfocus>SetFocus(8000)</onfocus>
      <texturefocus>-</texturefocus>
      <texturenofocus>-</texturenofocus>
      <onleft>21</onleft>
      <onright>9000</onright>
      <onup>9000</onup>
      <ondown>9000</ondown>
      <visible>Container(9000).Hasfocus(10)+[Skin.HasSetting(HomeLatestMovies)|Skin.HasSetting(HomeRandomMovies)]</visible>
    </control>
    <control type="button" id="10">
      <description>Power push button</description>
      <include>HiddenObject</include>
      <onfocus>SetFocus(8003)</onfocus>
      <texturefocus>-</texturefocus>
      <texturenofocus>-</texturenofocus>
      <onleft>21</onleft>
      <onright>9000</onright>
      <onup>9000</onup>
      <ondown>9000</ondown>
      <visible>Container(9000).Hasfocus(10)+[Skin.HasSetting(HomeRandomPoster)|Skin.HasSetting(HomeLatestPoster)]+!Skin.HasSetting(HomeRandomMovies)+!Skin.HasSetting(HomeLatestMovies)</visible>
    </control>
  </include>
  <include name="HomeButton10_MenuNormal">
    <control type="button" id="10">
      <description>Power push button</description>
      <include>HiddenObject</include>
      <onfocus>Skin.ToggleSetting(lowermainmenu)</onfocus>
      <onfocus>SetFocus(9000)</onfocus>
      <texturefocus>-</texturefocus>
      <texturenofocus>-</texturenofocus>
      <onleft>21</onleft>
      <onright>9000</onright>
      <onup>9000</onup>
      <ondown>9000</ondown>
      <visible>![Container(9000).Hasfocus(10)+[Skin.HasSetting(HomeRandomPoster)|Skin.HasSetting(HomeLatestPoster)]]</visible>
    </control>
    <control type="button" id="10">
      <description>Power push button</description>
      <include>HiddenObject</include>
      <onfocus>SetFocus(8003)</onfocus>
      <texturefocus>-</texturefocus>
      <texturenofocus>-</texturenofocus>
      <onleft>21</onleft>
      <onright>9000</onright>
      <onup>9000</onup>
      <ondown>9000</ondown>
      <visible>Container(9000).Hasfocus(10)+[Skin.HasSetting(HomeRandomPoster)|Skin.HasSetting(HomeLatestPoster)]</visible>
    </control>
  </include>
  <include name="HomeButton10_MenuLock">
    <control type="button" id="10">
      <description>Power push button</description>
      <include>HiddenObject</include>
      <onfocus>SetFocus(9000)</onfocus>
      <texturefocus>-</texturefocus>
      <texturenofocus>-</texturenofocus>
      <onleft>21</onleft>
      <onright>9000</onright>
      <onup>9000</onup>
      <ondown>9000</ondown>
      <visible>![Container(9000).Hasfocus(10)+[Skin.HasSetting(HomeRandomPoster)|Skin.HasSetting(HomeLatestPoster)]]</visible>
    </control>
    <control type="button" id="10">
      <description>Power push button</description>
      <include>HiddenObject</include>
      <onfocus>SetFocus(8003)</onfocus>
      <texturefocus>-</texturefocus>
      <texturenofocus>-</texturenofocus>
      <onleft>21</onleft>
      <onright>9000</onright>
      <onup>9000</onup>
      <ondown>9000</ondown>
      <visible>Container(9000).Hasfocus(10)+[Skin.HasSetting(HomeRandomPoster)|Skin.HasSetting(HomeLatestPoster)]</visible>
    </control>
  </include>
  <include name="HomeButton340_MenuNormal">
    <control type="button" id="340">
      <description>Invisible button: Latest/Random Movies</description>
      <include>HiddenObject</include>
      <texturefocus>-</texturefocus>
      <texturenofocus>-</texturenofocus>
      <onfocus>SetFocus(8000)</onfocus>
      <visible>Container(9000).HasFocus(10)</visible>
    </control>
    <control type="button" id="340">
      <description>Invisible button: Latest/Random TV</description>
      <include>HiddenObject</include>
      <texturefocus>-</texturefocus>
      <texturenofocus>-</texturenofocus>
      <onfocus>SetFocus(8001)</onfocus>
      <visible>Container(9000).HasFocus(11)</visible>
    </control>
    <control type="button" id="340">
      <description>Invisible button: Latest/Random Music</description>
      <include>HiddenObject</include>
      <texturefocus>-</texturefocus>
      <texturenofocus>-</texturenofocus>
      <onfocus>SetFocus(8002)</onfocus>
      <visible>Container(9000).HasFocus(3)</visible>
    </control>
  </include>
  <include name="HomeButton340_MenuLow">
    <control type="button" id="340">
      <description>Invisible button: Latest/Random Movies</description>
      <include>HiddenObject</include>
      <texturefocus>-</texturefocus>
      <texturenofocus>-</texturenofocus>
      <onfocus>SetFocus(9000)</onfocus>
      <visible>!Container(9000).HasFocus(10)</visible>
    </control>
    <control type="button" id="340">
      <description>Invisible button: Latest/Random Movies</description>
      <include>HiddenObject</include>
      <texturefocus>-</texturefocus>
      <texturenofocus>-</texturenofocus>
      <onfocus>SetFocus(8003)</onfocus>
      <visible>Container(9000).HasFocus(10)</visible>
    </control>
  </include>
  <include name="CustomSubMusic1">
    <item id="90122">
      <label>$INFO[Skin.String(HomeMusicPlaylist1_Label)]</label>
      <onclick>XBMC.ActivateWindow(10025,$INFO[Skin.String(HomeMusicPlaylist1_Path)],return)</onclick>
      <visible>Container(9000).HasFocus(3)+Skin.HasSetting(HomeMusicPlaylist1)+!IsEmpty(Skin.String(HomeMusicPlaylist1_Label))</visible>
    </item>
  </include>
  <include name="CustomSubMusic2">
    <item id="90123">
      <label>$INFO[Skin.String(HomeMusicPlaylist2_Label)]</label>
      <onclick>XBMC.ActivateWindow(10025,$INFO[Skin.String(HomeMusicPlaylist2_Path)],return)</onclick>
      <visible>Container(9000).HasFocus(3)+Skin.HasSetting(HomeMusicPlaylist2)+!IsEmpty(Skin.String(HomeMusicPlaylist2_Label))</visible>
    </item>
  </include>
  <include name="CustomSubMusic3">
    <item id="90124">
      <label>$INFO[Skin.String(HomeMusicPlaylist3_Label)]</label>
      <onclick>XBMC.ActivateWindow(10025,$INFO[Skin.String(HomeMusicPlaylist3_Path)],return)</onclick>
      <visible>Container(9000).HasFocus(3)+Skin.HasSetting(HomeMusicPlaylist3)+!IsEmpty(Skin.String(HomeMusicPlaylist3_Label))</visible>
    </item>
  </include>
  <include name="CustomSubMusic4">
    <item id="90125">
      <label>$INFO[Skin.String(HomeMenuSubMusicFavourite1_Label)]</label>
      <onclick>$INFO[Skin.String(HomeMenuSubMusicFavourite1_Path)]</onclick>
      <visible>Container(9000).HasFocus(3)+Skin.HasSetting(HomeMenuSubMusicFavourite1)+!IsEmpty(Skin.String(HomeMenuSubMusicFavourite1_Label))</visible>
    </item>
  </include>
  <include name="CustomSubMusic5">
    <item id="90126">
      <label>$INFO[Skin.String(HomeMenuSubMusicFavourite2_Label)]</label>
      <onclick>$INFO[Skin.String(HomeMenuSubMusicFavourite2_Path)]</onclick>
      <visible>Container(9000).HasFocus(3)+Skin.HasSetting(HomeMenuSubMusicFavourite2)+!IsEmpty(Skin.String(HomeMenuSubMusicFavourite2_Label))</visible>
    </item>
  </include>
  <include name="CustomSubMusic6">
    <item id="90127">
      <label>$INFO[Skin.String(HomeMenuSubMusicFavourite3_Label)]</label>
      <onclick>$INFO[Skin.String(HomeMenuSubMusicFavourite3_Path)]</onclick>
      <visible>Container(9000).HasFocus(3)+Skin.HasSetting(HomeMenuSubMusicFavourite3)+!IsEmpty(Skin.String(HomeMenuSubMusicFavourite3_Label))</visible>
    </item>
  </include>
  <include name="CustomSubMovies1">
    <item id="90180">
      <label>$INFO[Skin.String(HomeMoviePlaylist1_Label)]</label>
      <onclick>XBMC.ActivateWindow(10025,$INFO[Skin.String(HomeMoviePlaylist1_Path)],return)</onclick>
      <visible>Container(9000).HasFocus(10)+Skin.HasSetting(HomeMoviePlaylist1)+!IsEmpty(Skin.String(HomeMoviePlaylist1_Label))</visible>
    </item>
  </include>
  <include name="CustomSubMovies2">
    <item id="90181">
      <label>$INFO[Skin.String(HomeMoviePlaylist2_Label)]</label>
      <onclick>XBMC.ActivateWindow(10025,$INFO[Skin.String(HomeMoviePlaylist2_Path)],return)</onclick>
      <visible>Container(9000).HasFocus(10)+Skin.HasSetting(HomeMoviePlaylist2)+!IsEmpty(Skin.String(HomeMoviePlaylist2_Label))</visible>
    </item>
  </include>
  <include name="CustomSubMovies3">
    <item id="90182">
      <label>$INFO[Skin.String(HomeMoviePlaylist3_Label)]</label>
      <onclick>XBMC.ActivateWindow(10025,$INFO[Skin.String(HomeMoviePlaylist3_Path)],return)</onclick>
      <visible>Container(9000).HasFocus(10)+Skin.HasSetting(HomeMoviePlaylist3)+!IsEmpty(Skin.String(HomeMoviePlaylist3_Label))</visible>
    </item>
  </include>
  <include name="CustomSubMovies4">
    <item id="90183">
      <label>$INFO[Skin.String(HomeMenuSubMoviesFavourite1_Label)]</label>
      <onclick>$INFO[Skin.String(HomeMenuSubMoviesFavourite1_Path)]</onclick>
      <visible>Container(9000).HasFocus(10)+Skin.HasSetting(HomeMenuSubMoviesFavourite1)+!IsEmpty(Skin.String(HomeMenuSubMoviesFavourite1_Label))</visible>
    </item>
  </include>
  <include name="CustomSubMovies5">
    <item id="90184">
      <label>$INFO[Skin.String(HomeMenuSubMoviesFavourite2_Label)]</label>
      <onclick>$INFO[Skin.String(HomeMenuSubMoviesFavourite2_Path)]</onclick>
      <visible>Container(9000).HasFocus(10)+Skin.HasSetting(HomeMenuSubMoviesFavourite2)+!IsEmpty(Skin.String(HomeMenuSubMoviesFavourite2_Label))</visible>
    </item>
  </include>
  <include name="CustomSubMovies6">
    <item id="90185">
      <label>$INFO[Skin.String(HomeMenuSubMoviesFavourite3_Label)]</label>
      <onclick>$INFO[Skin.String(HomeMenuSubMoviesFavourite3_Path)]</onclick>
      <visible>Container(9000).HasFocus(10)+Skin.HasSetting(HomeMenuSubMoviesFavourite3)+!IsEmpty(Skin.String(HomeMenuSubMoviesFavourite3_Label))</visible>
    </item>
  </include>
  <include name="CustomSubTV1">
    <item id="90176">
      <label>$INFO[Skin.String(HomeTVPlaylist1_Label)]</label>
      <onclick>XBMC.ActivateWindow(10025,$INFO[Skin.String(HomeTVPlaylist1_Path)],return)</onclick>
      <visible>Container(9000).HasFocus(11)+Skin.HasSetting(HomeTVPlaylist1)+!IsEmpty(Skin.String(HomeTVPlaylist1_Label))</visible>
    </item>
  </include>
  <include name="CustomSubTV2">
    <item id="90177">
      <label>$INFO[Skin.String(HomeTVPlaylist2_Label)]</label>
      <onclick>XBMC.ActivateWindow(10025,$INFO[Skin.String(HomeTVPlaylist2_Path)],return)</onclick>
      <visible>Container(9000).HasFocus(11)+Skin.HasSetting(HomeTVPlaylist2)+!IsEmpty(Skin.String(HomeTVPlaylist2_Label))</visible>
    </item>
  </include>
  <include name="CustomSubTV3">
    <item id="90178">
      <label>$INFO[Skin.String(HomeTVPlaylist3_Label)]</label>
      <onclick>XBMC.ActivateWindow(10025,$INFO[Skin.String(HomeTVPlaylist3_Path)],return)</onclick>
      <visible>Container(9000).HasFocus(11)+Skin.HasSetting(HomeTVPlaylist3)+!IsEmpty(Skin.String(HomeTVPlaylist3_Label))</visible>
    </item>
  </include>
  <include name="CustomSubTV4">
    <item id="90186">
      <label>$INFO[Skin.String(HomeMenuSubTVFavourite1_Label)]</label>
      <onclick>$INFO[Skin.String(HomeMenuSubTVFavourite1_Path)]</onclick>
      <visible>Container(9000).HasFocus(11)+Skin.HasSetting(HomeMenuSubTVFavourite1)+!IsEmpty(Skin.String(HomeMenuSubTVFavourite1_Label))</visible>
    </item>
  </include>
  <include name="CustomSubTV5">
    <item id="90187">
      <label>$INFO[Skin.String(HomeMenuSubTVFavourite2_Label)]</label>
      <onclick>$INFO[Skin.String(HomeMenuSubTVFavourite2_Path)]</onclick>
      <visible>Container(9000).HasFocus(11)+Skin.HasSetting(HomeMenuSubTVFavourite2)+!IsEmpty(Skin.String(HomeMenuSubTVFavourite2_Label))</visible>
    </item>
  </include>
  <include name="CustomSubTV6">
    <item id="90188">
      <label>$INFO[Skin.String(HomeMenuSubTVFavourite3_Label)]</label>
      <onclick>$INFO[Skin.String(HomeMenuSubTVFavourite3_Path)]</onclick>
      <visible>Container(9000).HasFocus(11)+Skin.HasSetting(HomeMenuSubTVFavourite3)+!IsEmpty(Skin.String(HomeMenuSubTVFavourite3_Label))</visible>
    </item>
  </include>
  <include name="MovieTitlesCinExp">
    <onclick>XBMC.RunScript(script.cinema.experience,movietitles)</onclick>
  </include>
  <include name="MovieTitlesNoCinExp">
    <onclick>ActivateWindow(VideoLibrary,MovieTitles,return)</onclick>
  </include>
  <include name="MovieGenresCinExp">
    <onclick>XBMC.RunScript(script.cinema.experience,moviegenres)</onclick>
  </include>
  <include name="MovieGenresNoCinExp">
    <onclick>ActivateWindow(VideoLibrary,MovieGenres,return)</onclick>
  </include>
  <include name="MovieYearsCinExp">
    <onclick>XBMC.RunScript(script.cinema.experience,movieyears)</onclick>
  </include>
  <include name="MovieYearsNoCinExp">
    <onclick>ActivateWindow(VideoLibrary,MovieYears,return)</onclick>
  </include>
  <include name="MovieActorsCinExp">
    <onclick>XBMC.RunScript(script.cinema.experience,movieactors)</onclick>
  </include>
  <include name="MovieActorsNoCinExp">
    <onclick>ActivateWindow(VideoLibrary,MovieActors,return)</onclick>
  </include>
  <include name="MovieDirectorsCinExp">
    <onclick>XBMC.RunScript(script.cinema.experience,moviedirectors)</onclick>
  </include>
  <include name="MovieDirectorsNoCinExp">
    <onclick>ActivateWindow(VideoLibrary,MovieDirectors,return)</onclick>
  </include>
  <include name="MovieRecentAddedCinExp">
    <onclick>XBMC.RunScript(script.cinema.experience,recentlyaddedmovies)</onclick>
  </include>
  <include name="MovieRecentAddedNoCinExp">
    <onclick>ActivateWindow(VideoLibrary,RecentlyAddedMovies,return)</onclick>
  </include>
  <include name="CustomMainSPL1">
    <item id="15">
      <label>$INFO[Skin.String(HomeMenuVideoPlaylist1_Label)]</label>
      <onclick>XBMC.ActivateWindow(10025,$INFO[Skin.String(HomeMenuVideoPlaylist1_Path)],return)</onclick>
      <icon>special://skin/backgrounds/playlist.jpg</icon>
      <thumb>$INFO[Skin.String(Home_Custom_Back_Custom1_Folder)]</thumb>
      <visible>Skin.HasSetting(HomeMenuVideoPlaylist1)+!IsEmpty(Skin.String(HomeMenuVideoPlaylist1_Label))</visible>
    </item>
  </include>
  <include name="CustomMainSPL2">
    <item id="16">
      <label>$INFO[Skin.String(HomeMenuVideoPlaylist2_Label)]</label>
      <icon>special://skin/backgrounds/playlist.jpg</icon>
      <thumb>$INFO[Skin.String(Home_Custom_Back_Custom2_Folder)]</thumb>
      <onclick>XBMC.ActivateWindow(10025,$INFO[Skin.String(HomeMenuVideoPlaylist2_Path)],return)</onclick>
      <visible>Skin.HasSetting(HomeMenuVideoPlaylist2)+!IsEmpty(Skin.String(HomeMenuVideoPlaylist2_Label))</visible>
    </item>
  </include>
  <include name="CustomMainSPL3">
    <item id="17">
      <label>$INFO[Skin.String(HomeMenuVideoPlaylist3_Label)]</label>
      <icon>special://skin/backgrounds/playlist.jpg</icon>
      <thumb>$INFO[Skin.String(Home_Custom_Back_Custom3_Folder)]</thumb>
      <onclick>XBMC.ActivateWindow(10025,$INFO[Skin.String(HomeMenuVideoPlaylist3_Path)],return)</onclick>
      <visible>Skin.HasSetting(HomeMenuVideoPlaylist3)+!IsEmpty(Skin.String(HomeMenuVideoPlaylist3_Label))</visible>
    </item>
  </include>
  <include name="CustomMainFav1">
    <item id="18">
      <label>$INFO[Skin.String(HomeMenuFavourite1_Label)]</label>
      <onclick>$INFO[Skin.String(HomeMenuFavourite1_Path)]</onclick>
      <icon>special://skin/backgrounds/favourites.jpg</icon>
      <thumb>$INFO[Skin.String(Home_Custom_Back_Favourite1_Folder)]</thumb>
      <visible>Skin.HasSetting(HomeMenuFavourite1)+!IsEmpty(Skin.String(HomeMenuFavourite1_Label))</visible>
    </item>  
  </include>
  <include name="CustomMainFav2">
    <item id="19">
      <label>$INFO[Skin.String(HomeMenuFavourite2_Label)]</label>
      <icon>special://skin/backgrounds/favourites.jpg</icon>
      <thumb>$INFO[Skin.String(Home_Custom_Back_Favourite2_Folder)]</thumb>
      <onclick>$INFO[Skin.String(HomeMenuFavourite2_Path)]</onclick>
      <visible>Skin.HasSetting(HomeMenuFavourite2)+!IsEmpty(Skin.String(HomeMenuFavourite2_Label))</visible>
    </item>
  </include>
  <include name="CustomMainFav3">
    <item id="20">
      <label>$INFO[Skin.String(HomeMenuFavourite3_Label)]</label>
      <icon>special://skin/backgrounds/favourites.jpg</icon>
      <thumb>$INFO[Skin.String(Home_Custom_Back_Favourite3_Folder)]</thumb>
      <onclick>$INFO[Skin.String(HomeMenuFavourite3_Path)]</onclick>
      <visible>Skin.HasSetting(HomeMenuFavourite3)+!IsEmpty(Skin.String(HomeMenuFavourite3_Label))</visible>
    </item>
  </include>
  <include name="CustomMainFav4">
    <item id="21">
      <label>$INFO[Skin.String(HomeMenuFavourite4_Label)]</label>
      <icon>special://skin/backgrounds/favourites.jpg</icon>
      <thumb>$INFO[Skin.String(Home_Custom_Back_Favourite4_Folder)]</thumb>
      <onclick>$INFO[Skin.String(HomeMenuFavourite4_Path)]</onclick>
      <visible>Skin.HasSetting(HomeMenuFavourite4)+!IsEmpty(Skin.String(HomeMenuFavourite4_Label))</visible>
    </item>
  </include>
  <include name="CustomMainFav5">
    <item id="22">
      <label>$INFO[Skin.String(HomeMenuFavourite5_Label)]</label>
      <icon>special://skin/backgrounds/favourites.jpg</icon>
      <thumb>$INFO[Skin.String(Home_Custom_Back_Favourite5_Folder)]</thumb>
      <onclick>$INFO[Skin.String(HomeMenuFavourite5_Path)]</onclick>
      <visible>Skin.HasSetting(HomeMenuFavourite5)+!IsEmpty(Skin.String(HomeMenuFavourite5_Label))</visible>
    </item>
  </include>
  <include name="CustomMainFav6">
    <item id="23">
      <label>$INFO[Skin.String(HomeMenuFavourite6_Label)]</label>
      <icon>special://skin/backgrounds/favourites.jpg</icon>
      <thumb>$INFO[Skin.String(Home_Custom_Back_Favourite6_Folder)]</thumb>
      <onclick>$INFO[Skin.String(HomeMenuFavourite6_Path)]</onclick>
      <visible>Skin.HasSetting(HomeMenuFavourite6)+!IsEmpty(Skin.String(HomeMenuFavourite6_Label))</visible>
    </item>
  </include>
  <include name="Furniture_ClassicHome">
    <control type="group">
      <visible>Skin.HasSetting(classichome)+![Player.HasMedia + System.IdleTime(8)]|Control.HasFocus(8003)</visible>
      <control type="image">
        <posx>0</posx>
        <posy>302</posy>
        <width>1280</width>
        <height>150</height>
        <texture>home/homemenu_back.png</texture>
        <include>Animation_CommonFade</include>
      </control>
      <control type="image">
        <posx>0</posx>
        <posy>302</posy>
        <width>1280</width>
        <height>150</height>
        <texture>home/homemenu_gradient.png</texture>
        <include>Animation_CommonFade</include>
        <colordiffuse>d0FFFFFF</colordiffuse>
      </control>
    </control>
    <control type="image">
      <posx>0</posx>
      <posy>342</posy>
      <width>1280</width>
      <height>65</height>
      <texture>osd/fullscreen_bottom.png</texture>
      <visible>[Player.HasMedia + System.IdleTime(8)]+[Skin.HasSetting(glasshome)|Skin.HasSetting(classichome)]+!Control.HasFocus(8003)</visible>
    </control>
    <!-- Home OSD -->
    <control type="group">
      <visible>Skin.HasSetting(classichome)</visible>
      <control type="label">
        <posx>0</posx>
        <posy>343</posy>
        <width>1280</width>
        <height>61</height>
        <align>center</align>
        <aligny>center</aligny>
        <font>Font_MainClassic</font>
        <textcolor>48FFFFFF</textcolor>
        <label>$INFO[Player.Time]   /   $INFO[Player.Duration]</label>
        <animation effect="fade"  start="0" end="100" time="1050" condition="Player.HasAudio + System.IdleTime(8)">Conditional</animation>
        <visible>Player.HasMedia + System.IdleTime(8)+!Control.HasFocus(8003)+Player.HasDuration</visible>
      </control>
      <!-- Same label but for streaming files -->
      <control type="label">
        <posx>0</posx>
        <posy>343</posy>
        <width>1280</width>
        <height>61</height>
        <align>center</align>
        <aligny>center</aligny>
        <font>Font_MainClassic</font>
        <textcolor>48FFFFFF</textcolor>
        <label>$INFO[Player.Time]   /   Streaming..</label>
        <animation effect="fade"  start="0" end="100" time="1050" condition="Player.HasAudio + System.IdleTime(8)">Conditional</animation>
        <visible>Player.HasMedia + System.IdleTime(8)+!Control.HasFocus(8003)+!Player.HasDuration</visible>
      </control>
    </control>
  </include>
  <include name="Furniture_GlassHome">
    <control type="group">
      <visible>Skin.HasSetting(glasshome)</visible>
      <control type="image">
        <posx>0</posx>
        <posy>302</posy>
        <width>1280</width>
        <height>150</height>
        <texture>home/glass_bar_back.png</texture>
        <include>Animation_CommonFade</include>
      </control>
      <control type="image">
        <posx>30</posx>
        <posy>342</posy>
        <width>1350</width>
        <height>64</height>
        <texture>views/showcase_spot.png</texture>
        <include>Animation_CommonFade</include>
        <animation effect="fade" start="100" end="35" time="50" condition="true">Conditional</animation>
      </control>
      <control type="image">
        <posx>0</posx>
        <posy>342</posy>
        <width>1280</width>
        <height>64</height>
        <texture>home/glass_bar.png</texture>
        <aspectratio scalediffuse="false">stretch</aspectratio>
        <include>Animation_CommonFade</include>
        <visible>!Skin.HasSetting(classichome)|[Player.HasMedia + System.IdleTime(8)]</visible>
        <animation effect="fade" start="100" end="80" time="50" condition="true">Conditional</animation>
      </control>
    </control>
    <!-- Home OSD -->
    <control type="group">
      <visible>!Skin.HasSetting(classichome)</visible>
      <control type="label">
        <posx>0</posx>
        <posy>343</posy>
        <width>1280</width>
        <height>61</height>
        <align>center</align>
        <aligny>center</aligny>
        <font>Font_MainMenu</font>
        <textcolor>48FFFFFF</textcolor>
        <label>$INFO[Player.Time]   /   $INFO[Player.Duration]</label>
        <animation effect="fade"  start="0" end="100" time="1050" condition="Player.HasAudio + System.IdleTime(8)">Conditional</animation>
        <visible>Player.HasMedia + System.IdleTime(8)+!Control.HasFocus(8003)+Player.HasDuration</visible>
      </control>
      <!-- Same label but for streaming files -->
      <control type="label">
        <posx>0</posx>
        <posy>343</posy>
        <width>1280</width>
        <height>61</height>
        <align>center</align>
        <aligny>center</aligny>
        <font>Font_MainMenu</font>
        <textcolor>48FFFFFF</textcolor>
        <label>$INFO[Player.Time]   /   Streaming..</label>
        <animation effect="fade"  start="0" end="100" time="1050" condition="Player.HasAudio + System.IdleTime(8)">Conditional</animation>
        <visible>Player.HasMedia + System.IdleTime(8)+!Control.HasFocus(8003)+!Player.HasDuration</visible>
      </control>
    </control>
  </include>
  <include name="Furniture_NoxHome">
    <control type="image">
      <posx>0</posx>
      <posy>340</posy>
      <width>1280</width>
      <height>66</height>
      <texture>osd/osd_back.png</texture>
      <include>Animation_CommonFade</include>
      <visible>[!Skin.HasSetting(classichome)+!Skin.HasSetting(glasshome)]</visible>
    </control>
    <!-- Home OSD -->
    <control type="group">
      <visible>!Skin.HasSetting(classichome)</visible>
      <control type="label">
        <posx>0</posx>
        <posy>343</posy>
        <width>1280</width>
        <height>61</height>
        <align>center</align>
        <aligny>center</aligny>
        <font>Font_MainMenu</font>
        <textcolor>48FFFFFF</textcolor>
        <label>$INFO[Player.Time]   /   $INFO[Player.Duration]</label>
        <animation effect="fade"  start="0" end="100" time="1050" condition="Player.HasAudio + System.IdleTime(8)">Conditional</animation>
        <visible>Player.HasMedia + System.IdleTime(8)+!Control.HasFocus(8003)+Player.HasDuration</visible>
      </control>
      <!-- Same label but for streaming files -->
      <control type="label">
        <posx>0</posx>
        <posy>343</posy>
        <width>1280</width>
        <height>61</height>
        <align>center</align>
        <aligny>center</aligny>
        <font>Font_MainMenu</font>
        <textcolor>48FFFFFF</textcolor>
        <label>$INFO[Player.Time]   /   Streaming..</label>
        <animation effect="fade"  start="0" end="100" time="1050" condition="Player.HasAudio + System.IdleTime(8)">Conditional</animation>
        <visible>Player.HasMedia + System.IdleTime(8)+!Control.HasFocus(8003)+!Player.HasDuration</visible>
      </control>
    </control>
  </include>
</includes>






