<includes>
  <include name="ShowcaseInfoPaneMusic">

    <control type="group">
      <visible>Control.IsVisible(199)+!Control.HasFocus(110)+Skin.HasSetting(infopanelmusic)</visible>
      <animation effect="slide" start="0,-630" end="0,0" time="550" easing="out" tween="cubic">VisibleChange</animation>
      <control type="image">
        <posy>-30</posy>
        <width>1280</width>
        <height>613</height>
        <texture>common/black.png</texture>
        <colordiffuse>aaffffff</colordiffuse>
        <animation effect="fade" start="0" end="100" time="550" delay="200">Visible</animation>
        <visible>Control.IsVisible(199)</visible>
        <visible>Skin.HasSetting(darkinfopane)</visible>
      </control>
      <control type="group">
        <!-- info pane -->
        <posx>0</posx>
        <posy>26</posy>
        <animation effect="fade" end="0" time="200">WindowClose</animation>
        <width>1280</width>
        <height>500</height>
        <control type="image">
          <posx>75</posx>
          <width>1130</width>
          <height>590</height>
          <texture background="true" border="0,0,0,204">views/multiplex_back.png</texture>
          <include>Animation_CommonFade</include>
          <visible>!Skin.HasSetting(lightinfopanel)</visible>
        </control>
        <control type="image">
          <posx>75</posx>
          <width>1130</width>
          <height>590</height>
          <texture border="0,0,0,204">views/multiplex_tvposter_tablet.png</texture>
        </control>
        <include condition="Skin.HasSetting(effect_bg)">BG_Effect_Showcase_Panel</include>
        <control type="group">
          <!--fanart-->
          <posx>555</posx>
          <posy>35</posy>
          <control type="image">
            <posx>1</posx>
            <posy>1</posy>
            <width>578</width>
            <height>325</height>
            <aspectratio>scale</aspectratio>
            <fadetime>400</fadetime>
            <texture>common/black.png</texture>
            <colordiffuse>94FFFFFF</colordiffuse>
          </control>
          <control type="multiimage">
            <posx>1</posx>
            <posy>1</posy>
            <width>578</width>
            <height>325</height>
            <imagepath fallback="special://skin/backgrounds/music.jpg" background="true">$INFO[Skin.String(Home_Custom_Back_Music_Folder)]</imagepath>
            <timeperimage>10000</timeperimage>
            <randomize>true</randomize>
            <aspectratio>scale</aspectratio>
            <fadetime>1000</fadetime>
            <visible>IsEmpty(ListItem.property(fanart_image))</visible>
          </control>
          <control type="image">
            <posx>1</posx>
            <posy>1</posy>
            <width>578</width>
            <height>325</height>
            <aspectratio>scale</aspectratio>
            <fadetime>400</fadetime>
            <texture background="true">$INFO[ListItem.property(fanart_image)]</texture>
            <visible>!IsEmpty(ListItem.property(fanart_image))</visible>
          </control>
        </control>
        <control type="group">
          <visible>Container.Content(albums)</visible>
          <posx>105</posx>
          <posy>42</posy>
          <control type="label">
            <posx>0</posx>
            <posy>-6</posy>
            <height>13</height>
            <width>280</width>
            <font>Font_Info</font>
            <textcolor>abFFFFFF</textcolor>
            <label>$LOCALIZE[176]:</label>
          </control>
          <control type="label">
            <posx>0</posx>
            <posy>13</posy>
            <height>13</height>
            <width>380</width>
            <font>Font_Info</font>
            <textcolor>white</textcolor>
            <label fallback="312577">$INFO[ListItem.Property(Album_Style)]</label>
          </control>
          <control type="label">
            <posx>0</posx>
            <posy>43</posy>
            <height>13</height>
            <width>280</width>
            <font>Font_Info</font>
            <textcolor>abFFFFFF</textcolor>
            <label>$LOCALIZE[467]:</label>
          </control>
          <control type="label">
            <posx>0</posx>
            <posy>62</posy>
            <height>13</height>
            <width>380</width>
            <font>Font_Info</font>
            <textcolor>white</textcolor>
            <label fallback="312577">$INFO[ListItem.Property(Album_Type)]</label>
          </control>
          <control type="label">
            <posx>0</posx>
            <posy>86</posy>
            <height>13</height>
            <width>280</width>
            <font>Font_Info</font>
            <textcolor>abFFFFFF</textcolor>
            <label>$LOCALIZE[175]:</label>
          </control>
          <control type="label">
            <posx>0</posx>
            <posy>105</posy>
            <height>13</height>
            <width>380</width>
            <font>Font_Info</font>
            <textcolor>white</textcolor>
            <label fallback="312577">$INFO[ListItem.Property(Album_Mood)]</label>
          </control>
          <control type="textbox">
            <posx>0</posx>
            <posy>137</posy>
            <width>380</width>
            <height>172</height>
            <font>Font_Info</font>
            <label fallback="312577">$INFO[ListItem.Property(Album_Description)]</label>
            <textcolor>d0FFFFFF</textcolor>
            <autoscroll delay="8000" time="2000" repeat="8000">Skin.HasSetting(AutoScroll)</autoscroll>
          </control>
        </control>
        <control type="group">
          <visible>Container.Content(artists)</visible>
          <posx>105</posx>
          <posy>42</posy>
          <control type="group">
            <visible>!IsEmpty(ListItem.Property(Artist_Born))</visible>
            <control type="label">
              <posx>0</posx>
              <posy>-6</posy>
              <height>13</height>
              <width>280</width>
              <font>Font_Info</font>
              <textcolor>abFFFFFF</textcolor>
              <label>$LOCALIZE[21893]:</label>
            </control>
            <control type="label">
              <posx>0</posx>
              <posy>13</posy>
              <height>13</height>
              <width>380</width>
              <font>Font_Info</font>
              <textcolor>white</textcolor>
              <label>$INFO[ListItem.Property(Artist_Born)]</label>
            </control>
          </control>
          <control type="group">
            <visible>!IsEmpty(ListItem.Property(Artist_Formed))</visible>
            <control type="label">
              <posx>0</posx>
              <posy>-6</posy>
              <height>13</height>
              <width>280</width>
              <font>Font_Info</font>
              <textcolor>abFFFFFF</textcolor>
              <label>$LOCALIZE[21894]:</label>
            </control>
            <control type="label">
              <posx>0</posx>
              <posy>13</posy>
              <height>13</height>
              <width>380</width>
              <font>Font_Info</font>
              <textcolor>white</textcolor>
              <label>$INFO[ListItem.Property(Artist_Formed)]</label>
            </control>
          </control>
          <control type="label">
            <posx>0</posx>
            <posy>13</posy>
            <height>13</height>
            <width>380</width>
            <font>Font_Info</font>
            <textcolor>white</textcolor>
            <label>312577</label>
            <visible>IsEmpty(ListItem.Property(Artist_Formed))+IsEmpty(ListItem.Property(Artist_Born))</visible>
          </control>
          <control type="label">
            <posx>0</posx>
            <posy>43</posy>
            <height>13</height>
            <width>280</width>
            <font>Font_Info</font>
            <textcolor>abFFFFFF</textcolor>
            <label>$LOCALIZE[21898]:</label>
          </control>
          <control type="label">
            <posx>0</posx>
            <posy>62</posy>
            <height>13</height>
            <width>380</width>
            <font>Font_Info</font>
            <textcolor>white</textcolor>
            <label fallback="312577">$INFO[ListItem.Property(Artist_YearsActive)]</label>
          </control>
          <control type="label">
            <posx>0</posx>
            <posy>86</posy>
            <height>13</height>
            <width>280</width>
            <font>Font_Info</font>
            <textcolor>abFFFFFF</textcolor>
            <label>$LOCALIZE[176]:</label>
          </control>
          <control type="label">
            <posx>0</posx>
            <posy>105</posy>
            <height>13</height>
            <width>380</width>
            <font>Font_Info</font>
            <textcolor>white</textcolor>
            <label fallback="312577">$INFO[ListItem.Property(Artist_Style)]</label>
          </control>
          <control type="textbox">
            <posx>0</posx>
            <posy>137</posy>
            <width>380</width>
            <height>172</height>
            <font>Font_Info</font>
            <label fallback="312577">$INFO[ListItem.Property(Artist_Description)]</label>
            <textcolor>d0FFFFFF</textcolor>
            <autoscroll delay="8000" time="2000" repeat="8000">Skin.HasSetting(AutoScroll)</autoscroll>
          </control>
        </control>
      </control>




    </control>
  </include>
</includes>
