<window id="501">
	<defaultcontrol always="true">50</defaultcontrol>
	<allowoverlay>no</allowoverlay>
	<views>50,509,513,550,500,506,512</views>
	<controls>
    <include>CommonMusicBackground</include>
    <include condition="Skin.HasSetting(cdartfliplist)">CDArtFlip</include>
    <control type="group">
      <include>Animation_OpenCloseZoom</include>
      <include>Animation_HideMusic</include>
      <visible>Control.IsVisible(513)|Control.IsVisible(509)|Control.IsVisible(50)</visible>
      <include>Furniture_Showcase</include>
    </control>
    <control type="group">
      <visible>Control.IsVisible(500)|Control.IsVisible(512)</visible>
      <include>Furniture_WallBackground</include>
      <include>Furniture_WallBackground_Small</include>
    </control>
    <control type="group">
			<include>Animation_OpenCloseZoom</include>		
			<include>CommonRootView</include> <!-- view id = 50 -->
			<include>ShowcaseQuadrate</include><!-- view id = 51 -->
			<include>Viewtype_Wall</include> <!-- view id = 500 -->
    	<include>ShowcaseCD</include>
      <include>AddonWall</include>
    </control>
    <control type="group">
      <visible>Control.IsVisible(513)|Control.IsVisible(509)|Control.IsVisible(500)</visible>
      <include>MusicMediaFlags</include>
    </control>
    <control type="group">
      <include>Animation_OpenCloseZoom</include>
      <visible>Control.IsVisible(513)|Control.IsVisible(509)</visible>
      <include>Furniture_DarkGradient</include>
    </control>
    <control type="group">
      <visible>Control.IsVisible(512)|Control.IsVisible(506)|Control.IsVisible(50)</visible>
      <animation effect="slide" start="0,0" end="380,365" reversible="true" condition="Control.IsVisible(512)">Conditional</animation>
      <animation effect="slide" start="0,0" end="380,0" reversible="true" condition="Control.IsVisible(50)">Conditional</animation>
      <include>VideoWindowPosters</include>
    </control>
    <include>ScrollOffsetLabel</include>
    <include condition="Skin.HasSetting(breadcrumb)">Breadcrumbs</include>
    <include condition="Skin.HasSetting(globaltime)">Furniture_Clock</include>
    <include>Furniture_NowPlayingWidget</include>
    <include>Media_Menu</include>
  </controls>
</window>
