<window id="1">
	<defaultcontrol always="true">50</defaultcontrol>
	<allowoverlay>no</allowoverlay>
	<views>50,509,501,504,512</views>
	<controls>
		<include>CommonProgramsBackground</include>
    <control type="image">
      <posx>0</posx>
      <posy>0</posy>
      <width>1280</width>
      <height>720</height>
      <texture background="true">$INFO[ListItem.Property(Fanart_Image)]</texture>
      <include>backgroundfade</include>
      <fadetime>FanartCrossfadeTime</fadetime>
      <include condition="Skin.HasSetting(animatedbg)">Animation_Background</include>
    </control>
    <control type="group">
      <visible>Control.IsVisible(500)|Control.IsVisible(512)|Control.IsVisible(514)</visible>
      <include>Furniture_WallBackground</include>
      <include>Furniture_WallBackground_Small</include>
    </control>
    <control type="button" id="7000">
      <texturefocus>-</texturefocus>
      <texturenofocus>-</texturenofocus>
      <onfocus>SetFocus(2)</onfocus>
    </control>
    <control type="group">
      <include>Animation_OpenCloseZoom</include>
      <visible>Control.IsVisible(509)|Control.IsVisible(504)|Control.IsVisible(501)|Control.IsVisible(50)</visible>
      <include>Furniture_Showcase</include>
    </control>
    <control type="group">
			<include>Animation_OpenCloseZoom</include>		
			<include>CommonRootView</include> <!-- view id = 50 -->
			<include>ShowcaseQuadrate</include> <!-- view id = 51 -->
			<include>Showcase</include>       <!-- view id = 500 -->
      <include>AddonWall</include>

      <include>ShowcaseDVD</include>
        <!-- view id = 550 -->
		</control>
    <control type="group">
      <include>Animation_OpenCloseZoom</include>
      <visible>Control.IsVisible(509)|Control.IsVisible(504)|Control.IsVisible(501)</visible>
      <include>Furniture_DarkGradient</include>
    </control>
    <control type="group">
      <visible>Control.IsVisible(512)|Control.IsVisible(50)</visible>
      <animation effect="slide" start="0,0" end="380,365" reversible="true" condition="Control.IsVisible(512)">Conditional</animation>
      <animation effect="slide" start="0,0" end="380,0" reversible="true" condition="Control.IsVisible(50)">Conditional</animation>
      <include>VideoWindowPosters</include>
    </control>
    <include>ScrollOffsetLabel</include>
    <include>Media_Menu</include>
    <include condition="Skin.HasSetting(breadcrumb)">Breadcrumbs</include>
    <include condition="Skin.HasSetting(globaltime)">Furniture_Clock</include>
    <include>Furniture_NowPlayingWidget</include>
	</controls>
</window>
