<includes>

  <include name="Furniture_WallBackground_Small">
    <control type="image">
      <width>1280</width>
      <height>720</height>
      <texture>common/black.png</texture>
      <colordiffuse>FFffffff</colordiffuse>
      <visible>!Skin.HasSetting(transparentwall)</visible>
      <include>Animation_WindowFade200</include>
      <animation effect="fade" start="0" end="100" time="400">VisibleChange</animation>
    </control>
    <control type="image">
      <width>1280</width>
      <height>720</height>
      <texture>wall/wall_bg_small.png</texture>
      <include>Animation_WindowFade200</include>
      <animation effect="fade" start="80" end="80" time="400" condition="Skin.HasSetting(transparentwall)">Conditional</animation>
    </control>
  </include>
  <include name="Furniture_WallBackground">
    <control type="image">
      <width>1280</width>
      <height>720</height>
      <texture>common/black.png</texture>
      <colordiffuse>FFffffff</colordiffuse>
      <visible>!Skin.HasSetting(transparentwall)</visible>
      <include>Animation_WindowFade200</include>
      <animation effect="fade" start="0" end="100" time="400">VisibleChange</animation>
    </control>
    <control type="image">
      <width>1280</width>
      <height>720</height>
      <texture>wall/wall_bg.png</texture>
      <include>Animation_WindowFade200</include>
      <animation effect="fade" start="80" end="80" time="400" condition="Skin.HasSetting(transparentwall)">Conditional</animation>
    </control>
  </include>
  <include name="Furniture_Wall_Movies_Small">
    <control type="image">
      <posx>94</posx>
      <posy>77</posy>
      <width>1093</width>
      <height>565</height>
      <texture background="true">wall/wall_movie_squares_small.png</texture>
      <include>Animation_CommonFade</include>
    </control>
  </include>
  <include name="Furniture_Wall_Music_Small">
    <control type="image">
      <posx>118</posx>
      <posy>102</posy>
      <width>1044</width>
      <height>515</height>
      <texture background="true">wall/wall_squares_small.png</texture>
      <include>Animation_CommonFade</include>
    </control>
  </include>
  <include name="Furniture_Wall_Movies">
    <control type="image">
      <posx>98</posx>
      <posy>106</posy>
      <width>1085</width>
      <height>509</height>
      <texture background="true">wall/wall_movie_squares.png</texture>
      <include>Animation_CommonFade</include>
    </control>
  </include>
  <include name="Furniture_Wall_Music">
    <control type="image">
      <posx>115</posx>
      <posy>102</posy>
      <width>1051</width>
      <height>516</height>
      <texture background="true">wall/wall_squares.png</texture>
      <include>Animation_CommonFade</include>
    </control>
  </include>

  <include name="Colour_Grey">
    <textcolor>FF868686</textcolor>
    <focusedcolor>FFececec</focusedcolor>
    <disabledcolor>d0202020</disabledcolor>
  </include>

  <include name="Furniture_WallVignette">
    <control type="image">
      <posx>0</posx>
      <posy>0</posy>
      <width>1280</width>
      <height>720</height>
      <texture>wall/wall_vignette.png</texture>
    </control>
  </include>

  <include name="WallIconDimensions">
    <posx>3</posx>
    <posy>3</posy>
    <width>128</width>
    <height>128</height>
  </include>

  <include name="WallIconDimensionsSmall">
    <posx>3</posx>
    <posy>3</posy>
    <width>102</width>
    <height>102</height>
  </include>

  <include name="WallIconMovieDimensions">
    <posx>3</posx>
    <posy>3</posy>
    <width>118</width>
    <height>174</height>
  </include>

  <include name="WallIconMovieDimensionsSmall">
    <posx>3</posx>
    <posy>3</posy>
    <width>97</width>
    <height>142</height>
  </include>

  <include name="WallLabelVars">
    <posx>0</posx>
    <posy>0</posy>
    <width>440</width>
    <height>20</height>
    <font>Font_Reg17</font>
    <include>Animation_CommonFadeIn</include>
  </include>

  <include name="WallWidthBig">
    <posx>108</posx>
    <width>1067</width>
  </include>

  <include name="WallWidthSmall">
    <posx>108</posx>
    <width>1060</width>
  </include>

  <include name="MovieWallBig">
    <posx>85</posx>
    <posy>91</posy>
    <width>1108</width>
    <height>545</height>
  </include>

  <include name="MovieWallSmall">
    <posx>83</posx>
    <posy>66</posy>
    <width>1113</width>
    <height>585</height>
  </include>

  <include name="MusicWall">
    <control type="panel" id="500">
      <viewtype label="$LOCALIZE[31234]">icon</viewtype>
      <include condition="!Skin.HasSetting(smallmusicwall)">WallWidthBig</include>
      <include condition="Skin.HasSetting(smallmusicwall)">WallWidthSmall</include>
      <posy>93</posy>
      <height>540</height>
      <pagecontrol>65</pagecontrol>
      <scrolltime>200</scrolltime>
      <onleft>500</onleft>
      <onright>500</onright>
      <onup>SetFocus(9000)</onup>
      <ondown>65</ondown>
      <orientation>horizontal</orientation>
      <visible>Window.IsActive(20) | Window.IsActive(2) | Window.IsActive(500) | Window.IsActive(501) | Window.IsActive(502) | Window.IsActive(AddonBrowser) | substring(Container.FolderPath,addons://)</visible>
      <itemlayout width="133" height="133" condition="!Skin.HasSetting(smallmusicwall)">
        <control type="image">
          <include>WallIconDimensions</include>
          <texture background="true" diffuse="wall/wall_mask.png">$INFO[ListItem.Icon]</texture>
          <aspectratio scalediffuse="false">scale</aspectratio>
          <info>ListItem.Icon</info>
          <fadetime>500</fadetime>
          <visible>Window.IsActive(500) | Window.IsActive(501) | Window.IsActive(502) | Container.Content(episodes) | Window.IsActive(2)| Window.IsActive(AddonBrowser) | substring(Container.FolderPath,addons://)</visible>
        </control>
        <control type="image">
          <include>WallIconDimensions</include>
          <bordertexture border="-3">wall/wall_nfborder.png</bordertexture>
          <texture background="true">wall/wall_nfoverlay.png</texture>
        </control>
      </itemlayout>
      <focusedlayout width="133" height="133" condition="!Skin.HasSetting(smallmusicwall)">
        <control type="image">
          <include>WallIconDimensions</include>
          <texture background="true" diffuse="wall/wall_mask.png">$INFO[ListItem.Icon]</texture>
          <aspectratio scalediffuse="false">scale</aspectratio>
          <info>ListItem.Icon</info>
          <fadetime>500</fadetime>
          <visible>Window.IsActive(500) | Window.IsActive(501) | Window.IsActive(502) | Container.Content(episodes) | Window.IsActive(2)| Window.IsActive(AddonBrowser) | substring(Container.FolderPath,addons://)</visible>
          <animation type="Focus" condition="Container(500).Row(3)" reversible="false">
            <effect type="zoom" center="66,100" start="100" end="190" time="400" easing="out" tween="cubic" reversible="false"/>
          </animation>
          <animation type="Focus" condition="Container(500).Row(1) | Container(500).Row(2) | Container(500).Row(0)" reversible="false">
            <effect type="zoom" center="66,66" start="100" end="190" time="400" easing="out" tween="cubic" reversible="false"/>
          </animation>
        </control>
        <control type="image">
          <include>WallIconDimensions</include>
          <bordertexture border="-3">wall/wall_nfborder.png</bordertexture>
          <texture background="true">wall/wall_nfoverlay.png</texture>
          <animation type="Focus" condition="Container(500).Row(3)" reversible="false">
            <effect type="fade" start="100" end="0" time="200" reversible="false" />
            <effect type="zoom" center="66,100" start="100" end="190" time="400" easing="out" tween="cubic" reversible="false"/>
          </animation>
          <animation type="Focus" condition="Container(500).Row(1) | Container(500).Row(2) | Container(500).Row(0)" reversible="false">
            <effect type="fade" start="100" end="0" time="200" reversible="false" />
            <effect type="zoom" center="66,66" start="100" end="190" time="400" easing="out" tween="cubic" reversible="false"/>
          </animation>
        </control>
        <control type="image">
          <include>WallIconDimensions</include>
          <bordertexture border="-8">wall/wall_fborder.png</bordertexture>
          <texture>common/blank.png</texture>
          <animation type="Focus" condition="Container(500).Row(3)" reversible="false">
            <effect type="fade" start="0" end="100" time="200" reversible="false" />
            <effect type="zoom" center="66,100" start="100" end="190" time="400" easing="out" tween="cubic" reversible="false"/>
          </animation>
          <animation type="Focus" condition="Container(500).Row(1) | Container(500).Row(2) | Container(500).Row(0)" reversible="false">
            <effect type="fade" start="0" end="100" time="200" reversible="false" />
            <effect type="zoom" center="66,66" start="100" end="190" time="400" easing="out" tween="cubic" reversible="false"/>
          </animation>
        </control>
      </focusedlayout>
      <itemlayout width="106" height="106" condition="Skin.HasSetting(smallmusicwall)">
        <control type="image">
          <include>WallIconDimensionsSmall</include>
          <texture background="true" diffuse="wall/wall_mask.png">$INFO[ListItem.Icon]</texture>
          <aspectratio scalediffuse="false">scale</aspectratio>
          <info>ListItem.Icon</info>
          <fadetime>500</fadetime>
          <visible>Window.IsActive(500) | Window.IsActive(501) | Window.IsActive(502) | Container.Content(episodes) | Window.IsActive(2)| Window.IsActive(AddonBrowser) | substring(Container.FolderPath,addons://)</visible>
        </control>
        <control type="image">
          <include>WallIconDimensionsSmall</include>
          <bordertexture border="-3">wall/wall_nfborder.png</bordertexture>
          <texture background="true">wall/wall_nfoverlay.png</texture>
        </control>
      </itemlayout>
      <focusedlayout width="106" height="106" condition="Skin.HasSetting(smallmusicwall)">
        <control type="image">
          <include>WallIconDimensionsSmall</include>
          <texture background="true" diffuse="wall/wall_mask.png">$INFO[ListItem.Icon]</texture>
          <aspectratio scalediffuse="false">scale</aspectratio>
          <info>ListItem.Icon</info>
          <fadetime>500</fadetime>
          <visible>Window.IsActive(500) | Window.IsActive(501) | Window.IsActive(502) | Container.Content(episodes) | Window.IsActive(2)| Window.IsActive(AddonBrowser) | substring(Container.FolderPath,addons://)</visible>
          <animation type="Focus" condition="Container(500).Row(1) | Container(500).Row(2) | Container(500).Row(3) | Container(500).Row(0)" reversible="false">
            <effect type="zoom" center="51,51" start="100" end="190" time="400" easing="out" tween="cubic" reversible="false"/>
          </animation>
          <animation type="Focus" condition="Container(500).Row(4)" reversible="false">
            <effect type="zoom" center="51,75" start="100" end="190" time="400" easing="out" tween="cubic" reversible="false"/>
          </animation>
        </control>
        <control type="image">
          <include>WallIconDimensionsSmall</include>
          <bordertexture border="-3">wall/wall_nfborder.png</bordertexture>
          <texture background="true">wall/wall_nfoverlay.png</texture>
          <animation type="Focus" condition="Container(500).Row(1) | Container(500).Row(2) | Container(500).Row(3) | Container(500).Row(0)" reversible="false">
            <effect type="fade" start="100" end="0" time="200" reversible="false" />
            <effect type="zoom" center="51,51" start="100" end="190" time="400" easing="out" tween="cubic" reversible="false"/>
          </animation>
          <animation type="Focus" condition="Container(500).Row(4)" reversible="false">
            <effect type="fade" start="100" end="0" time="200" reversible="false" />
            <effect type="zoom" center="51,75" start="100" end="190" time="400" easing="out" tween="cubic" reversible="false"/>
          </animation>
        </control>
        <control type="image">
          <include>WallIconDimensionsSmall</include>
          <bordertexture border="-5">wall/wall_fborder.png</bordertexture>
          <texture>common/blank.png</texture>
          <animation type="Focus" condition="Container(500).Row(1) | Container(500).Row(2) | Container(500).Row(3) | Container(500).Row(0)" reversible="false">
            <effect type="fade" start="0" end="100" time="200" reversible="false" />
            <effect type="zoom" center="51,51" start="100" end="190" time="400" easing="out" tween="cubic" reversible="false"/>
          </animation>
          <animation type="Focus" condition="Container(500).Row(4)" reversible="false">
            <effect type="fade" start="0" end="100" time="200" reversible="false" />
            <effect type="zoom" center="51,75" start="100" end="190" time="400" easing="out" tween="cubic" reversible="false"/>
          </animation>
        </control>
      </focusedlayout>
    </control>
    <control type="scrollbar" id="65">
      <posx>305</posx>
      <posy>670</posy>
      <width>670</width>
      <height>41</height>
      <visible allowhiddenfocus="true">Control.HasFocus(65)+Control.IsVisible(500)</visible>
      <texturesliderbackground border="14,0,14,0">views/scrollBarH.png</texturesliderbackground>
      <texturesliderbar border="14,0,14,0">views/scrollBarH_bar.png</texturesliderbar>
      <texturesliderbarfocus border="14,0,14,0">views/scrollBarH_bar_focus.png</texturesliderbarfocus>
      <textureslidernib>views/scrollBarNib.png</textureslidernib>
      <textureslidernibfocus>views/scrollBarNib.png</textureslidernibfocus>
      <pulseonselect>yes</pulseonselect>
      <onup>500</onup>
      <ondown>Skin.ToggleSetting(showcaseextrainfo)</ondown>
      <ondown>9000</ondown>
      <showonepage>false</showonepage>
      <orientation>horizontal</orientation>
    </control>
  </include>

  <include name="MovieWall">
    <control type="panel" id="500">
      <viewtype label="Wall">icon</viewtype>
      <include condition="!Skin.HasSetting(smallmoviewall)">MovieWallBig</include>
      <include condition="Skin.HasSetting(smallmoviewall)">MovieWallSmall</include>
      <pagecontrol>65</pagecontrol>
      <scrolltime>200</scrolltime>
      <onleft>500</onleft>
      <onright>500</onright>
      <onup>SetFocus(9000)</onup>
      <ondown>65</ondown>
      <orientation>horizontal</orientation>
      <visible>Window.IsActive(28) | Window.IsActive(1) | [Window.IsActive(24)+!stringcompare(Container.FolderPath,addons://sources/video/)] | [Window.IsActive(25)+!stringcompare(Container.FolderPath,addons://sources/video/)]</visible>
      <itemlayout width="123" height="179" condition="!Skin.HasSetting(smallmoviewall)">

        <control type="image">
          <include>WallIconMovieDimensions</include>
          <texture background="true" diffuse="wall/wall_movie_mask.png">$INFO[ListItem.Icon]</texture>
          <aspectratio scalediffuse="false">scale</aspectratio>
          <info>ListItem.Icon</info>
          <fadetime>500</fadetime>
        </control>
        <control type="image">
          <posx>80</posx>
          <posy>4</posy>
          <width>40</width>
          <height>40</height>
          <include>detailcolornofocus</include>
          <visible>StringCompare(ListItem(0).Overlay,OverlayWatched.png) + !IsEmpty(ListItem.Overlay)+Skin.HasSetting(watchedoverlay)</visible>
          <texture background="true">thumbs/OverlayWatched.png</texture>
        </control>
        <control type="image">
          <include>WallIconMovieDimensions</include>
          <bordertexture border="-5">wall/wall_movie_nfborder.png</bordertexture>
          <texture background="true">wall/wall_nfoverlay.png</texture>
        </control>
      </itemlayout>
      <focusedlayout width="123" height="179" condition="!Skin.HasSetting(smallmoviewall)">
        <control type="image">
          <include>WallIconMovieDimensions</include>
          <texture background="true" diffuse="wall/wall_movie_mask.png">$INFO[ListItem.Icon]</texture>
          <aspectratio scalediffuse="false">scale</aspectratio>
          <info>ListItem.Icon</info>
          <fadetime>500</fadetime>
          <animation type="Focus" condition="Container(500).Row(2)" reversible="false">
            <effect type="zoom" center="62,125" start="100" end="160" time="400" easing="out" tween="cubic" reversible="false"/>
          </animation>
          <animation type="Focus" condition="Container(500).Row(1)|Container(500).Row(0)" reversible="false">
            <effect type="zoom" center="62,90" start="100" end="160" time="400" easing="out" tween="cubic" reversible="false"/>
          </animation>
        </control>
        <control type="image">
          <include>WallIconMovieDimensions</include>
          <bordertexture border="-3">wall/wall_movie_nfborder.png</bordertexture>
          <texture background="true">wall/wall_movie_nfoverlay.png</texture>
          <animation type="Focus" condition="Container(500).Row(2)" reversible="false">
            <effect type="fade" start="100" end="0" time="200" reversible="false" />
            <effect type="zoom" center="62,125" start="100" end="160" time="400" easing="out" tween="cubic" reversible="false"/>
          </animation>
          <animation type="Focus" condition="Container(500).Row(1)|Container(500).Row(0)" reversible="false">
            <effect type="fade" start="100" end="0" time="200" reversible="false" />
            <effect type="zoom" center="62,90" start="100" end="160" time="400" easing="out" tween="cubic" reversible="false"/>
          </animation>
        </control>
        <control type="image">
          <include>WallIconMovieDimensions</include>
          <bordertexture border="-12">wall/wall_movie_fborder.png</bordertexture>
          <texture>common/blank.png</texture>
          <animation type="Focus" condition="Container(500).Row(2)" reversible="false">
            <effect type="fade" start="0" end="100" time="200" reversible="false" />
            <effect type="zoom" center="62,125" start="100" end="160" time="400" easing="out" tween="cubic" reversible="false"/>
          </animation>
          <animation type="Focus" condition="Container(500).Row(1)|Container(500).Row(0)" reversible="false">
            <effect type="fade" start="0" end="100" time="200" reversible="false" />
            <effect type="zoom" center="62,90" start="100" end="160" time="400" easing="out" tween="cubic" reversible="false"/>
          </animation>

        </control>
        <control type="image">
          <posx>80</posx>
          <posy>4</posy>
          <width>40</width>
          <height>40</height>
          <include>detailcolornofocus</include>
          <visible>StringCompare(ListItem(0).Overlay,OverlayWatched.png) + !IsEmpty(ListItem.Overlay)+Skin.HasSetting(watchedoverlay)</visible>
          <texture background="true">thumbs/OverlayWatched.png</texture>
          <animation type="Focus" condition="Container(500).Row(2)" reversible="false">
            <effect type="fade" start="0" end="100" time="200" reversible="false" />
            <effect type="zoom" center="62,125" start="100" end="160" time="400" easing="out" tween="cubic" reversible="false"/>
          </animation>
          <animation type="Focus" condition="Container(500).Row(1)|Container(500).Row(0)" reversible="false">
            <effect type="fade" start="0" end="100" time="200" reversible="false" />
            <effect type="zoom" center="62,90" start="100" end="160" time="400" easing="out" tween="cubic" reversible="false"/>
          </animation>
        </control>
      </focusedlayout>
      <itemlayout width="101" height="146" condition="Skin.HasSetting(smallmoviewall)">

        <control type="image">
          <include>WallIconMovieDimensionsSmall</include>
          <texture background="true" diffuse="wall/wall_movie_mask.png">$INFO[ListItem.Icon]</texture>
          <aspectratio scalediffuse="false">scale</aspectratio>
          <info>ListItem.Icon</info>
          <fadetime>500</fadetime>
        </control>
        <control type="image">
          <posx>65</posx>
          <posy>3</posy>
          <width>35</width>
          <height>35</height>
          <include>detailcolornofocus</include>
          <visible>StringCompare(ListItem(0).Overlay,OverlayWatched.png) + !IsEmpty(ListItem.Overlay)+Skin.HasSetting(watchedoverlay)</visible>
          <texture background="true">thumbs/OverlayWatched.png</texture>
        </control>
        <control type="image">
          <include>WallIconMovieDimensionsSmall</include>
          <bordertexture border="-4">wall/wall_movie_nfborder.png</bordertexture>
          <texture background="true">wall/wall_nfoverlay.png</texture>
        </control>
      </itemlayout>
      <focusedlayout width="101" height="146" condition="Skin.HasSetting(smallmoviewall)">
        <control type="image">
          <include>WallIconMovieDimensionsSmall</include>
          <texture background="true" diffuse="wall/wall_movie_mask.png">defaultvideo.png</texture>
          <aspectratio scalediffuse="false">scale</aspectratio>
          <fadetime>500</fadetime>
          <info>ListItem.Icon</info>
          <animation type="Focus" condition="Container(500).Row(0)" reversible="false">
            <effect type="zoom" center="44,65" start="100" end="160" time="400" easing="out" tween="cubic" reversible="false"/>
          </animation>
          <animation type="Focus" condition="Container(500).Row(1) | Container(500).Row(2)" reversible="false">
            <effect type="zoom" center="44,71" start="100" end="160" time="400" easing="out" tween="cubic" reversible="false"/>
          </animation>
          <animation type="Focus" condition="Container(500).Row(3)" reversible="false">
            <effect type="zoom" center="44,128" start="100" end="160" time="400" easing="out" tween="cubic" reversible="false"/>
          </animation>
        </control>

        <control type="image">
          <include>WallIconMovieDimensionsSmall</include>
          <bordertexture border="-5">wall/wall_movie_nfborder.png</bordertexture>
          <texture background="true">wall/wall_movie_nfoverlay.png</texture>
          <animation type="Focus" condition="Container(500).Row(0)" reversible="false">
            <effect type="fade" start="100" end="0" time="200" reversible="false" />
            <effect type="zoom" center="44,65" start="100" end="160" time="400" easing="out" tween="cubic" reversible="false"/>
          </animation>
          <animation type="Focus" condition="Container(500).Row(1) | Container(500).Row(2)" reversible="false">
            <effect type="fade" start="100" end="0" time="200" reversible="false" />
            <effect type="zoom" center="44,71" start="100" end="160" time="400" easing="out" tween="cubic" reversible="false"/>
          </animation>
          <animation type="Focus" condition="Container(500).Row(3)" reversible="false">
            <effect type="fade" start="100" end="0" time="200" reversible="false" />
            <effect type="zoom" center="44,128" start="100" end="160" time="400" easing="out" tween="cubic" reversible="false"/>
          </animation>
        </control>
        <control type="image">
          <posx>65</posx>
          <posy>3</posy>
          <width>35</width>
          <height>35</height>
          <include>detailcolorfocus</include>
          <visible>StringCompare(ListItem(0).Overlay,OverlayWatched.png) + !IsEmpty(ListItem.Overlay)+Skin.HasSetting(watchedoverlay)</visible>
          <texture background="true">thumbs/OverlayWatched.png</texture>
          <animation type="Focus" condition="Container(500).Row(0)" reversible="false">
            <effect type="fade" start="0" end="100" time="200" reversible="false" />
            <effect type="zoom" center="44,65" start="100" end="160" time="400" easing="out" tween="cubic" reversible="false"/>
          </animation>
          <animation type="Focus" condition="Container(500).Row(1) | Container(500).Row(2)" reversible="false">
            <effect type="fade" start="0" end="100" time="200" reversible="false" />
            <effect type="zoom" center="44,71" start="100" end="160" time="400" easing="out" tween="cubic" reversible="false"/>
          </animation>
          <animation type="Focus" condition="Container(500).Row(3)" reversible="false">
            <effect type="fade" start="0" end="100" time="200" reversible="false" />
            <effect type="zoom" center="44,128" start="100" end="160" time="400" easing="out" tween="cubic" reversible="false"/>
          </animation>
        </control>
        <control type="image">
          <include>WallIconMovieDimensionsSmall</include>
          <bordertexture border="-9">wall/wall_movie_fborder.png</bordertexture>
          <texture>common/blank.png</texture>
          <animation type="Focus" condition="Container(500).Row(0)" reversible="false">
            <effect type="fade" start="0" end="100" time="200" reversible="false" />
            <effect type="zoom" center="44,65" start="100" end="160" time="400" easing="out" tween="cubic" reversible="false"/>
          </animation>
          <animation type="Focus" condition="Container(500).Row(1) | Container(500).Row(2)" reversible="false">
            <effect type="fade" start="0" end="100" time="200" reversible="false" />
            <effect type="zoom" center="44,71" start="100" end="160" time="400" easing="out" tween="cubic" reversible="false"/>
          </animation>
          <animation type="Focus" condition="Container(500).Row(3)" reversible="false">
            <effect type="fade" start="0" end="100" time="200" reversible="false" />
            <effect type="zoom" center="44,128" start="100" end="160" time="400" easing="out" tween="cubic" reversible="false"/>
          </animation>
        </control>
      </focusedlayout>
    </control>
    <control type="scrollbar" id="65">
      <posx>305</posx>
      <posy>670</posy>
      <width>670</width>
      <height>41</height>
      <visible allowhiddenfocus="true">Control.HasFocus(65)+Control.IsVisible(500)</visible>
      <texturesliderbackground border="14,0,14,0">views/scrollBarH.png</texturesliderbackground>
      <texturesliderbar border="14,0,14,0">views/scrollBarH_bar.png</texturesliderbar>
      <texturesliderbarfocus border="14,0,14,0">views/scrollBarH_bar_focus.png</texturesliderbarfocus>
      <textureslidernib>views/scrollBarNib.png</textureslidernib>
      <textureslidernibfocus>views/scrollBarNib.png</textureslidernibfocus>
      <pulseonselect>yes</pulseonselect>
      <onup>500</onup>
      <ondown>Skin.ToggleSetting(showcaseextrainfo)</ondown>
      <ondown>9000</ondown>
      <showonepage>false</showonepage>
      <orientation>horizontal</orientation>
    </control>
  </include>

  <include name="Viewtype_Wall">
    <control type="group">
      <visible>Control.IsVisible(500)</visible>
      <include condition="[Window.IsActive(20) | Window.IsActive(2) | Window.IsActive(500) | Window.IsActive(501) | Window.IsActive(502) |  Window.IsActive(AddonBrowser)]|[!Skin.HasSetting(smallmoviewall)+ [Window.IsActive(1) | Window.IsActive(28) | Window.IsActive(24) | Window.IsActive(25)]]">Furniture_WallBackground</include>
      <include condition="[Skin.HasSetting(smallmoviewall) + [Window.IsActive(1) | Window.IsActive(28) | Window.IsActive(24) | Window.IsActive(25)]]">Furniture_WallBackground_Small</include>
      <include condition="!Skin.HasSetting(smallmusicwall)+ [Window.IsActive(20) | Window.IsActive(2) | Window.IsActive(500) | Window.IsActive(501) | Window.IsActive(502) |  Window.IsActive(AddonBrowser)]">Furniture_Wall_Music</include>
      <include condition="Skin.HasSetting(smallmusicwall) + [Window.IsActive(20) | Window.IsActive(2) | Window.IsActive(500) | Window.IsActive(501) | Window.IsActive(502) |  Window.IsActive(AddonBrowser)]">Furniture_Wall_Music_Small</include>
      <include condition="!Skin.HasSetting(smallmoviewall)+ [Window.IsActive(1) | Window.IsActive(28) | Window.IsActive(24) | Window.IsActive(25)]">Furniture_Wall_Movies</include>
      <include condition="Skin.HasSetting(smallmoviewall) + [Window.IsActive(1) | Window.IsActive(28) | Window.IsActive(24) | Window.IsActive(25)]">Furniture_Wall_Movies_Small</include>
      <include>Furniture_WallVignette</include>
      <control type="image">
        <posx>57</posx>
        <posy>98</posy>
        <width>20</width>
        <height>524</height>
        <texture>wall/wall_arrow.png</texture>
        <animation effect="slide" start="-100" end="0" delay="800" time="400" easing="out" tween="cubic">WindowOpen</animation>
        <animation effect="fade" start="100" end="0" time="400" condition="Container(500).Column(0) + !ControlGroup(9000).HasFocus()">Conditional</animation>
        <animation effect="slide" start="18" end="18" time="0" condition="Window.IsActive(2) | Window.IsActive(501) | Window.IsActive(502)">Conditional</animation>
      </control>

      <control type="image">
        <posx>1203</posx>
        <posy>98</posy>
        <width>20</width>
        <height>524</height>
        <texture flipx="true">wall/wall_arrow.png</texture>
        <animation effect="slide" start="100" end="0" delay="800" time="400" easing="out" tween="cubic">WindowOpen</animation>
        <animation effect="fade" start="100" end="0" time="400" condition="[[Window.IsActive(2) | Window.IsActive(501) | Window.IsActive(502)] + Container(500).Column(7)] | [[Window.IsActive(1) | Window.IsActive(24) | Window.IsActive(25)] + Container(500).Column(8)] + !ControlGroup(9000).HasFocus()">Conditional</animation>
        <animation effect="slide" start="-18" end="-18" time="0" condition="Window.IsActive(2) | Window.IsActive(501) | Window.IsActive(502)">Conditional</animation>
      </control>

      <include condition="Window.IsActive(20) | Window.IsActive(2) | Window.IsActive(500) | Window.IsActive(501) | Window.IsActive(502) | Window.IsActive(AddonBrowser)|stringcompare(Container.FolderPath,addons://sources/video/)">MusicWall</include>
      <include condition="Window.IsActive(28) | Window.IsActive(1) | [Window.IsActive(24)+!stringcompare(Container.FolderPath,addons://sources/video/)] | [Window.IsActive(25)+!stringcompare(Container.FolderPath,addons://sources/video/)]">MovieWall</include>



      <control type="group">
        <visible>!Control.HasFocus(65)</visible>
        <include>SecondLabelFloor</include>
        <include>FirstLabelFloor</include>
      </control>
    </control>
  </include>
</includes>