<includes>
  <include name="AddonWall">
    <control type="group">
      <include>Animation_OpenCloseZoom</include>
      <visible>Control.IsVisible(512)</visible>
      <control type="image">
        <width>1280</width>
        <height>720</height>
        <texture>wall/wall_bg_small.png</texture>
        <include>Animation_WindowFade200</include>
        <animation effect="fade" start="80" end="80" time="400" condition="Skin.HasSetting(transparentwall)">Conditional</animation>
      </control>
      <control type="group">
        <posy>-20</posy>
        <control type="panel" id="512">
          <posx>35</posx>
          <posy>100</posy>
          <width>760</width>
          <height>570</height>
          <onleft>9000</onleft>
          <onright>60</onright>
          <onup>512</onup>
          <ondown>512</ondown>
          <preloaditems>4</preloaditems>
          <scrolltime>150</scrolltime>
          <visible>!Container.Content(seasons)</visible>
          <viewtype label="$LOCALIZE[31283]">icon</viewtype>
          <pagecontrol>60</pagecontrol>
          <itemlayout height="190" width="190" condition="!Container.Content(movies)+!Container.Content(tvshows)+!Container.Content(episodes)+![Window.IsActive(1)+Substring(Container.FolderPath,advanced.launcher)]">
            <control type="largeimage">
              <posx>8</posx>
              <posy>7</posy>
              <width>164</width>
              <height>164</height>
              <fadetime>IconCrossfadeTime2</fadetime>
              <aspectratio scalediffuse="false">scale</aspectratio>
              <texture background="true" diffuse="wall/wall_mask.png">$INFO[ListItem.Icon]</texture>
            </control>
            <control type="largeimage">
              <posx>8</posx>
              <posy>7</posy>
              <width>164</width>
              <height>164</height>
              <aspectratio scalediffuse="false">scale</aspectratio>
              <texture background="true" diffuse="wall/wall_mask.png">common/blank.png</texture>
              <bordertexture border="-4">wall/wall_nfborder.png</bordertexture>
            </control>
          </itemlayout>
          <focusedlayout height="190" width="190" condition="!Container.Content(movies)+!Container.Content(tvshows)+!Container.Content(episodes)+![Window.IsActive(1)+Substring(Container.FolderPath,advanced.launcher)]">
            <control type="group">
              <animation effect="zoom" center="90,89" start="100" end="120" time="400" easing="out" tween="back" reversible="false">Focus</animation>
              <control type="largeimage">
                <posx>8</posx>
                <posy>7</posy>
                <width>164</width>
                <height>164</height>
                <aspectratio scalediffuse="false">scale</aspectratio>
                <fadetime>IconCrossfadeTime2</fadetime>
                <texture background="true" diffuse="wall/wall_mask.png">$INFO[ListItem.Icon]</texture>
              </control>
              <control type="largeimage">
                <posx>8</posx>
                <posy>7</posy>
                <width>164</width>
                <height>164</height>
                <aspectratio scalediffuse="false">scale</aspectratio>
                <texture background="true" diffuse="wall/wall_mask.png">common/blank.png</texture>
                <bordertexture border="-10">wall/wall_fborder.png</bordertexture>
              </control>
            </control>
          </focusedlayout>
          <itemlayout height="190" width="126" condition="[Container.Content(movies)+!Skin.HasSetting(usecasesinfowall)]|Container.Content(tvshows)|[Window.IsActive(1)+Substring(Container.FolderPath,advanced.launcher)]">
            <control type="largeimage">
              <posx>-2</posx>
              <posy>3</posy>
              <width>120</width>
              <height>175</height>
              <aspectratio scalediffuse="false">stretch</aspectratio>
              <fadetime>IconCrossfadeTime2</fadetime>
              <texture background="true">wall/boxes/wall_movie_nfborder.png</texture>
              <visible>Skin.HasSetting(useclearcasesinfowall)</visible>
            </control>
            <control type="largeimage">
              <posx>3</posx>
              <posy>7</posy>
              <width>110</width>
              <height>164</height>
              <aspectratio scalediffuse="false">stretch</aspectratio>
              <fadetime>IconCrossfadeTime2</fadetime>
              <texture background="true" diffuse="wall/wall_movie_mask.png">$INFO[ListItem.Icon]</texture>
            </control>
            <control type="largeimage">
              <posx>3</posx>
              <posy>7</posy>
              <width>110</width>
              <height>164</height>
              <aspectratio scalediffuse="false">stretch</aspectratio>
              <texture background="true" diffuse="wall/wall_movie_mask.png">common/blank.png</texture>
              <bordertexture border="-6">wall/wall_movie_nfborder.png</bordertexture>
              <visible>!Skin.HasSetting(useclearcasesinfowall)</visible>
            </control>
            <control type="largeimage">
              <posx>-2</posx>
              <posy>3</posy>
              <width>120</width>
              <height>175</height>
              <aspectratio scalediffuse="false">stretch</aspectratio>
              <fadetime>IconCrossfadeTime2</fadetime>
              <texture background="true">wall/boxes/wall_nfoverlay.png</texture>
              <visible>Skin.HasSetting(useclearcasesinfowall)</visible>
            </control>
            <control type="largeimage">
              <posx>73</posx>
              <posy>7</posy>
              <width>40</width>
              <height>40</height>
              <fadetime>IconCrossfadeTime2</fadetime>
              <texture background="true">thumbs/OverlayWatched.png</texture>
              <visible>StringCompare(ListItem.Overlay,OverlayWatched.png)+Skin.HasSetting(watchedoverlay)+!IsEmpty(ListItem.Overlay)</visible>
            </control>
            <control type="largeimage">
              <posx>74</posx>
              <posy>6</posy>
              <width>40</width>
              <height>40</height>
              <fadetime>IconCrossfadeTime2</fadetime>
              <texture background="true">thumbs/UnWatched2.png</texture>
              <visible>!StringCompare(ListItem.Overlay,OverlayWatched.png)+Skin.HasSetting(newstatus)+!IsEmpty(ListItem.Overlay)</visible>
              <include>RecentVisibilityPosters</include>
            </control>
          </itemlayout>
          <focusedlayout height="190" width="126" condition="[Container.Content(movies)+!Skin.HasSetting(usecasesinfowall)]|Container.Content(tvshows)|[Window.IsActive(1)+Substring(Container.FolderPath,advanced.launcher)]">
            <control type="group">
              <animation effect="zoom" center="58,89" start="100" end="120" time="400" easing="out" tween="back" reversible="false">Focus</animation>
              <control type="largeimage">
                <posx>-2</posx>
                <posy>3</posy>
                <width>120</width>
                <height>175</height>
                <aspectratio scalediffuse="false">stretch</aspectratio>
                <fadetime>IconCrossfadeTime2</fadetime>
                <texture background="true">wall/boxes/wall_movie_nfborder.png</texture>
                <visible>Skin.HasSetting(useclearcasesinfowall)</visible>
              </control>
              <control type="largeimage">
                <posx>3</posx>
                <posy>7</posy>
                <width>110</width>
                <height>164</height>
                <aspectratio scalediffuse="false">stretch</aspectratio>
                <fadetime>IconCrossfadeTime2</fadetime>
                <texture background="true" diffuse="wall/wall_movie_mask.png">$INFO[ListItem.Icon]</texture>
              </control>
              <control type="largeimage">
                <posx>3</posx>
                <posy>7</posy>
                <width>110</width>
                <height>164</height>
                <aspectratio scalediffuse="false">stretch</aspectratio>
                <texture background="true" diffuse="wall/wall_movie_mask.png">common/blank.png</texture>
                <bordertexture border="-12">wall/wall_movie_fborder.png</bordertexture>
                <visible>!Skin.HasSetting(useclearcasesinfowall)</visible>
              </control>
              <control type="largeimage">
                <posx>-2</posx>
                <posy>3</posy>
                <width>120</width>
                <height>175</height>
                <aspectratio scalediffuse="false">stretch</aspectratio>
                <fadetime>IconCrossfadeTime2</fadetime>
                <texture background="true">wall/boxes/wall_nfoverlay.png</texture>
                <visible>Skin.HasSetting(useclearcasesinfowall)</visible>
              </control>
              <control type="largeimage">
                <posx>73</posx>
                <posy>7</posy>
                <width>40</width>
                <height>40</height>
                <fadetime>IconCrossfadeTime2</fadetime>
                <texture background="true">thumbs/OverlayWatched.png</texture>
                <visible>StringCompare(ListItem.Overlay,OverlayWatched.png)+Skin.HasSetting(watchedoverlay)+!IsEmpty(ListItem.Overlay)</visible>
              </control>
              <control type="largeimage">
                <posx>74</posx>
                <posy>6</posy>
                <width>40</width>
                <height>40</height>
                <fadetime>IconCrossfadeTime2</fadetime>
                <texture background="true">thumbs/UnWatched2.png</texture>
                <visible>!StringCompare(ListItem.Overlay,OverlayWatched.png)+Skin.HasSetting(newstatus)+!IsEmpty(ListItem.Overlay)</visible>
                <include>RecentVisibilityPosters</include>
              </control>
            </control>
          </focusedlayout>
          <itemlayout height="190" width="126" condition="Container.Content(movies)+Skin.HasSetting(usecasesinfowall)">
            <control type="largeimage">
              <posx>3</posx>
              <posy>5</posy>
              <width>110</width>
              <height>181</height>
              <aspectratio scalediffuse="false">stretch</aspectratio>
              <fadetime>IconCrossfadeTime2</fadetime>
              <texture background="true" fallback="thumbs/boxes/default_case.png">thumbs/boxes/movies/$INFO[ListItem.VideoResolution]p.png</texture>
            </control>
            <control type="largeimage">
              <posx>6</posx>
              <posy>24</posy>
              <width>100</width>
              <height>150</height>
              <aspectratio scalediffuse="false">stretch</aspectratio>
              <fadetime>IconCrossfadeTime2</fadetime>
              <texture background="true" diffuse="thumbs/boxes/case_mask.png">$INFO[ListItem.Icon]</texture>
            </control>
            <control type="largeimage">
              <posx>3</posx>
              <posy>5</posy>
              <width>110</width>
              <height>181</height>
              <aspectratio scalediffuse="false">stretch</aspectratio>
              <texture background="true">thumbs/boxes/Overlay.png</texture>
            </control>
            <control type="largeimage">
              <posx>71</posx>
              <posy>24</posy>
              <width>35</width>
              <height>35</height>
              <fadetime>IconCrossfadeTime2</fadetime>
              <texture background="true">thumbs/OverlayWatched.png</texture>
              <visible>StringCompare(ListItem.Overlay,OverlayWatched.png)+Skin.HasSetting(watchedoverlay)+!IsEmpty(ListItem.Overlay)</visible>
            </control>
            <control type="largeimage">
              <posx>72</posx>
              <posy>22</posy>
              <width>35</width>
              <height>35</height>
              <fadetime>IconCrossfadeTime2</fadetime>
              <texture background="true">thumbs/UnWatched2.png</texture>
              <visible>!StringCompare(ListItem.Overlay,OverlayWatched.png)+Skin.HasSetting(newstatus)+!IsEmpty(ListItem.Overlay)</visible>
              <include>RecentVisibilityPosters</include>
            </control>
          </itemlayout>
          <focusedlayout height="190" width="126" condition="Container.Content(movies)+Skin.HasSetting(usecasesinfowall)">
            <control type="group">
              <animation effect="zoom" center="58,93" start="100" end="120" time="400" easing="out" tween="back" reversible="false">Focus</animation>
              <control type="largeimage">
                <posx>3</posx>
                <posy>5</posy>
                <width>110</width>
                <height>181</height>
                <aspectratio scalediffuse="false">stretch</aspectratio>
                <fadetime>IconCrossfadeTime2</fadetime>
                <texture background="true" fallback="thumbs/boxes/default_case.png">thumbs/boxes/movies/$INFO[ListItem.VideoResolution]p.png</texture>
              </control>
              <control type="largeimage">
                <posx>6</posx>
                <posy>24</posy>
                <width>100</width>
                <height>150</height>
                <aspectratio scalediffuse="false">stretch</aspectratio>
                <fadetime>IconCrossfadeTime2</fadetime>
                <texture background="true" diffuse="thumbs/boxes/case_mask.png">$INFO[ListItem.Icon]</texture>
              </control>
              <control type="largeimage">
                <posx>3</posx>
                <posy>5</posy>
                <width>110</width>
                <height>181</height>
                <aspectratio scalediffuse="false">stretch</aspectratio>
                <texture background="true">thumbs/boxes/Overlay.png</texture>
              </control>
              <control type="largeimage">
                <posx>71</posx>
                <posy>24</posy>
                <width>35</width>
                <height>35</height>
                <fadetime>IconCrossfadeTime2</fadetime>
                <texture background="true">thumbs/OverlayWatched.png</texture>
                <visible>StringCompare(ListItem.Overlay,OverlayWatched.png)+Skin.HasSetting(watchedoverlay)+!IsEmpty(ListItem.Overlay)</visible>
              </control>
              <control type="largeimage">
                <posx>72</posx>
                <posy>22</posy>
                <width>35</width>
                <height>35</height>
                <fadetime>IconCrossfadeTime2</fadetime>
                <texture background="true">thumbs/UnWatched2.png</texture>
                <visible>!StringCompare(ListItem.Overlay,OverlayWatched.png)+Skin.HasSetting(newstatus)+!IsEmpty(ListItem.Overlay)</visible>
                <include>RecentVisibilityPosters</include>
              </control>
            </control>
          </focusedlayout>
          <itemlayout height="190" width="250" condition="Container.Content(episodes)">
            <control type="largeimage">
              <posx>5</posx>
              <posy>20</posy>
              <width>240</width>
              <height>135</height>
              <fadetime>IconCrossfadeTime2</fadetime>
              <aspectratio scalediffuse="false">scale</aspectratio>
              <texture background="true" diffuse="wall/wall_tvmask.png">$INFO[ListItem.Icon]</texture>
            </control>
            <control type="largeimage">
              <posx>5</posx>
              <posy>20</posy>
              <width>240</width>
              <height>135</height>
              <aspectratio scalediffuse="false">scale</aspectratio>
              <texture background="true" diffuse="wall/wall_tvmask.png">common/blank.png</texture>
              <bordertexture border="-4">wall/wall_tv_nfborder.png</bordertexture>
            </control>
            <control type="label">
              <posx>120</posx>
              <posy>163</posy>
              <width>250</width>
              <height>13</height>
              <align>center</align>
              <font>Font_Info</font>
              <textcolor>white2</textcolor>
              <label></label>
              <info>ListItem.Episode,$LOCALIZE[20359] </info>
            </control>
            <control type="largeimage">
              <posx>195</posx>
              <posy>20</posy>
              <width>50</width>
              <height>50</height>
              <fadetime>IconCrossfadeTime2</fadetime>
              <texture background="true">thumbs/OverlayWatched.png</texture>
              <visible>StringCompare(ListItem.Overlay,OverlayWatched.png)+Skin.HasSetting(watchedoverlay)+!IsEmpty(ListItem.Overlay)</visible>
            </control>
            <control type="largeimage">
              <posx>196</posx>
              <posy>19</posy>
              <width>50</width>
              <height>50</height>
              <fadetime>IconCrossfadeTime2</fadetime>
              <texture background="true">thumbs/UnWatched2.png</texture>
              <visible>!StringCompare(ListItem.Overlay,OverlayWatched.png)+Skin.HasSetting(newstatus)+!IsEmpty(ListItem.Overlay)</visible>
              <include>RecentVisibiltyEpisodes</include>
            </control>
          </itemlayout>
          <focusedlayout height="190" width="250" condition="Container.Content(episodes)">
            <control type="group">
              <animation effect="zoom" center="125,89" start="100" end="120" time="400" easing="out" tween="back" reversible="false">Focus</animation>
              <control type="largeimage">
                <posx>5</posx>
                <posy>20</posy>
                <width>240</width>
                <height>135</height>
                <fadetime>IconCrossfadeTime2</fadetime>
                <aspectratio scalediffuse="false">scale</aspectratio>
                <texture background="true" diffuse="wall/wall_tvmask.png">$INFO[ListItem.Icon]</texture>
              </control>
              <control type="largeimage">
                <posx>5</posx>
                <posy>20</posy>
                <width>240</width>
                <height>135</height>
                <aspectratio scalediffuse="false">scale</aspectratio>
                <texture background="true" diffuse="wall/wall_tvmask.png">common/blank.png</texture>
                <bordertexture border="-14">wall/wall_tv_fborder.png</bordertexture>
              </control>
              <control type="largeimage">
                <posx>195</posx>
                <posy>20</posy>
                <width>50</width>
                <height>50</height>
                <fadetime>IconCrossfadeTime2</fadetime>
                <texture background="true">thumbs/OverlayWatched.png</texture>
                <visible>StringCompare(ListItem.Overlay,OverlayWatched.png)+Skin.HasSetting(watchedoverlay)+!IsEmpty(ListItem.Overlay)</visible>
              </control>
              <control type="largeimage">
                <posx>196</posx>
                <posy>19</posy>
                <height>50</height>
                <width>50</width>
                <fadetime>IconCrossfadeTime2</fadetime>
                <texture background="true">thumbs/UnWatched2.png</texture>
                <visible>!StringCompare(ListItem.Overlay,OverlayWatched.png)+Skin.HasSetting(newstatus)+!IsEmpty(ListItem.Overlay)</visible>
                <include>RecentVisibiltyEpisodes</include>
              </control>
            </control>
          </focusedlayout>

        </control>
        <control type="scrollbar" id="60">
          <posx>1227</posx>
          <posy>100</posy>
          <width>65</width>
          <height>548</height>
          <visible allowhiddenfocus="true">Control.IsVisible(512)</visible>
          <texturesliderbackground>views/scrollbarbacklist.png</texturesliderbackground>
          <texturesliderbar>-</texturesliderbar>
          <texturesliderbarfocus>-</texturesliderbarfocus>
          <textureslidernib>views/scrollbarnub-nofocus.png</textureslidernib>
          <textureslidernibfocus>views/scrollbarnub-focus.png</textureslidernibfocus>
          <orientation>vertical</orientation>
          <showonepage>false</showonepage>
          <pulseonselect>yes</pulseonselect>
          <onleft>512</onleft>
          <onright>9000</onright>
        </control>
        <control type="label">
          <posx>840</posx>
          <posy>105</posy>
          <height>13</height>
          <width>400</width>
          <font>Font_Bold20</font>
          <textcolor>white2</textcolor>
          <shadowcolor>black</shadowcolor>
          <scroll>true</scroll>
          <label>[UPPERCASE]$INFO[ListItem.Label][/UPPERCASE]</label>
        </control>
        <control type="group">
          <visible>!Container.Content(movies)+!Container.Content(tvshows)+!Container.Content(seasons)+!Container.Content(episodes)+!Container.Content(albums)+!Container.Content(songs)+!Container.Content(artists)+!Container.Content(genres)+!Container.Content(years)+!Container.Content(files)+![Window.IsActive(1)+Substring(Container.FolderPath,advanced.launcher)]</visible>
          <control type="label">
            <posx>840</posx>
            <posy>135</posy>
            <height>13</height>
            <width>400</width>
            <font>Font_Info</font>
            <textcolor>abFFFFFF</textcolor>
            <shadowcolor>black</shadowcolor>
            <label>$LOCALIZE[24051]</label>
          </control>
          <control type="label">
            <posx>940</posx>
            <posy>135</posy>
            <height>13</height>
            <width>400</width>
            <font>Font_Info</font>
            <textcolor>white2</textcolor>
            <shadowcolor>black</shadowcolor>
            <label>$INFO[ListItem.Property(Addon.Version)]</label>
          </control>
          <control type="label">
            <posx>840</posx>
            <posy>155</posy>
            <height>13</height>
            <width>400</width>
            <font>Font_Info</font>
            <textcolor>abFFFFFF</textcolor>
            <shadowcolor>black</shadowcolor>
            <label>$LOCALIZE[21863]:</label>
          </control>
          <control type="label">
            <posx>940</posx>
            <posy>155</posy>
            <height>13</height>
            <width>400</width>
            <font>Font_Info</font>
            <textcolor>white2</textcolor>
            <shadowcolor>black</shadowcolor>
            <label>$INFO[ListItem.Property(Addon.Creator)]</label>
          </control>
          <control type="label">
            <posx>840</posx>
            <posy>175</posy>
            <height>13</height>
            <width>400</width>
            <font>Font_Info</font>
            <textcolor>abFFFFFF</textcolor>
            <shadowcolor>black</shadowcolor>
            <label>$LOCALIZE[126]:</label>
            <visible>Window.IsActive(addonbrowser)</visible>
          </control>
          <control type="label">
            <posx>940</posx>
            <posy>175</posy>
            <height>13</height>
            <width>400</width>
            <font>Font_Info</font>
            <textcolor>white2</textcolor>
            <shadowcolor>black</shadowcolor>
            <label>$INFO[ListItem.Property(Addon.Status)]</label>
            <visible>Window.IsActive(addonbrowser)</visible>
          </control>
          <control type="textbox">
            <posx>840</posx>
            <posy>205</posy>
            <width>350</width>
            <height>300</height>
            <font>Font_Info</font>
            <label fallback="312577">$INFO[ListItem.Property(Addon.Description)]</label>
            <textcolor>d0FFFFFF</textcolor>
            <shadowcolor>black</shadowcolor>
            <autoscroll delay="8000" time="2000" repeat="8000">Skin.HasSetting(AutoScroll)</autoscroll>
            <visible>!Player.HasVideo</visible>
            <animation effect="slide" tween="cubic" easing="inout" time="1300" start="0,0" end="0,-25" delay="1000" condition="!Window.IsActive(addonbrowser)">Conditional</animation>
          </control>
          <control type="textbox">
            <posx>840</posx>
            <posy>205</posy>
            <width>350</width>
            <height>210</height>
            <font>Font_Info</font>
            <label fallback="312577">$INFO[ListItem.Property(Addon.Description)]</label>
            <textcolor>d0FFFFFF</textcolor>
            <shadowcolor>black</shadowcolor>
            <autoscroll delay="8000" time="2000" repeat="8000">Skin.HasSetting(AutoScroll)</autoscroll>
            <visible>Player.HasVideo</visible>
            <animation effect="slide" tween="cubic" easing="inout" time="1300" start="0,0" end="0,-25" delay="1000" condition="!Window.IsActive(addonbrowser)">Conditional</animation>
          </control>
        </control>
        <control type="group">
          <visible>Container.Content(albums)</visible>
          <control type="label">
            <posx>840</posx>
            <posy>135</posy>
            <height>13</height>
            <width>400</width>
            <font>Font_OSDSeek2</font>
            <textcolor>d0FFFFFF</textcolor>
            <shadowcolor>black</shadowcolor>
            <label>$INFO[ListItem.Artist]</label>
          </control>
          <control type="label">
            <posx>840</posx>
            <posy>160</posy>
            <height>13</height>
            <width>400</width>
            <font>Font_Reg18</font>
            <textcolor>grey</textcolor>
            <shadowcolor>black</shadowcolor>
            <label>$INFO[ListItem.Genre]</label>
          </control>
          <control type="textbox">
            <posx>840</posx>
            <posy>192</posy>
            <width>350</width>
            <height>397</height>
            <font>Font_Info</font>
            <label fallback="312577">$INFO[ListItem.Property(Album_Description)]</label>
            <textcolor>d0FFFFFF</textcolor>
            <shadowcolor>black</shadowcolor>
            <autoscroll delay="8000" time="2000" repeat="8000">Skin.HasSetting(AutoScroll)</autoscroll>
            <visible>!IsEmpty(ListItem.Album)+!Player.HasVideo</visible>
          </control>
          <control type="textbox">
            <posx>840</posx>
            <posy>192</posy>
            <width>350</width>
            <height>210</height>
            <font>Font_Info</font>
            <label fallback="312577">$INFO[ListItem.Property(Album_Description)]</label>
            <textcolor>d0FFFFFF</textcolor>
            <shadowcolor>black</shadowcolor>
            <autoscroll delay="8000" time="2000" repeat="8000">Skin.HasSetting(AutoScroll)</autoscroll>
            <visible>!IsEmpty(ListItem.Album)+Player.HasVideo</visible>
          </control>
          <control type="image">
            <posx>840</posx>
            <posy>603</posy>
            <include>Animation_CommonFade</include>
            <width>90</width>
            <height>59</height>
            <colordiffuse>floor</colordiffuse>
            <fadetime>IconCrossfadeTime2</fadetime>
            <texture>$INFO[ListItem.StarRating,flags/music/rating/]</texture>
            <visible>!IsEmpty(ListItem.Rating)</visible>
          </control>
          <control type="image" id="5093">
            <include>Animation_CommonFade</include>
            <posx>970</posx>
            <posy>603</posy>
            <width>90</width>
            <height>59</height>
            <colordiffuse>floor</colordiffuse>
            <visible>Container.Content(Albums) | Container.Content(Songs)</visible>
            <texture>flags/music/year/year.png</texture>
            <visible>!IsEmpty(ListItem.Year)</visible>
          </control>
          <control type="label">
            <include>Animation_CommonFade</include>
            <posx>970</posx>
            <posy>619</posy>
            <width>90</width>
            <height>59</height>
            <font>Font_Reg21</font>
            <textcolor>dcFFFFFF</textcolor>
            <align>center</align>
            <colordiffuse>floor</colordiffuse>
            <visible>Container.Content(Albums) | Container.Content(Songs)</visible>
            <visible>!IsEmpty(ListItem.Year)</visible>
            <label>$INFO[ListItem.Year]</label>
            <fadetime>250</fadetime>
          </control>
          <control type="image" id="5094">
            <posx>1090</posx>
            <posy>603</posy>
            <width>90</width>
            <height>59</height>
            <colordiffuse>floor</colordiffuse>
            <visible>Container.Content(Albums) + !IsEmpty(ListItem.Property(Album_Label))</visible>
            <texture fallback="flags/source/defaultsource.png">$INFO[ListItem.Property(Album_Label),flags/music/recordlabel/,.png]</texture>
            <fadetime>250</fadetime>
          </control>
        </control>
        <control type="group">
          <visible>Container.Content(artists)</visible>
          <control type="label">
            <posx>840</posx>
            <posy>135</posy>
            <height>13</height>
            <width>400</width>
            <font>Font_Info</font>
            <textcolor>abFFFFFF</textcolor>
            <shadowcolor>black</shadowcolor>
            <scroll>true</scroll>
            <label>$INFO[ListItem.Property(Artist_Born)]</label>
          </control>
          <control type="label">
            <posx>840</posx>
            <posy>135</posy>
            <height>13</height>
            <width>400</width>
            <font>Font_Info</font>
            <textcolor>abFFFFFF</textcolor>
            <shadowcolor>black</shadowcolor>
            <scroll>true</scroll>
            <label>$INFO[ListItem.Property(Artist_Formed)]</label>
          </control>
          <control type="label">
            <posx>840</posx>
            <posy>160</posy>
            <height>13</height>
            <width>400</width>
            <font>Font_Info</font>
            <textcolor>abFFFFFF</textcolor>
            <shadowcolor>black</shadowcolor>
            <scroll>true</scroll>
            <label>$INFO[ListItem.Property(Artist_YearsActive)]</label>
          </control>
          <control type="textbox">
            <posx>840</posx>
            <posy>187</posy>
            <width>350</width>
            <height>472</height>
            <font>Font_Info</font>
            <label fallback="312577">$INFO[ListItem.Property(Artist_Description)]</label>
            <textcolor>d0FFFFFF</textcolor>
            <shadowcolor>black</shadowcolor>
            <autoscroll delay="8000" time="2000" repeat="8000">Skin.HasSetting(AutoScroll)</autoscroll>
            <visible>!IsEmpty(ListItem.Artist)+!Player.HasVideo</visible>
          </control>
          <control type="textbox">
            <posx>840</posx>
            <posy>187</posy>
            <width>350</width>
            <height>228</height>
            <font>Font_Info</font>
            <label fallback="312577">$INFO[ListItem.Property(Artist_Description)]</label>
            <textcolor>d0FFFFFF</textcolor>
            <shadowcolor>black</shadowcolor>
            <autoscroll delay="8000" time="2000" repeat="8000">Skin.HasSetting(AutoScroll)</autoscroll>
            <visible>!IsEmpty(ListItem.Artist)+Player.HasVideo</visible>
          </control>
        </control>
        <control type="group">
          <visible>Container.Content(movies)|Container.Content(tvshows)|Container.Content(episodes)|[Window.IsActive(1)+Substring(Container.FolderPath,advanced.launcher)]</visible>
          <control type="label">
            <posx>840</posx>
            <posy>135</posy>
            <height>13</height>
            <width>400</width>
            <font>Font_Info</font>
            <textcolor>abFFFFFF</textcolor>
            <shadowcolor>black</shadowcolor>
            <scroll>true</scroll>
            <label>$INFO[ListItem.Genre]</label>
          </control>
          <control type="label">
            <posx>840</posx>
            <posy>160</posy>
            <height>13</height>
            <width>400</width>
            <font>Font_Info</font>
            <textcolor>abFFFFFF</textcolor>
            <shadowcolor>black</shadowcolor>
            <scroll>true</scroll>
            <label>$LOCALIZE[31156] $INFO[ListItem.Director]</label>
            <visible>!IsEmpty(ListItem.Director)+[Container.Content(movies)|Container.Content(episodes)]</visible>
            <animation effect="slide" start="0,0" end="0,-25" reversible="true" condition="Container.Content(episodes)">Conditional</animation>
          </control>
          <control type="label">
            <posx>840</posx>
            <posy>160</posy>
            <height>13</height>
            <width>400</width>
            <font>Font_Info</font>
            <textcolor>abFFFFFF</textcolor>
            <shadowcolor>black</shadowcolor>
            <scroll>true</scroll>
            <label>$INFO[ListItem.Studio] • $INFO[ListItem.Premiered]</label>
            <visible>!IsEmpty(ListItem.Studio)+!IsEmpty(ListItem.Premiered)+[Window.IsActive(1)+Substring(Container.FolderPath,advanced.launcher)]</visible>
            <animation effect="slide" start="0,0" end="0,-25" reversible="true" condition="Container.Content(episodes)">Conditional</animation>
          </control>
          <control type="label">
            <posx>840</posx>
            <posy>160</posy>
            <height>13</height>
            <width>400</width>
            <font>Font_Info</font>
            <textcolor>abFFFFFF</textcolor>
            <shadowcolor>black</shadowcolor>
            <scroll>true</scroll>
            <label>$LOCALIZE[31157] $INFO[ListItem.Writer]</label>
            <visible>!IsEmpty(ListItem.Writer)+Container.Content(episodes)</visible>
          </control>
          <control type="label">
            <posx>840</posx>
            <posy>160</posy>
            <height>13</height>
            <width>400</width>
            <font>Font_Info</font>
            <textcolor>abFFFFFF</textcolor>
            <shadowcolor>black</shadowcolor>
            <scroll>true</scroll>
            <label>$INFO[ListItem.Label2] [LOWERCASE]($LOCALIZE[16101]:  $INFO[ListItem.Property(UnWatchedEpisodes)])[/LOWERCASE]</label>
            <visible>!IsEmpty(ListItem.Title)+Container.Content(tvshows)</visible>
          </control>
          <control type="label">
            <posx>840</posx>
            <posy>185</posy>
            <height>13</height>
            <width>400</width>
            <font>Font_Info</font>
            <textcolor>abFFFFFF</textcolor>
            <shadowcolor>black</shadowcolor>
            <label>$INFO[ListItem.Premiered] • $INFO[ListItem.RatingAndVotes]</label>
            <visible>!IsEmpty(ListItem.Title)+Container.Content(tvshows)</visible>
          </control>
          <control type="label">
            <posx>840</posx>
            <posy>185</posy>
            <height>13</height>
            <width>400</width>
            <font>Font_Info</font>
            <textcolor>abFFFFFF</textcolor>
            <shadowcolor>black</shadowcolor>
            <label>$INFO[ListItem.Year] • $INFO[ListItem.Duration] $LOCALIZE[12391] • $INFO[ListItem.RatingAndVotes] • #$INFO[ListItem.Top250]</label>
            <visible>!IsEmpty(ListItem.Year)+!IsEmpty(ListItem.Duration)+!IsEmpty(ListItem.RatingAndVotes)+Container.Content(movies)+!IsEmpty(ListItem.Top250)</visible>
          </control>
          <control type="label">
            <posx>840</posx>
            <posy>185</posy>
            <height>13</height>
            <width>400</width>
            <font>Font_Info</font>
            <textcolor>abFFFFFF</textcolor>
            <shadowcolor>black</shadowcolor>
            <label>$INFO[ListItem.Year] • $INFO[ListItem.Duration] $LOCALIZE[12391] • $INFO[ListItem.RatingAndVotes]</label>
            <visible>!IsEmpty(ListItem.Year)+!IsEmpty(ListItem.Duration)+Container.Content(movies)+IsEmpty(ListItem.Top250)+!IsEmpty(ListItem.RatingAndVotes)</visible>
          </control>
          <control type="label">
            <posx>840</posx>
            <posy>185</posy>
            <height>13</height>
            <width>400</width>
            <font>Font_Info</font>
            <textcolor>abFFFFFF</textcolor>
            <shadowcolor>black</shadowcolor>
            <label>$INFO[ListItem.Year] • $INFO[ListItem.Duration] $LOCALIZE[12391]</label>
            <visible>!IsEmpty(ListItem.Year)+!IsEmpty(ListItem.Duration)+Container.Content(movies)+IsEmpty(ListItem.Top250)+IsEmpty(ListItem.RatingAndVotes)</visible>
          </control>
          <control type="label">
            <posx>840</posx>
            <posy>185</posy>
            <height>13</height>
            <width>400</width>
            <font>Font_Info</font>
            <textcolor>abFFFFFF</textcolor>
            <shadowcolor>black</shadowcolor>
            <label>$INFO[ListItem.Premiered] • $INFO[ListItem.Duration] $LOCALIZE[12391] • $INFO[ListItem.RatingAndVotes]</label>
            <visible>!IsEmpty(ListItem.Premiered)+!IsEmpty(ListItem.Duration)+!IsEmpty(ListItem.RatingAndVotes)+Container.Content(episodes)</visible>
          </control>
          <control type="label">
            <posx>840</posx>
            <posy>185</posy>
            <height>13</height>
            <width>400</width>
            <font>Font_Info</font>
            <textcolor>abFFFFFF</textcolor>
            <shadowcolor>black</shadowcolor>
            <label>$INFO[ListItem.Premiered] • $INFO[ListItem.Duration] $LOCALIZE[12391]</label>
            <visible>!IsEmpty(ListItem.Premiered)+!IsEmpty(ListItem.Duration)+IsEmpty(ListItem.RatingAndVotes)+Container.Content(episodes)</visible>
          </control>
          <control type="textbox">
            <posx>840</posx>
            <posy>212</posy>
            <width>350</width>
            <height>208</height>
            <font>Font_Info</font>
            <label fallback="312577">$INFO[ListItem.Plot]</label>
            <textcolor>d0FFFFFF</textcolor>
            <shadowcolor>black</shadowcolor>
            <autoscroll delay="8000" time="2000" repeat="8000">Skin.HasSetting(AutoScroll)</autoscroll>
            <visible>!IsEmpty(ListItem.Title)</visible>
          </control>
        </control>
        <control type="group">
          <posx>800</posx>
          <posy>-35</posy>
          <include>Animation_OpenCloseZoom</include>
          <include>Animation_CommonFade</include>
          <control type="image">
            <description>gradient</description>
            <posx>20</posx>
            <posy>456</posy>
            <width>420</width>
            <height>245</height>
            <texture>home/nowplaying/OverlayDialogBackground.png</texture>
            <visible>Player.Hasvideo|Container.Content(movies)|Container.Content(tvshows)|Container.Content(episodes)</visible>
          </control>
          <control type="image">
            <posx>35</posx>
            <posy>471</posy>
            <width>390</width>
            <height>215</height>
            <fadetime>IconCrossfadeTime</fadetime>
            <aspectratio scalediffuse="false">scale</aspectratio>
            <texture background="true">$INFO[Listitem.Property(Fanart_Image)]</texture>
            <visible>Container.Content(movies)|Container.Content(tvshows)|Container.Content(episodes)</visible>
          </control>
          <control type="image">
            <posx>35</posx>
            <posy>471</posy>
            <width>390</width>
            <height>215</height>
            <texture>common/black.png</texture>
            <visible>Player.Hasvideo</visible>
          </control>
          <control type="videowindow">
            <posx>35</posx>
            <posy>471</posy>
            <width>390</width>
            <height>215</height>
            <visible>Player.Hasvideo</visible>
          </control>
        </control>
      </control>
    </control>
  </include>
</includes>