<?xml version="1.0"?>
<window type="dialog" id="1115">
  <defaultcontrol always="true">451</defaultcontrol>
  <include>Animation_DialogZoom</include>
  <controls>
    <control type="button" id="451">
      <description>Run Favourites script</description>
      <posx>-20</posx>
      <posy>-20</posy>
      <width>1</width>
      <height>1</height>
      <label>-</label>
      <font>-</font>
      <texturenofocus>-</texturenofocus>
      <texturefocus>-</texturefocus>
      <onfocus>RunScript(script.favourites,playlists=play)</onfocus>
      <onfocus>SetFocus(450)</onfocus>
    </control>
    <control type="image">
      <description>Panel</description>
      <posx>235</posx>
      <posy>40</posy>
      <width>846</width>
      <height>481</height>
      <texture>osd/osd_settings_back.png</texture>
    </control>
   
    <control type="label">
      <description>Favourites Label</description>
      <posx>280</posx>
      <posy>55</posy>
      <width>721</width>
      <height>40</height>
      <align>center</align>
      <aligny>center</aligny>
      <textcolor>white</textcolor>
      <shadowcolor>black</shadowcolor>
      <label>1036</label>
      <font>Font_Bold28</font>
    </control>
    <control type="list" id="450">
      <posx>250</posx>
      <posy>95</posy>
      <width>781</width>
      <height>405</height>
      <onleft>450</onleft>
      <onright>450</onright>
      <onup>450</onup>
      <ondown>450</ondown>
      <pagecontrol>-</pagecontrol>
      <scrolltime>0</scrolltime>
      <itemlayout height="40">
       
        <control type="label">
          <posx>30</posx>
          <posy>0</posy>
          <width>721</width>
          <height>40</height>
          <textcolor>FF929191</textcolor>
          <selectedcolor>9b3cd2fd</selectedcolor>
          <aligny>center</aligny>
          <font>Font_Reg16</font>
          <info>ListItem.Label</info>
        </control>
      </itemlayout>
      <focusedlayout height="40">
        <control type="image">
          <posx>0</posx>
          <posy>0</posy>
          <width>781</width>
          <height>40</height>
          <texture>settings/listselect.png</texture>
        </control>
        <control type="label">
          <posx>30</posx>
          <posy>0</posy>
          <width>721</width>
          <height>40</height>
          <textcolor>FFFFFFFF</textcolor>
          <selectedcolor>9b3cd2fd</selectedcolor>
          <aligny>center</aligny>
          <font>Font_Reg16</font>
          <info>ListItem.Label</info>
        </control>
      </focusedlayout>
      <content>
        <item id="1">
          <label>$INFO[Window(0).Property(favourite.1.name)]</label>
          <onclick>Skin.SetString($INFO[Skin.String(HomeMenuFavourite_Path)],$INFO[Window(0).Property(favourite.1.path)])</onclick>
          <onclick>Dialog.Close(1115)</onclick>
          <visible>!IsEmpty(Window(0).Property(favourite.1.name))</visible>
        </item>
        <item id="2">
          <label>$INFO[Window(0).Property(favourite.2.name)]</label>
          <onclick>Skin.SetString($INFO[Skin.String(HomeMenuFavourite_Path)],$INFO[Window(0).Property(favourite.2.path)])</onclick>
          <onclick>Dialog.Close(1115)</onclick>
          <visible>!IsEmpty(Window(0).Property(favourite.2.name))</visible>
        </item>
        <item id="3">
          <label>$INFO[Window(0).Property(favourite.3.name)]</label>
          <onclick>Skin.SetString($INFO[Skin.String(HomeMenuFavourite_Path)],$INFO[Window(0).Property(favourite.3.path)])</onclick>
          <onclick>Dialog.Close(1115)</onclick>
          <visible>!IsEmpty(Window(0).Property(favourite.3.name))</visible>
        </item>
        <item id="4">
          <label>$INFO[Window(0).Property(favourite.4.name)]</label>
          <onclick>Skin.SetString($INFO[Skin.String(HomeMenuFavourite_Path)],$INFO[Window(0).Property(favourite.4.path)])</onclick>
          <onclick>Dialog.Close(1115)</onclick>
          <visible>!IsEmpty(Window(0).Property(favourite.4.name))</visible>
        </item>
        <item id="5">
          <label>$INFO[Window(0).Property(favourite.5.name)]</label>
          <onclick>Skin.SetString($INFO[Skin.String(HomeMenuFavourite_Path)],$INFO[Window(0).Property(favourite.5.path)])</onclick>
          <onclick>Dialog.Close(1115)</onclick>
          <visible>!IsEmpty(Window(0).Property(favourite.5.name))</visible>
        </item>
        <item id="6">
          <label>$INFO[Window(0).Property(favourite.6.name)]</label>
          <onclick>Skin.SetString($INFO[Skin.String(HomeMenuFavourite_Path)],$INFO[Window(0).Property(favourite.6.path)])</onclick>
          <onclick>Dialog.Close(1115)</onclick>
          <visible>!IsEmpty(Window(0).Property(favourite.6.name))</visible>
        </item>
        <item id="7">
          <label>$INFO[Window(0).Property(favourite.7.name)]</label>
          <onclick>Skin.SetString($INFO[Skin.String(HomeMenuFavourite_Path)],$INFO[Window(0).Property(favourite.7.path)])</onclick>
          <onclick>Dialog.Close(1115)</onclick>
          <visible>!IsEmpty(Window(0).Property(favourite.7.name))</visible>
        </item>
        <item id="8">
          <label>$INFO[Window(0).Property(favourite.8.name)]</label>
          <onclick>Skin.SetString($INFO[Skin.String(HomeMenuFavourite_Path)],$INFO[Window(0).Property(favourite.8.path)])</onclick>
          <onclick>Dialog.Close(1115)</onclick>
          <visible>!IsEmpty(Window(0).Property(favourite.8.name))</visible>
        </item>
        <item id="9">
          <label>$INFO[Window(0).Property(favourite.9.name)]</label>
          <onclick>Skin.SetString($INFO[Skin.String(HomeMenuFavourite_Path)],$INFO[Window(0).Property(favourite.9.path)])</onclick>
          <onclick>Dialog.Close(1115)</onclick>
          <visible>!IsEmpty(Window(0).Property(favourite.9.name))</visible>
        </item>
        <item id="10">
          <label>$INFO[Window(0).Property(favourite.10.name)]</label>
          <onclick>Skin.SetString($INFO[Skin.String(HomeMenuFavourite_Path)],$INFO[Window(0).Property(favourite.10.path)])</onclick>
          <onclick>Dialog.Close(1115)</onclick>
          <visible>!IsEmpty(Window(0).Property(favourite.10.name))</visible>
        </item>
        <item id="11">
          <label>$INFO[Window(0).Property(favourite.11.name)]</label>
          <onclick>Skin.SetString($INFO[Skin.String(HomeMenuFavourite_Path)],$INFO[Window(0).Property(favourite.11.path)])</onclick>
          <onclick>Dialog.Close(1115)</onclick>
          <visible>!IsEmpty(Window(0).Property(favourite.11.name))</visible>
        </item>
        <item id="12">
          <label>$INFO[Window(0).Property(favourite.12.name)]</label>
          <onclick>Skin.SetString($INFO[Skin.String(HomeMenuFavourite_Path)],$INFO[Window(0).Property(favourite.12.path)])</onclick>
          <onclick>Dialog.Close(1115)</onclick>
          <visible>!IsEmpty(Window(0).Property(favourite.12.name))</visible>
        </item>
        <item id="13">
          <label>$INFO[Window(0).Property(favourite.13.name)]</label>
          <onclick>Skin.SetString($INFO[Skin.String(HomeMenuFavourite_Path)],$INFO[Window(0).Property(favourite.13.path)])</onclick>
          <onclick>Dialog.Close(1115)</onclick>
          <visible>!IsEmpty(Window(0).Property(favourite.13.name))</visible>
        </item>
        <item id="14">
          <label>$INFO[Window(0).Property(favourite.14.name)]</label>
          <onclick>Skin.SetString($INFO[Skin.String(HomeMenuFavourite_Path)],$INFO[Window(0).Property(favourite.14.path)])</onclick>
          <onclick>Dialog.Close(1115)</onclick>
          <visible>!IsEmpty(Window(0).Property(favourite.14.name))</visible>
        </item>
        <item id="15">
          <label>$INFO[Window(0).Property(favourite.15.name)]</label>
          <onclick>Skin.SetString($INFO[Skin.String(HomeMenuFavourite_Path)],$INFO[Window(0).Property(favourite.15.path)])</onclick>
          <onclick>Dialog.Close(1115)</onclick>
          <visible>!IsEmpty(Window(0).Property(favourite.15.name))</visible>
        </item>
        <item id="16">
          <label>$INFO[Window(0).Property(favourite.16.name)]</label>
          <onclick>Skin.SetString($INFO[Skin.String(HomeMenuFavourite_Path)],$INFO[Window(0).Property(favourite.16.path)])</onclick>
          <onclick>Dialog.Close(1115)</onclick>
          <visible>!IsEmpty(Window(0).Property(favourite.16.name))</visible>
        </item>
        <item id="17">
          <label>$INFO[Window(0).Property(favourite.17.name)]</label>
          <onclick>Skin.SetString($INFO[Skin.String(HomeMenuFavourite_Path)],$INFO[Window(0).Property(favourite.17.path)])</onclick>
          <onclick>Dialog.Close(1115)</onclick>
          <visible>!IsEmpty(Window(0).Property(favourite.17.name))</visible>
        </item>
        <item id="18">
          <label>$INFO[Window(0).Property(favourite.18.name)]</label>
          <onclick>Skin.SetString($INFO[Skin.String(HomeMenuFavourite_Path)],$INFO[Window(0).Property(favourite.18.path)])</onclick>
          <onclick>Dialog.Close(1115)</onclick>
          <visible>!IsEmpty(Window(0).Property(favourite.18.name))</visible>
        </item>
        <item id="19">
          <label>$INFO[Window(0).Property(favourite.19.name)]</label>
          <onclick>Skin.SetString($INFO[Skin.String(HomeMenuFavourite_Path)],$INFO[Window(0).Property(favourite.19.path)])</onclick>
          <onclick>Dialog.Close(1115)</onclick>
          <visible>!IsEmpty(Window(0).Property(favourite.19.name))</visible>
        </item>
        <item id="20">
          <label>$INFO[Window(0).Property(favourite.20.name)]</label>
          <onclick>Skin.SetString($INFO[Skin.String(HomeMenuFavourite_Path)],$INFO[Window(0).Property(favourite.20.path)])</onclick>
          <onclick>Dialog.Close(1115)</onclick>
          <visible>!IsEmpty(Window(0).Property(favourite.20.name))</visible>
        </item>
      </content>
    </control>
  </controls>
</window>
